1	101 Darwin
2	11 Scent
3	1-800-Tax-Help
4	21 BC (21ST Century Business Community)
5	24 Carrot Care
6	24 Carrot Healthcare
7	24 Carrot Seven
8	3D Me!
9	3Deem Inc.
10	3Deem Yourself
11	3Deeming
12	3Deeming Solutions
13	3Demon
14	3-DOM
15	59 Souls
16	59design
17	59e
18	60 Grit
19	60-Grit Metal Recyclers
20	69 Scoops
21	70 Umpa
22	A!
23	About Coffee
24	Absolute Coffee
25	Acacia Group
26	Acacia Saint
27	Acacian Spring
28	Accel
29	Accidency
30	Accountant Monte Cristo
31	Accruex
32	Accufarm
33	Accupharm
34	Accuprint
35	Accusage
36	AccuWaste
37	Ace Pet Styling
38	Acium
39	Aclima
40	Aclima Group
41	Acrodance
42	Acruex
43	Action Floss
44	Active Radio
45	Acumentor
46	Acusage
47	AcuVirt
48	Ad Caddy
49	Ad Nation
50	ADNETWORKING.COM
51	Adornica
52	Adrenal Lines
53	Adrenalize
54	ADscene
55	AdSlide.com
56	Advanced Aluminum Siding
57	Advanced Business Analysis
58	Adventure Camping
59	Adventure Capitalism
60	Adventure Merchandise
61	ADvise
62	Advocate Services
63	Aecium Finance
64	Aecium Health Center
65	AECIUM.COM
66	Aeora
67	Aesthetic Bug
68	Affluential Inc.
69	Affluential Specialty Stores
70	Affluex
71	Affordable Beauty
72	Afility
73	African Internet Solutions.
74	Afteria
75	Agiotage
76	Agoratribe
77	Agriox
78	Agtreo
79	Aimcore.com
80	Air 1
81	Air Bingo
82	Air Pool
83	Air Sick
84	Air Trust
85	Airborne Recreational Vehicles
86	AirForce
87	AirHead
88	Airplex
89	Airprint
90	Airsick Extremewear
91	AirSync
92	Airvoyance
93	Alazra
94	Alecyr
95	Alfalfa Forest
96	AlienParty.com
97	Alignment
98	Alively
99	All Apps
100	All As One
101	All Fours Collection Agency
102	All in the Family Planning
103	All in the Flambeau
104	All Indigo
105	All Join Hands
106	All Trends
107	All Welcome
108	Alloys R Us
109	AllXOR
110	AllYear
111	Aloud, LTD
112	Alpha Moyle
113	AlternaSport
114	Altraeon
115	AluMAX
116	Alumetal
117	Alumicell
118	Alumiform
119	Alumina
120	Aluminal
121	AlumiNation
122	Alumineer
123	Alumineering
124	Alumiplode
125	Alumiscape
126	Alumisheer
127	Alumistruct
128	Alumisys
129	Alumitech
130	Alumivac
131	Alumix
132	Amal Cellular
133	Amal Digital
134	Amalga Motors
135	Amalgamation Systems
136	Amalgamatrix
137	AMERICAHOMEFINDER.COM
138	American Daydreams
139	American Gobi
140	American Pie Charts
141	American Whey
142	AMNU.com
143	Amphiby Inn
144	Ampitup!
145	Ample Amour
146	Amptech
147	Amril
148	Amtap
149	Amtas
150	AMYCE – Adult Mentoring for Youth Careers and Education
151	Amygdala Pond
152	Anacho
153	Anarco
154	Anavenetro
155	Ancestor Dreamtime
156	Andershun
157	Andershunned
158	ANDNEW.COM
159	Andryx
160	Andy Brand
161	Animal Barberia
162	Animal Pharm
163	Animalia
164	Anivet
165	Anixang
166	Ann and Rex’s Dance Studio
167	Ann n Rex’s
168	anneXOR
169	ANNXOR
170	Anocha
171	Antiki’s
172	AntiMoney.com
173	Antipode.com
174	Apex
175	Apexia
176	Apextri
177	Apparel Barrel
178	Appear to Appear
179	Apple Cheeks
180	Apple Core Advertising
181	Apple Tree Advertising
182	Applica
183	Applidec
184	Applideck
185	Applied Gravity
186	Applied Perfection
187	Applied Planet
188	Appy Planet
189	AptDept.com
190	Aqua Radiant
191	Aquacine
192	Aquafire
193	Aquamate
194	AquaQleen
195	AquaRanger
196	Aquasseur
197	Aquasure
198	Aquazure
199	Aquoavo
200	Archers Away
201	Architax
202	Architectonics
203	Arctiq
204	Area Tech
205	ARGOSY.COM
206	Arketmay.com
207	Armchair Engineering
208	Aroma Borealis
209	Aroma Merchants
210	Art of Facts
211	Art Sphere
212	Arthur Andershun
213	ARTHUSTLER.COM
214	Artificial Logic
215	Artiq
216	ArtisTree
217	Arts Daily
218	ARTV – Artistic Recreational Television
219	Artworlds
220	Ascelpius Design
221	Asimiline
222	Ask Jesus
223	AspectDev.com
224	Ass Texas
225	Assist Inc.
226	Assistia
227	Assistix
228	Assitia
229	Assurity
230	AstroCoffee
231	Atgen
232	Atlas Marine Recyling
233	ATMBOT.com
234	ATMBox.com
235	ATMCam.com
236	Atomic Coffee
237	Atomic Conch
238	Atomic Donut
239	Atomic Endtables
240	Atomic Muse Productions
241	Atomica
242	AtYourCo
243	Auction Heroes
244	Auction Logic
245	Audio Farm
246	Audio Fusion
247	Audio Lounge
248	Audio Poison
249	Audiovinyl
250	Aurora Boring Alice Productions
251	Austech
252	Austex
253	Autoconsole
254	Autograte
255	AutoMain
256	Automon
257	Avalanche Design
258	Avenetro
259	Avit
260	Awaywegolf
261	Azo Matrix
262	AzoFlux
263	AzoMetric(x,s)
264	AZZU.com
265	Babel Builders
266	Baby Bloomers
267	Back Attack Chiropractors
268	Back Off!
269	Back to the Future
270	Back View
271	BackSpasm.com
272	BaconGrease.com
273	Bagel Train
274	Bait’n Chase
275	Balancing Action
276	Ball Lightning
277	Ballet Society
278	Balmy’s Tranquil Tank
279	Balooba
280	Baluba
281	Bamboo Gnu
282	Bamboolong
283	Bang’aBone
284	BANKOBJECT.COM
285	Bar Flyz
286	Barclub.com
287	Barkarama
288	Barrell Of Monkeys Bookkeeping Services
289	BarTelevision
290	Base Camp Protective Gear
291	BassLines
292	BCNOW (Business Commerce Now)
293	Bead2Bead.com
294	Beadazzled
295	BeadWay
296	Beadzza
297	Bean Counters Accounting
298	Bean Parade
299	BeanThere
300	BEANWEEVIL.COM
301	BearJuJu.com
302	BearMojo.com
303	bEarth
304	Beat On The Path
305	Beauty Bargains
306	Beauty Call
307	Beauty Calls
308	Beauty Depot
309	Beauty For Less
310	Beauty General
311	Beauty Outpost
312	BeautyStretch
313	Because It’s There Protectivewear
314	Bedder
315	Bedding Down
316	Bedlam
317	Bee Salt
318	Bee Salt Productions
319	BEEFUP.COM
320	Beeptel.com
321	BeerHead.com
322	Beet Poetry
323	Beet Poets
324	Before Breakfast
325	Beige and Briney
326	Bella Outdoors
327	Benephisto
328	BENIFITOFTHEDOUBT.COM
329	Bennie’s Fishery
330	Bent Steel and Smelter
331	BerkeleyShops.com
332	Best Friends Grooming Service
333	Best Properties
334	Besto
335	Better Fish
336	Beyond Bedding
337	Beyond Cool Limo
338	Beyond Time
339	BeyondMarket.com
340	BEYONDNET.NET
341	BEYONDNETWORK.COM
342	BeyondSleep
343	Bezal
344	Bicol
345	BiffPaste.com
346	Biflex
347	Big Apple Advertising…The Core to Success
348	Big Apple Collections
349	Big Bottom Beefworks
350	Big Brother and the Holding Company
351	BigChief
352	BigCookie
353	Bigflo.com
354	BigKolor
355	BigRaveScreenSave
356	BIGREFUND.COM
357	BigSkool
358	BIGSPENDERS.COM
359	BIGSTORAGE.COM
360	BigTent
361	BigTent Insurance
362	BigWay
363	Bike Along
364	Bike Flyers
365	Bikelo Cyclo
366	Billmed
367	Biohab
368	Biolive
369	Biomatic Furniture
370	Bionic Coffee Distributors
371	Bionic Designs
372	Biospan
373	Biotica
374	Bird Casting
375	Bisba
376	Bitches Brew Kennel
377	Bite Size Advertising
378	Bitendrex
379	Bitrex
380	Bittor
381	Bivouac and Buttress
382	BizCentric
383	BizLogix
384	Bizmatic
385	BizSweeper
386	BizTech
387	BizTropolis
388	Black Hat Dusters
389	BlackXOR
390	Blanet
391	BlastOff SAT Prep
392	Bleeko
393	Bleendot
394	BlindFire.com
395	Blindlaw Express Graphics
396	BLIP.COM
397	Blister Burger
398	Blizzard Relations
399	Bloodynose Theater
400	Blue Horizon
401	Bluegrain
402	Blueplosion.com
403	BlueTangent.com
404	BlueTears.com
405	BlueTier.com
406	Bluetronic.com
407	BlueXOR
408	Bluplanet
409	Blurrybus
410	Boa Construction
411	Body Expressions
412	Bodyflower
413	BodyJob
414	BodyStretch
415	Boilcat
416	Boilhead Braids for Fades
417	Boilicon
418	Boink
419	Bolax
420	Bolinas Oil
421	BOOGIEFLEX.COM
422	Book Bound
423	Book Keepers
424	Books Minder
425	Bookswatch
426	BoomerGrlz Yoga
427	Borderlands Coffee
428	BoredChairman.com
429	Bostonic
430	Botea Bliss
431	Bountiful Organics
432	Bouquet of Beauty
433	Bovine Acres
434	Bovis
435	Brain Brand
436	Brainchild Publicity
437	Brainclip
438	BrainPan.com
439	BrainPump.com
440	BrainPun.com
441	Brainquil
442	BrainWire
443	Bran Dandy
444	Brand Dandy
445	Brand Eleven
446	Brand Royalty
447	Brand Wagon
448	Brass Tactics
449	Brave Sheep Acres
450	Bravo Body
451	Breathe Easy Backs
452	Brewed Attitude
453	BrewPushers
454	Brewsome Tuscon
455	Brigadier Marketing
456	Brigadier Coaches
457	Brigadier Coffee
458	Brigadier Waste
459	Bring it!
460	Bristo
461	Broad and Cough Man
462	Broadway Imperative
463	Broncomania
464	Brood Coffee
465	Brothel Brothers
466	brother e
467	Brunchilli
468	Brush n Flush
469	Brushes Animal Boutique
470	Brutish Airlines
471	Bubbleonia
472	Buddha Computha
473	Buddha Pets
474	Bug Eyes
475	Bug Magazine
476	Bugmall.com
477	Bugmo.com
478	BugSack
479	Bugsall
480	BugSkool
481	BugSock
482	Building Blocks
483	Builtwith Steel
484	Bull Runnings
485	BullChute
486	BullGrease.com
487	BullGristle.com
488	Bulljuice
489	BullJuJu.com
490	BullMojo.com
491	Bullrun Rodeo
492	BullRunning.com
493	Bullzone
494	Bunga
495	BungeeHead.com
496	Burl Whirl
497	Burning Sand
498	Burnt Offerings
499	Burried Out Back Farm
500	Business Card Shark
501	BusinessBro
502	BUSINESSCENTER.COM
503	BusinessNewsDaily.com
504	BusSing
505	Busta Movin’ Company
506	Butter, Grace and Gamble
507	BUYRENTLEASE.COM
508	Buzz Farm
509	Buzz Kilt
510	Buzz Machine
511	Buzz Matrix
512	Buzz Skill
513	Buzzicity!
514	Buzzmaker
515	Buzzmakers
516	Buzzness
517	Buzzopia
518	Buzzplosion
519	BuzzPublic
520	BuzzSaw Publicity
521	Buzzworks
522	Bygone Farm
523	Bytrex
524	Cabaña Keepers
525	Cablam
526	CabNow!
527	Cabo Cabaña
528	CactiCoffee
529	Caffeine Cellular
530	Caffeine Delivery Mechanisms
531	Caffeine Devices LTD
532	Caffeine Distinction
533	Calcu
534	Calcula
535	CALIFORNIAEXPORTS.COM
536	Caligra.com
537	Call it Green
538	Call Street
539	Callflex
540	Calling All Cargo
541	CallOfMe.com
542	CallOfTheMarket.com
543	CalmTouch.com
544	Calray.com
545	Camp Scratch’n Sniff
546	Campxotica
547	Can Do Coffee Distributors
548	Canadafab Steel
549	Canadian Metal Madness
550	Canandian Smeltery
551	Candecor
552	Candelarium
553	Candide Consulting
554	Candy Ask
555	Canine Camp
556	Canopoly
557	CanvArt
558	Cap Ten
559	Capitol Care
560	Capscreen
561	Captain Bamboo
562	Captain May I
563	Captain Zip
564	CaptiVite
565	Caramel Knowledge
566	Card Blanche
567	Carden of Eden
568	Card-e-ology
569	CardioTechs: The Pros that keep the Beat!
570	Care Corp
571	Career Cast
572	Career Motives
573	Careful Hairful
574	Careful Organics
575	CareWare
576	Carmel Knowledge
577	Carnal Coffee
578	Carnival Coffee
579	Carnival Knowledge
580	Carolina Discount
581	Carolina’s Secret
582	Cartomatrix
583	Cascadence
584	CASHCLUBS.COM
585	CashDown.com
586	Cashrate.com
587	Cashrates.com
588	Casinoville, Inc.
589	Castle Minders
590	Castleware
591	Castlewatchers
592	Catalina Coffee Distributors
593	Catchatoona
594	Category Five
595	Cat’s Away
596	Cat’s Eye Technologies
597	Cats-n-Sniff Pet Grooming
598	Caxt
599	CC Leathers
600	Cedward
601	Celestial Waltz
602	CellRay
603	Cellular Coffee
604	Cemention
605	Censortium
606	CentEd.com
607	Center Crest
608	CENTERHEALTH.COM
609	Centerolgy
610	Centice
611	CentLab.com
612	Central Asset Recovery Services
613	Centrecore.com
614	Centree
615	Centregy
616	Centregy Partners
617	Centrexin
618	Centric City
619	Centric Spinal
620	Centricity
621	CentricSource
622	CentriSource
623	Cents & Scentsabilities
624	Centuria
625	Ceprene
626	Certified Accounting Solutions
627	Chalk and Stars
628	ChalkLine
629	ChalkTalk
630	Champion Collections
631	Chancellor Limousine Services
632	Chancellor Travel
633	Chap and Spur
634	Chariots of the Gods Limousine
635	Charting the Courts
636	Chaucer’s Farm
637	Chauncey Dog
638	Cheap Beauty
639	Check the Turn Productions
640	Checks In the Mail Accounting Services
641	CheekyGeeky
642	CheeseQuest
643	Cheetah Chat
644	ChefsDaily.com
645	Cherry Asphalt
646	Chez Kicks
647	Chez Moi
648	Chez Naïveté
649	Chez Too
650	Chicago Windworks
651	Children of the Sun
652	Chillium
653	ChinatownHouse.com
654	Chiro Mio
655	Chiropolis
656	Chiropractic Sojourn
657	Chiropractically Speaking
658	Chiropractots
659	ChitterChatter
660	ChoiceMenus – dinner of choice is only a click away!
661	Chop Chop
662	Chorizon
663	Christian Cuisine
664	Chrononaut
665	Chute Crazy
666	Chute First
667	Chute Rapids
668	Cinaster
669	Cincyr
670	Cinesanct
671	Cinesanctum
672	Cipromox
673	Circomspect
674	Circuitship
675	Circulate Yoga
676	Circum
677	CircusRodeo
678	Cirque Cystems
679	City of Fish
680	Class Wire
681	ClassWire
682	Classy Collars
683	Clean Claws and Paws
684	Clean Fun
685	Clean Grooves
686	Clean Music
687	Clean Vibes
688	Clem Clogs
689	Click Fix
690	ClickADollar.com
691	CLICKOUTLET.COM
692	ClientWorld.com
693	CliffJumpers.com
694	Clip and Snip Pet Center
695	Clones R Us
696	ClopBat.com
697	Closet Palace
698	Cloud K9
699	Club Dog
700	Club Media
701	Coash
702	Cobalt Lightening
703	Cock-A-Doodle-Doo
704	Cocoa Clasp
705	Codact
706	Codax
707	Coffee 2U
708	Coffee Assumption
709	Coffee Authority
710	Coffee Bang
711	Coffee Beacon
712	Coffee Bin
713	Coffee Blink
714	Coffee Cat
715	Coffee Cells
716	Coffee Chute
717	Coffee Cobbler
718	Coffee Coffee Coffee
719	Coffee Command
720	Coffee Concierge
721	Coffee Connection
722	Coffee Cons
723	Coffee Consortium
724	Coffee Corporal
725	Coffee Corral
726	Coffee Couriers
727	Coffee Court
728	Coffee Dispatch
729	Coffee Dominion
730	Coffee Dreamtime
731	Coffee Drop
732	Coffee Exultation
733	Coffee Farm
734	Coffee Fate
735	Coffee Feathers
736	Coffee Flight
737	Coffee Flood
738	Coffee Galaxy
739	Coffee Gods
740	Coffee Guild
741	Coffee High
742	Coffee Hours
743	Coffee Insight
744	Coffee Irrigation
745	Coffee Jockies
746	Coffee Justice
747	Coffee King
748	Coffee Korner
749	Coffee Kraze
750	Coffee Lattice
751	Coffee Lodge
752	Coffee Matrix
753	Coffee Mirage
754	Coffee Mission
755	Coffee Muse
756	Coffee Nation
757	Coffee Network
758	Coffee Oasis
759	Coffee Panache
760	Coffee Patch
761	Coffee Patrol
762	Coffee Planet
763	Coffee Pushers
764	Coffee Q
765	Coffee Que
766	Coffee Ranch
767	Coffee Rodeo
768	Coffee ‘Round the Clock
769	Coffee RoundUp
770	Coffee Roustabout(s)
771	Coffee Singularity
772	Coffee Spiral
773	Coffee Squad
774	Coffee Supply Team
775	Coffee Tangents
776	Coffee Territory
777	Coffee Time
778	Coffee Transport Authority
779	Coffee Tribe
780	Coffee Trip
781	Coffee Troopers
782	Coffee Truck
783	Coffee Tsunami
784	Coffee Universe
785	Coffee Vibe
786	Coffee Vibes
787	Coffee Vibration
788	Coffee Warehouse
789	Coffee Watch
790	Coffee World
791	Coffee Zone
792	CoffeeAbout
793	Coffeebags
794	Coffeebility
795	CoffeeBrains
796	Coffeebration
797	CoffeeCollective
798	Coffeedustrial
799	Coffee-Go-Round
800	Coffeehabilitation
801	Coffeekind Distributors
802	Coffeelinquints
803	Coffeemedic
804	Coffeenetics
805	Coffeeplasti
806	Coffeeplosion
807	Coffeequarium
808	Coffeequator
809	Coffeerythmic
810	Coffee’s Ready!
811	Coffeescape
812	Coffeestorm
813	Coffeetomic
814	Coffeetronic
815	Coffeevenience
816	Coffeexchange
817	Coffeexperts
818	Coffeezona
819	Coffeteria
820	Coffeterium
821	Cofine
822	Cogentry
823	Cognicode
824	Coilcon.com
825	Colaire
826	Cold Comfort Metalworks
827	Cold Financial
828	Cold Rolled Steelworks
829	Cold Sweat Extreme Sports
830	Coldland Hotsteel
831	Coldsweat Players
832	Collaire
833	Collar Beautiful
834	Collection Al
835	Collection Spectrum
836	Collectrifuge
837	Color Expressions
838	Color Fest
839	Coloradical
840	ColorFab
841	ColorOptic
842	Columella
843	Comacozi Dental
844	Combogen
845	Combogene
846	Combot
847	Comcentric
848	Comcubine
849	Comcur
850	Comdom
851	Comfirm
852	Comform
853	Comfort Foods
854	Comglomerate
855	Comgress
856	Comgruity
857	Comgruous
858	COMHIT.COM
859	ComIT
860	Comjunction
861	Comkeep
862	Comline
863	Commercien
864	Commersheen
865	Commodoors
866	CommonScents
867	Comnect
868	Compencentric
869	Complete Meat
870	Composite Glass Systems
871	Compost
872	ComprehendIT
873	CompuBooth
874	CompuBus
875	Computercate
876	Computo
877	Comquer
878	Comquest
879	Comsequential
880	Comserve
881	Comshot
882	Comsort
883	Comsortium
884	Comstar
885	Comstruct
886	Comsultant
887	Comtent
888	Comtest
889	Comtext
890	Comtexture
891	Comtour
892	Comtours
893	Comtract
894	Comtrail
895	Comtrak
896	Comtrarian
897	Comtrek
898	Comvene
899	Comvention
900	Comverges
901	Comvex
902	Comvey
903	Comveyer
904	Comveyor
905	Comvoy
906	Conceive Now
907	Concert Communications
908	Concert Concierge
909	Concert Travel Services
910	Conciergency
911	Concility
912	Concordia Coffee
913	Concorsica
914	Concreations
915	Concrete Conceptuals
916	Condimantra
917	Condimentary
918	Confection Detection
919	Confection Direction
920	Conferia
921	Confirmity
922	Confirmity Collection Services
923	Confirmity Health
924	ConfluXOR
925	Confrenzia
926	Confrenzy
927	Conjurica
928	Connect Lockgistics
929	Conquer Consortium
930	Conquer Quest
931	ConsignHere.com
932	Consolidated Farm Research
933	ConSultan Consulting
934	Consumer Trendwatch
935	Contessa Casual
936	Contessa Tours
937	Continent 7
938	Continental Coffee
939	Contour Travel
940	Contrariety
941	Controlnow
942	Contrology
943	Cool Motion
944	Cool Torque
945	CoolJunk
946	Copytractors
947	Cordon Coffee
948	Corduroy Nation
949	Core Collections Agency
950	Core Insurance Company
951	Corecom
952	Corepan
953	Corfu Coffee Distributors
954	Coriander
955	Cormoran
956	Corncob and Lettucehead
957	Corporana
958	CorpServe
959	Corpulse
960	Corsica Coffee Distributors
961	Cosmetex
962	Cosmic Bug
963	Cosmic Fish
964	Cosmic Splendor
965	COSMICFISH.COM
966	Cosmicsystem.com
967	Cosmosis
968	Costume Base
969	Cotatti Mondavi
970	Count Conceptual
971	Counter Coutier
972	Course Works
973	Courting Proof
974	Courtside Exhibits
975	Courtside Graphics
976	Cows and Meows
977	Cowtown
978	coXOR
979	Crack a Rack Chiropractic
980	Crackerbox
981	Crackerbox Chiropractic
982	Crackerjack Chiropractors
983	Cracklebox
984	Crackpot Chiropractics
985	CranialTech
986	Crassabout
987	Creative Strokes
988	Credenza Engineering
989	Credit Mart
990	CreditNET
991	CreTech
992	Cricket Ticket
993	Critical Pig
994	Critical Point Wildlife Refuge
995	Crunch and Ready Chiropractics
996	Crustatia
997	C-Theory
998	Cthulhu Music
999	Cuban Coffee Distributors
1000	Cubicide
1001	Cubicle Custodial
1002	Cubicle Farmers
1003	Cubix
1004	Cuizine
1005	Cujo
1006	Cult Branding
1007	CUPID – Collars for Unique Pet IDentification
1008	Currency Net
1009	Custom Homecare
1010	CustomServe
1011	Cutnip.com
1012	Cut-Throat Jeans
1013	CYBERFILM.COM
1014	CyberJuJu.com
1015	CyberSlider
1016	Cyclodrone
1017	Cyclone Rodeo
1018	Cyclonica
1019	Cyclopunks
1020	Cynosurance
1021	Cytrak
1022	Cytrek
1023	Cytrex
1024	D. E. Light
1025	D.E. Lightful
1026	Dada Data
1027	Dadabase
1028	DadaSites
1029	DADDYSTORE.COM
1030	Daido
1031	Daily Plan-it
1032	DailyBug
1033	DailyJuJu.com
1034	DailyMojo
1035	Dairy Anne
1036	Daisu
1037	Daisy Couturier
1038	Daisy Cutlery
1039	Damsels in the Dress
1040	Dan, Dan, Dan…The Towing Man, Man, Man
1041	Dancacademy
1042	Dancalicious
1043	Dancallica
1044	Dance Contagion
1045	Dance Express
1046	Dance Fusion
1047	Dance Masters
1048	Dance Matters
1049	Dance of the Spheres
1050	Dance Society
1051	Dance Vibrations
1052	Dancellennium
1053	DanceMetal
1054	Dancerity
1055	Dancestepping
1056	DanceStretch
1057	Danceteria
1058	Dancetution
1059	Dancing Dreams
1060	Dancing Stars
1061	Dancity
1062	Dancy-matter
1063	Dandelion Greens
1064	Dandy Brand
1065	Danja
1066	Dano Books
1067	DAPITS – Direct Access Public Interface Terminal Systems
1068	Dare Care
1069	DartBoard
1070	Darwin 911
1071	Darwin Focal
1072	Darwin Media
1073	Darwinium
1074	Data Basement
1075	Data Basket
1076	Data Beta
1077	Data Breeze
1078	Data Dot
1079	Data Zate
1080	Datacator
1081	Datagen
1082	Datagene
1083	Day Paws
1084	Daycore
1085	Days n Daze
1086	PreXOR
1087	DecodeIT
1088	Decornation
1089	Decratex
1090	Dedicadence
1091	Deep Blue Scene
1092	Deep Blue See
1093	Deep C
1094	Deep South Expeditions
1095	Deepends
1096	DefineIT
1097	De-Lightful
1098	Delightful Extras
1099	Deliver Me
1100	Delivery Planet
1101	Delphide
1102	deLUX Travel Services
1103	deLUXserve
1104	Deminimum
1105	Dental Warehouse
1106	Dentrex
1107	DePort
1108	Desert Drips
1109	Design of the Times
1110	Destination Destin
1111	Destiny Coffee
1112	Devil Music
1113	Deviltoe
1114	Dexcore.com
1115	Dia-Gnosis
1116	Diagrammerian
1117	DialUp
1118	Diamond Sky
1119	Dig It!
1120	DigestIT
1121	DigiAce
1122	Digial
1123	Digifad
1124	DigiGate
1125	Digigen
1126	Digigene
1127	Diginetic
1128	Digiprint
1129	Digique
1130	Digirang
1131	Digiscribe
1132	Digital Planet
1133	Digital Push
1134	Digital Quarry
1135	Digitalgen
1136	Digitalgene
1137	Digitalus
1138	DigiToxic
1139	Digivision
1140	Dimension Real Estate
1141	Dino Diamonds
1142	Dipsea Marine Recycling
1143	Dipsea Survival Gear
1144	DIPSEA.COM
1145	directAcheck
1146	Dirt Flyers
1147	Dis Place
1148	Disasternet
1149	Disco City
1150	Discos Dancing
1151	DiskBay
1152	Display Technologies Inc.
1153	Displaytech
1154	Distinctive Pet Decorations
1155	Distracoffee
1156	DME Fasten
1157	DME Fastenations
1158	DOCK- Distributed Online Controlled Kiosks
1159	Doctor Coffee
1160	Doctor Doolittle’s Place
1161	Does the Woodchuck Chuck Productions
1162	Dog Country
1163	Dog Eat ! Dog World
1164	Dog Eat Dog Programming
1165	Dog Heaven
1166	Dog Pawsture
1167	Dog Planet
1168	Doggie Dreams
1169	Doggieverse
1170	Doggy Biscotti
1171	Doggy Due
1172	Doggynosis
1173	DogKandy
1174	Dognosis
1175	Dognost
1176	Dogs Do, Pet Groomin’
1177	DogSitters
1178	Dogspa
1179	Dogtown
1180	doIT
1181	Dollar Llama
1182	Dollarcare
1183	DollarWise
1184	DomainScape
1185	Donation Vault
1186	Donkey Logic
1187	Donut God
1188	Doorknobs and Drumsticks
1189	Dot Circus
1190	Dot Companion
1191	Dot Compass
1192	Dot Competent
1193	Dot Complex
1194	Dot Composite
1195	Dot Darcy
1196	Dot Dog
1197	Dot Donut
1198	Dot Dottie
1199	Dot Vision
1200	Dotchotomy
1201	DotCondom
1202	DotGear.com
1203	DotVasion.com
1204	Double Jump
1205	DoveSongs
1206	Down and Ducky
1207	Down Home Designs
1208	DownXOR
1209	Doze n Dream
1210	DR Service – Disatster Recovery Service
1211	DR. MIS – Direct Retail Marketing Information Systems
1212	Dr. Moody
1213	Dragbot
1214	Drain Age
1215	Dramatic Action
1216	Dreadlocksmiths
1217	Dream Mountain
1218	Dream Trotters
1219	DREAMHOLDER.COM
1220	DREAMHUT.COM
1221	Dreamia
1222	Dreamington
1223	DreamTown
1224	DreamWeb
1225	DreamWire.net
1226	DRIP – Disaster Recovery Implementation Program
1227	Drive Vibe
1228	Driveway Detailing
1229	DroneBot.com
1230	DroneBox.com
1231	DroneCam.com
1232	DroneMachine.com
1233	DroneMix.com
1234	DroneSound.com
1235	DroneWare.com
1236	Drug Design
1237	Dry Humor Cleaners
1238	Dry Ice Productions
1239	DubTribe.com
1240	Due West Productions
1241	Duflex
1242	Duoflex
1243	DustBusters
1244	Dye IT
1245	DyeKore
1246	DyeNamo
1247	DyeRite
1248	DyeTech
1249	Dymi
1250	Dynamic Current
1251	Dynamix Event Services
1252	Dyno
1253	E. Vixen
1254	e59
1255	e59design
1256	EACH – Educating And Connecting Humankind
1257	EAPER.com
1258	Earbang
1259	Earfest.com
1260	Eargo
1261	Earth Kit
1262	Earth Matrix
1263	Earth to Earth
1264	EarthBug
1265	Earthglobe.com
1266	EARTHHELP.COM
1267	Earthmark
1268	EarthMatrix Systems
1269	Earthologic(s)
1270	Earthology
1271	Earthplex
1272	Earthpure
1273	Earthpure Farms
1274	Earth’s Salad
1275	Earthscope
1276	EARTHSHUTTLE.ORG
1277	Earthstack
1278	Earthwax
1279	Earwax
1280	Easy Rider Leathers
1281	EASYCAB.COM
1282	EatMe Records
1283	eBaste
1284	Ebay Anonymous
1285	E-BEAT.COM
1286	Ebidco
1287	EBIT Dada
1288	eBlique.com
1289	eBlur Adventure Interface
1290	eBlurb
1291	eBola
1292	eBrother(s)
1293	eButter
1294	eCage
1295	eCate.com
1296	Echelon Branding
1297	eCLIPs
1298	Eclipsent
1299	Eclipto
1300	eCOLI
1301	Ecolight
1302	eCOMMIES.COM
1303	EconomicTheory.com
1304	eCOOLEYE
1305	EcoSpeed
1306	EcoSport.com
1307	Ecosys
1308	eCourt
1309	Ecrater
1310	Ecratic
1311	Ecraze
1312	Ecstasia
1313	Edecine
1314	Edge, Inc.
1315	Edgewise Publicity
1316	Edible Garden
1317	EdWeb
1318	eekGeek
1319	e-Formation
1320	eGeek
1321	eGravity.com
1322	Egypto
1323	Eightpoint Consulting
1324	EitherXOR
1325	eKeg
1326	eLand
1327	eLava
1328	Elder Support Network
1329	Elderssori
1330	Electonic
1331	Electrafield
1332	Electrifused
1333	Electro Techno
1334	Electroasis
1335	Electrolance
1336	Electronic Corner
1337	Elemantra
1338	Elentrix
1339	Elephant Walk
1340	Eleventh Hour Events Planning
1341	Elita
1342	Elpro
1343	eLyria
1344	eLyrical
1345	eMantis
1346	eMarq.com
1347	eMerge
1348	Emergent
1349	eMiracle
1350	eMODE
1351	Emoltra
1352	eMotion Center
1353	Emperor’s R Us
1354	Empire’s R Us
1355	Empirica
1356	Emtrac
1357	Emtrac.com
1358	Emtrak
1359	eNail
1360	eNails
1361	Enaut
1362	ENAUT.COM
1363	Enchanted Florist
1364	enCycle
1365	Endicil
1366	Endipin
1367	Endipine
1368	EnerChi
1369	Enerforce
1370	Energize Stretching
1371	Energy Wize
1372	Enersave
1373	Enersol
1374	Enersourse
1375	Enervate
1376	Engineered Living Spaces
1377	ENGLI.com
1378	Engraved Forever
1379	Enigma on Rye
1380	Enjola
1381	Enomen
1382	Enormo
1383	Enquility
1384	Enrondezvous
1385	ENSPA.com
1386	Entality
1387	Enterpride
1388	Enterprise Fighter
1389	Entertecture
1390	Enthaze
1391	Entogrok
1392	Entroflex
1393	Entropix
1394	Envire
1395	EnviroMed
1396	ePERVE.COM
1397	Epidermacology
1398	Epidermawear
1399	Eplode
1400	ePLODE.COM
1401	Eplosion
1402	EqualSize.com
1403	Equicom
1404	Equitable Investments
1405	Equitax
1406	Equitox
1407	eRAD.COM
1408	eRADAR.COM
1409	ERAST.com
1410	Ergo Partners
1411	Ergonologic
1412	Ergonomic Envisioning
1413	eRodeo
1414	Ersum
1415	Escenta
1416	Eschoir
1417	eSecure
1418	eSeed
1419	Esperanto Interactive
1420	eSport
1421	Essensia
1422	ESSON.com
1423	Estate Fair
1424	Estate of Affairs
1425	eSTING.COM
1426	eStink.com
1427	Estranger.com
1428	eSurity
1429	eTarious
1430	Eternis
1431	eTOWN.COM
1432	eTract
1433	eTRAIL.COM
1434	eTriage
1435	eTROVE
1436	eTurn
1437	eTurnIt
1438	Euron
1439	E-Vac
1440	Evening Stars
1441	Event Savvy
1442	Event You All
1443	Eventage
1444	Eventex
1445	Eventing the Wheel
1446	Eventix
1447	Eventual Connections
1448	Eventual Designs
1449	Eventual Solutions
1450	Ever Rest
1451	Ever4
1452	Everest
1453	EverFour
1454	eVERT!
1455	EverThere
1456	EVERYONES.COM
1457	Eve’s Eyelet
1458	EviDance
1459	Evidence Everywhere
1460	Zoid
1461	Evidence Exographics
1462	Evidence Expressographics
1463	Evidence Matters
1464	Evidends
1465	Evidentiary Express
1466	Evidentiary Materials
1467	Evirons.com
1468	eWagering, Inc.
1469	Ewaves
1470	eWedge.com
1471	Eweville
1472	Excelleprint
1473	Exceptional Visual Refabrication
1474	Exerta
1475	Exhibit A
1476	Exhibit E
1477	Exhibit Enlightenment
1478	Exhibit Epiphany
1479	Exhibit Graphics
1480	Exhibit Logistics
1481	Exhibit Proof
1482	Exhibit Pudding
1483	Exiand
1484	Exit Matter
1485	Exo2000
1486	ExoArchitect.com
1487	ExoAuction.com
1488	exoBike
1489	ExoBillion.com
1490	ExoBiotic.com
1491	ExoBirth.com
1492	ExoBiz
1493	ExoBlast.com
1494	Exoblue
1495	ExoBody.com
1496	ExoBook.com
1497	ExoBoom
1498	ExoBusiness
1499	ExoBuzz.com
1500	ExoCapital
1501	ExoCash.com
1502	ExoChance.com
1503	ExoChange.com
1504	ExoCharm.com
1505	ExoChart
1506	ExoChem
1507	ExoChemical
1508	ExoClass.com
1509	ExoClimate.com
1510	ExoCoffee.com
1511	ExoComm
1512	ExoCommerce
1513	ExoContent.com
1514	ExoCreative
1515	ExoCredit.com
1516	ExoCulture.com
1517	ExoDaily.com
1518	Exodoc
1519	ExoDoctor.com
1520	ExoDRAG
1521	ExoDream
1522	ExoDreams.com
1523	ExoDrug.com
1524	ExoFeeling.com
1525	ExoFever.com
1526	ExoFilm.com
1527	ExoFilms.com
1528	ExoFinance
1529	ExoFortune.com
1530	ExoFuel
1531	exoFund
1532	ExoFusion
1533	ExoFuture.com
1534	ExoGallery
1535	ExoGame
1536	Exogasm.com
1537	ExoGeneration
1538	ExoGraph
1539	ExoGrocery.com
1540	Exoherd.com
1541	ExoHydro.com
1542	ExoInternet.com
1543	ExoJob.com
1544	ExoJones.com
1545	ExoKnow.com
1546	ExoKnowledge.com
1547	ExoLanguage.com
1548	ExoLaundry.com
1549	ExoLaw.com
1550	ExoLawyer.com
1551	ExoLogical.com
1552	ExoLogix
1553	ExoLove
1554	ExoMadness
1555	ExoMatrix
1556	ExoMedical.com
1557	ExoMetal
1558	ExoMetric
1559	ExoMillion.com
1560	ExoMind
1561	ExoMoment.com
1562	ExoMoney.com
1563	ExoMonk
1564	ExoMorp
1565	ExoMovie.com
1566	ExoMovies.com
1567	ExoMuseum.com
1568	ExoName.com
1569	ExoNation.com
1570	ExoNeo.com
1571	ExoNew
1572	ExoNews
1573	ExoNo
1574	ExoNoise.com
1575	ExoNorm
1576	ExoNormal.com
1577	ExoNowhere.com
1578	ExoNuclear.com
1579	ExoNucleus.com
1580	ExoPac
1581	ExoPanic
1582	ExoParticle.com
1583	ExoPast.com
1584	ExoPeople
1585	ExoPet.com
1586	ExoPlace.com
1587	ExoPlanet
1588	Exoplanet Matrix
1589	Exoplode
1590	ExoPodunk.com
1591	ExoPolitical.com
1592	ExoPolitics.com
1593	ExoPortal.com
1594	ExoPower.com
1595	ExoPress
1596	ExoPrison.com
1597	ExoPsych.com
1598	ExoPsychic
1599	ExoPsychics.com
1600	ExoRace
1601	ExoReality
1602	ExoReceiver.com
1603	ExoRocket
1604	exoRodeo
1605	ExoSchool
1606	ExoScientific.com
1607	ExoSell.com
1608	ExoSheep.com
1609	ExoShop.com
1610	ExoShops.com
1611	ExoSignal.com
1612	Exosis
1613	ExoSlang.com
1614	ExoSmart
1615	ExoSoul
1616	ExoSound.com
1617	Exospace
1618	Exospeed
1619	ExoSpirit
1620	ExoStock.com
1621	ExoStore.com
1622	ExoStores.com
1623	ExoStorm.com
1624	Exostream
1625	ExoStreet.com
1626	ExoSuburb.com
1627	ExoSuburban.com
1628	Exosurance
1629	Exoswitch
1630	ExoSympton.com
1631	Exotainment
1632	Exotainment Inc.
1633	ExoTalent.com
1634	ExoTeam.com
1635	Exotechno
1636	ExoTechnology.com
1637	ExoTelephone.com
1638	Exoteric
1639	ExoTheorem.com
1640	ExoTheories.com
1641	ExoTheory.com
1642	ExoThought.com
1643	Exotic Performance
1644	ExoTime.com
1645	ExoTrans.com
1646	ExoTransmitter.com
1647	ExoTransport.com
1648	ExoTrek
1649	ExoTrillion.com
1650	Exotronic.com
1651	ExoUrban.com
1652	Exovent
1653	ExoVillage.com
1654	ExoWaste.com
1655	ExoWisdom.com
1656	ExoWord.com
1657	exoXOR
1658	ExoZen.com
1659	Exozent
1660	ExoZine.com
1661	Experience International
1662	Experience Matrix Systems
1663	Experienced Goods
1664	Exposa
1665	Express Exhibits
1666	Expressions Institute
1667	Expresso Paints
1668	Extensigen
1669	Extensigene
1670	Extragen
1671	Extragene
1672	ExtraSoft
1673	Extrawear
1674	ExtraXOR
1675	Extreme C
1676	Extreme Sports Battlezones
1677	Extremerce
1678	Extremo
1679	Extro
1680	Exuberanch
1681	Eye Handy
1682	Eyeball Delivery
1683	EyeLydia
1684	Eyeris
1685	EyesClosed
1686	Eyewax
1687	EZ Coffee Distributors
1688	EZBUILD.COM
1689	Ezent
1690	Ezentia
1691	F8.ORG
1692	FabriTech
1693	Face and Salvage
1694	Face Masters
1695	Face Value Photo
1696	Fall Tours
1697	Fancy Parts Pet Grooming
1698	Fanfare
1699	Fangold
1700	Fantasy Buyland
1701	Fantasy Farms
1702	Far Away Feast
1703	Far Horizons
1704	Far Horizons Test Prep
1705	Farm Dot Cow
1706	Farm Farm
1707	Farm Fresh
1708	Farmage
1709	Farmex
1710	Fashion Hound
1711	Fast and Furry Us
1712	Fast Proof
1713	FastHook
1714	FastMenus
1715	Fat Cat Coaches
1716	Fat Cats Limo
1717	FatJet
1718	Faux Certain
1719	Fear Cut
1720	Feast West
1721	Feast West Fusion
1722	Feather Lace
1723	Featherbaby
1724	Federal Preserve
1725	Feed the Goats
1726	Feng Shui Biosystems
1727	Fertile Eyes
1728	Fertility Outsourcing
1729	Fertility Resource Network
1730	FeverBlister.com
1731	FiberLax
1732	Fiberox
1733	Fibrodyne
1734	Fido Farm
1735	Fido’s Fun Farm
1736	Figure Lean
1737	File Ranger
1738	Film at Eleven
1739	Filodyne
1740	Final Farms
1741	FinancialJuJu.com
1742	FinancialMojo.com
1743	FINDOLA.COM
1744	Fine Kettles
1745	Finishing Village
1746	Fire Cracker Chiropractor
1747	Fire Waldo
1748	Firebrand 500
1749	Firefly Friends Children’s Fund
1750	Firelight Forge
1751	Firewax
1752	First Book Accounting
1753	First Class
1754	FirstSwap.com
1755	FisCali
1756	Fishland
1757	Fitcore
1758	Five Bubbies
1759	Fixtures Unlimited
1760	FlashMix.com
1761	FlashPrint
1762	FLEAM.COM
1763	Fleas and Biscuits
1764	Fleetmix
1765	Flexigen
1766	Flexuosity.com
1767	FlickRap.com
1768	Flip Out
1769	Flo Pac
1770	Flop Star
1771	Flotonic
1772	Fluff and Stuff Animal Groomers
1773	Fluidform Academy
1774	Flum
1775	Flumbo
1776	Flyboyz
1777	FlyButter
1778	FlyHigh Tutorial
1779	Flying Carpetry
1780	Flying Edge
1781	Flying Gravity
1782	Flying High Dance
1783	Flying Mountain
1784	Flying Pig Farm
1785	FlyingFog
1786	FlyingRodeo
1787	Fodder Finder Inc.
1788	Fog Blog
1789	Folio Systems
1790	Font Memories
1791	FontFun
1792	Food Chain Gang
1793	Food Prompt
1794	FoodBug
1795	FoodBuggy
1796	Football Girl
1797	For Sail
1798	Fork 3D
1799	Fork IT
1800	Fortean
1801	Fortholders Homewatch
1802	Fossiel
1803	Four Paws
1804	Four Walls
1805	Four Walls and a Ceiling
1806	Four-Footed Beauty Boutique
1807	Fractality
1808	Fragrance Factory
1809	Frais Gourmet
1810	Franscene
1811	Freakin
1812	Freakin Industries
1813	Freakin’ Out
1814	Freakin’ Planet
1815	Freakin World
1816	Freakin Zone
1817	FREAKIN.COM
1818	FreakinAlley.com
1819	FreakinArts.com
1820	FreakinDigital.com
1821	FreakinMix.com
1822	Free Ranger
1823	FreeTime
1824	FreeTrick.com
1825	FreezeBurn
1826	Freezer Burn Industries
1827	Freezerburn Outergear
1828	French Poodle
1829	FreneticMarket.com
1830	Frenex
1831	Frequents E
1832	Fresh Vinyl
1833	Fresh Waste
1834	FreshFun
1835	Friendly Farm
1836	Fringe Factory
1837	FrogMail
1838	Frolix
1839	Frosnex
1840	FroZEN
1841	Fuelton
1842	Fuelworks
1843	Full Cwm
1844	Fun Form
1845	FundingButt.com
1846	Funk Junk
1847	FunkyClips
1848	FunPair.com
1849	Furnafix
1850	Furnichorizo
1851	Furnigeer
1852	Furnitech
1853	Furniturity
1854	Furry Friends Beauty Bar
1855	Furry Masses
1856	Furryfashioners
1857	Fusic Music
1858	Futura Digital
1859	Future Cat
1860	Future Finder
1861	Future Foods
1862	Future Furniture
1863	Future Glass
1864	Future Habitat
1865	Future Matrix
1866	Future Phonic
1867	Future Rodeo
1868	Future Technology
1869	Future This!
1870	Futurelizer
1871	Futurematic
1872	FutureMind
1873	FuturePast
1874	FutureSecure
1875	Futuresurance
1876	Futuresure
1877	Futuris
1878	Futurity
1879	Futurize
1880	G2 Invest
1881	G2 Partners
1882	G2-También
1883	GAAPtek
1884	GAAR.com
1885	Gadtron
1886	GagaKita
1887	GalaKala
1888	Gallaxia
1889	Gaptec
1890	Gas Shack
1891	GasKan
1892	Gazak
1893	GD Peanut Brittle
1894	GeekBug
1895	Geeketron
1896	Geeketronic
1897	Geekfactory
1898	Geekfarm
1899	Geekko
1900	Geekmachine
1901	Geekmobile
1902	Geekmosis
1903	Geeknet
1904	Geek-O
1905	Geekol
1906	Geekola
1907	Geekology
1908	Geekosis
1909	GeekReport
1910	GeekSeek
1911	GeekSoft
1912	GeekStorm
1913	Geekular
1914	Geekus
1915	Geekwagon
1916	Geeky
1917	Gekkologic
1918	Gelatosphere
1919	Gelity.com
1920	Gems for Jesus
1921	Genekom
1922	Generation e
1923	GeneSink
1924	Genesynk
1925	Genmex
1926	Genmom
1927	Genmy
1928	GenSink
1929	Gentle Bends
1930	Gentle Dental
1931	Geocentrix
1932	GeoDash
1933	Geofarm
1934	GeoFirma
1935	Geoform
1936	Geoforma
1937	Geologix
1938	GeoQuest
1939	Geostele
1940	Get it There!
1941	Get My Jet Productions
1942	Get The Word Out
1943	Get Ya Green Leafies
1944	GETGO.COM
1945	GEWIZ – Genetic Engineering Wizards
1946	Ghost Voices
1947	Giant Path
1948	Giant Rodeo
1949	Gift Horses
1950	Gig Digit
1951	Gigikokomo
1952	GimpyKoli
1953	Ginger Snapping
1954	Gink
1955	Ginkle
1956	Ginkogene
1957	Girl Pool
1958	GIS Matrix
1959	gKonda
1960	Glacial Pace Metalurgy
1961	Glass Eye
1962	GLASSBUG.COM
1963	Glassomatic
1964	Glasstep
1965	GLEAM.COM
1966	Gleamink
1967	Gliding Lights Children’s Fund
1968	Global Matrix
1969	Global Worming
1970	GLOBALNETWORK.COM
1971	GLOBO (Global Business Opportunities)
1972	Globo Matrix
1973	globo SAT
1974	Globo Sphere
1975	Globoil
1976	GLOCO (Global Commerce Network)
1977	Glow Wonder
1978	GlueKoze
1979	Gluid
1980	Gluk(k)
1981	Glukgluk
1982	Gnu Grounds
1983	GnuKnack
1984	Go Flux!
1985	Go Market
1986	GO Port
1987	Go Retail
1988	GoalKeeper
1989	Goat Food
1990	God Loves The Rich Limousine Service
1991	Godspeed Legal Graphics
1992	Godzilla Incorporated
1993	Godzilla Pharmaceutical
1994	Godzilla Pizza
1995	Goger.com
1996	GogoKimono
1997	Gogol
1998	GOGOL.COM
1999	GoingSkating
2000	GojubaKolo
2001	Goko
2002	Gold Diggers Medical Billing
2003	Goldilox and Bagels
2004	GoldKruger
2005	Golistic
2006	GollyKeen
2007	Gology
2008	GoloKobi
2009	GoluKibo
2010	Gonkle
2011	Good Nurture
2012	Goose Nonline
2013	Gorganic
2014	Zoinage
2015	GorillaTwenty
2016	GoshKeen
2017	GoTee
2018	gotIT
2019	Gr8 Buys
2020	Gr8 Fun
2021	Gr8 Gifts
2022	Gr8 Sex
2023	GR8BUY.COM
2024	GR8ESCAPES.COM
2025	GRACE – Global Renewal And Community Entrepreneurship
2026	Grace’s Garage
2027	Gracker
2028	GradKids
2029	Grainspot
2030	Grainspotting
2031	Grand Scale
2032	Grand Sire Pet Services
2033	Granite Planet
2034	Graphic Appeal
2035	Graphic Evidence
2036	Graphic Man
2037	graphica59
2038	Great Blanket
2039	Great Escape Vids
2040	GREATGUYS.COM
2041	GreatKoach
2042	GreatSkates
2043	greatXpectations
2044	GreedKreme
2045	Greeker
2046	Green Exit
2047	Green Love Farm
2048	Greenclick
2049	Greenclicks
2050	GreenGo
2051	GreenKids
2052	GreenSash.com
2053	Greenskates
2054	Greensleeves Farm
2055	Green-T
2056	GreenXOR
2057	GRESH.com
2058	GRESTO.com
2059	Grip’n Tackle
2060	Grok
2061	Gronk
2062	Groomer Pile Pet Care
2063	Grooming for Scratch Pet Care
2064	Groove Master
2065	GrooveTek
2066	Ground Round Publishing
2067	Grounds Zero
2068	Growing Panes
2069	Grupoli
2070	GrupoNet
2071	Guerilla Soundscapes
2072	GuiltyKilts
2073	Gurly’s Pet Boutique
2074	Guru Cricket
2075	Gurucentric
2076	GuruKrew
2077	GuruKyak
2078	Gushkool
2079	Gynk
2080	Gynko
2081	Habitat Engineering
2082	Hair Apparent
2083	Hair Easy
2084	Hair Looms
2085	Hair Peace
2086	Hairport
2087	Hair-Two-Four
2088	Halap
2089	Halloween Dream Team
2090	Halloween Howl
2091	Halo Systems
2092	Haloed Grounds
2093	Ham Rodeo
2094	Hand Bag WhipLass
2095	Handshake
2096	Happy Acres
2097	Happy Chard
2098	Happy Clips
2099	Happy Feet Dance Academy
2100	Happy Hair
2101	Happy Hog Farm
2102	Harbin Jour
2103	Hard Ass Fitness
2104	Hard Bark Hotel
2105	Hardy Meal
2106	Harmoney
2107	Harmonic Bodies
2108	HARTEA.com
2109	Has-broken
2110	Hatha Ways
2111	Hatology
2112	Havend Industries
2113	Hawked.com
2114	Hawkster
2115	Head to Tail Pet Groomers
2116	Headbanger
2117	Headcheese Records
2118	Headcheese, LTD
2119	Health Movements
2120	Healthy Stance
2121	Hear 24
2122	Hearthen Designs
2123	Heat Waves
2124	HeaveHo
2125	Heaven Forbid
2126	HeavenlyHands
2127	Heavy Metal Manufacturing
2128	Heavy Pedal Motokross
2129	Heavy Smelting
2130	HedgeSignal.com
2131	Hegel’s Bagels
2132	Heir of the Dog
2133	Helixo
2134	Hell 2Pay
2135	Hello! It’s Coffee!
2136	Hellodrome
2137	HELLPIT.COM
2138	HelpingHand
2139	Help-U-Net
2140	Hemline of Fire
2141	Hemlines of Fire
2142	Herb Planet
2143	Herb Ruts
2144	HERD Research
2145	Here 24
2146	Here Boy Pet Grooming
2147	Here Comes the Judge Graphics
2148	Hi Media
2149	Hi Que
2150	High and Dry-Wall
2151	High Coffee
2152	High Cwm
2153	High Life, Inc.
2154	Higher Health Therapeutic Services
2155	HighTee
2156	Highway Cruise Lines
2157	Hinway
2158	Hiparts.com
2159	hipYouth
2160	Hivedom
2161	HiveMix.com
2162	Hog Heaven
2163	Hog Leather
2164	Hold the Ladder
2165	Holding Down the Fort Housesitting Sevice
2166	Hollow Log Farm
2167	Holy Support
2168	Home Area Network
2169	Home Collection
2170	Home Friend
2171	Home Gaurdians
2172	Home Minders
2173	Home Nanny
2174	Home Reliable
2175	Home Secure
2176	Home Surprise
2177	Home TLC
2178	Home Transformations
2179	Home Tutor Service
2180	HOMEBASICS.COM
2181	HomeLand
2182	Homelux
2183	Homeroom Cafe
2184	Hometown
2185	HomeWatcher
2186	HomeWorld
2187	Honotron
2188	Hoof and Heifer
2189	Hoof and Larder
2190	Hoot Spas
2191	Hopeli
2192	Horizon Unlimited
2193	Horrid Crab
2194	Horse of a Different Color
2195	Horse Sense
2196	HorseWorks
2197	Hot Belly Underground
2198	Hot Dogma
2199	Hot Geology!
2200	Hot Magma!
2201	Hot Vinyl
2202	HotBelly
2203	Hotcakes
2204	Hotrod Logic
2205	Hound Dog Heaven
2206	Hourglass Etching
2207	House Butlers
2208	House Ideals
2209	House of Hounds
2210	House of Parrots
2211	House Warmers
2212	Housedown
2213	HouseWorks
2214	Hoverwander
2215	Howlographics
2216	Hub and Spoke
2217	HUGS – Home Utilized Geriatric Services
2218	Human Expression Workshop
2219	Humerous Antidotes
2220	Hydraulica
2221	Hydrocom
2222	HydroGentle.com
2223	Hydrotrans
2224	HyperMagic
2225	Hyperzip.com
2226	Hyplex
2227	Hypographic
2228	Hypography
2229	Hypoxia Protective
2230	iBlurb
2231	iBOING.COM
2232	iBONK.COM
2233	iBOUNCE.COM
2234	iBOUND.COM
2235	iBox
2236	Icarus Not
2237	iCate.com
2238	Iceberg Steel
2239	iCLONE.COM
2240	Icology
2241	Icon Identity
2242	Iconometrics
2243	Iconoplastic
2244	iDada
2245	Idealis
2246	IdealReal.com
2247	Idego
2248	Ideographix.com
2249	IdeoSoft.com
2250	Ideoswitch
2251	Idetic Industries
2252	Idetic Solutions
2253	Idetica
2254	IDICode
2255	IdiMatch
2256	Idioplasm.com
2257	IdiTech
2258	Idle Werks
2259	iFLIP.COM
2260	iGeek
2261	Igniting Excellence
2262	iKeg
2263	iKNOWLEDGE.COM
2264	iLand
2265	Illumilife
2266	Illumity
2267	Illustria 59
2268	Image In Nation
2269	Imageflow
2270	Imaginart
2271	Imaginaturisms
2272	Imant
2273	Imkan
2274	Immunics
2275	Immunotrak
2276	iMODE.COM
2277	Imperium
2278	ImPetuous Collars
2279	Imprint Technologies
2280	In Good Health
2281	In Ovation
2282	In The Dirt
2283	In The Mail Collection Services
2284	Inbalance Ergonomic Engineering
2285	inBead
2286	InClass Online
2287	IncuBot
2288	Incubus
2289	Indexia
2290	Inear
2291	iNerve
2292	iNEW.COM
2293	inFire
2294	Info Seikh
2295	InfoDrill
2296	INFOJUNGLE.COM
2297	Information Plantation
2298	InfoSeed
2299	InfoTravels.com
2300	Infotrips
2301	Inharmonic.com
2302	inHeat
2303	Injoy
2304	Inkjob INC.
2305	iNorm
2306	iNORM.COM
2307	InPortal
2308	Inquala
2309	Inrt
2310	Insectus
2311	Inside Touch
2312	Insource
2313	Inspect a Miracle
2314	Inspire Securities
2315	InstantServe
2316	Institutional Coffee
2317	Insuresys
2318	Insurety
2319	Insurity
2320	Insuron
2321	INTELBID.COM
2322	Intelemarket
2323	Inteliroute
2324	Inteliswitch
2325	Intelitree
2326	Intellipharm
2327	Intelliprint
2328	Intellirights
2329	Intellitree
2330	InterBlurb
2331	InterBone
2332	InterCode
2333	Interfind
2334	Intergeek
2335	InterGoat Farm
2336	Interior Ambassador
2337	Interior Cyclone
2338	Interknack
2339	Interloo
2340	interLUST
2341	Intermarket Holdings
2342	InterMedia
2343	Internet Eternity
2344	Internet Rodeo
2345	Internet Stream
2346	Interodeo
2347	InterPotty
2348	InterpretIT
2349	InterSports
2350	INTERSTORM.COM
2351	Inter-Ventions
2352	InterXOR
2353	InTime Learning
2354	Intradisk
2355	Intraglobal Holdings
2356	IntraPlant
2357	Intrawear
2358	Intrepid Estates
2359	Intrepid Sludge
2360	Inventure
2361	Invested Interest
2362	InvestingMojo.com
2363	InvigorUs
2364	InXORstructures
2365	INzinc
2366	Iplax
2367	IQ-U
2368	Irack
2369	Iris Green
2370	iRodeo
2371	Iron Horace
2372	Isadora Duncan Donuts
2373	Isbol
2374	Isis
2375	iSlam
2376	ISLANDTOYS.COM
2377	isoBuzz
2378	Isodrive
2379	Isologia
2380	Isologica
2381	Isologics
2382	Isologix
2383	IsoMatrix
2384	IsoMonk
2385	Isonus
2386	Isoplex
2387	Isopop
2388	isoRodeo
2389	Isosphere
2390	Isospherix
2391	Isostream
2392	Isosure
2393	Isoswitch
2394	isoSystems
2395	Isoternia
2396	Isotrack
2397	IsoTrek
2398	Isotronic
2399	isoXOR
2400	iSTATION.COM
2401	iSTORM.COM
2402	IT Idego
2403	IT Impact
2404	IT Magma
2405	IT Planet
2406	ITeam
2407	I-Team
2408	iTROPIC.COM
2409	iTropolis.com
2410	It’s Pawsible!
2411	It’s The Economy, Inc.
2412	iVEND
2413	iZinc
2414	iZINC.COM
2415	Izzby
2416	JackPoint.com
2417	Jacks Or Better, Inc.
2418	Jalapeño Fire Waltz
2419	James Joyce Incorporated
2420	Jamnation
2421	Janga Java
2422	Jasper
2423	Javaddiction
2424	Jean Pool
2425	Jeans Us
2426	JellyEight
2427	Jesus Airwaves
2428	Jesus Jeans
2429	Jesus Waves
2430	Jetsam’s Club
2431	Jetsilk
2432	JetWide
2433	Jewels and Gem
2434	Jezebel’s Juice
2435	Jimbies
2436	Jitterbug Coffee Distributors
2437	Johnny Coffeebean
2438	Johnny D’s Furniture Farm
2439	JotBox
2440	Joviold
2441	Judgment Day Collection Agency
2442	Jug Lore
2443	Jules and Gems
2444	Jumpnastics
2445	Jumpstack
2446	Jungle Jewlery
2447	Junipoor
2448	Junk Sure
2449	Junkcrusher World
2450	Jupitor Place
2451	Just Add Coffee
2452	Just Encase
2453	JustGems.com
2454	JustGoAsk.com
2455	Justice Coffee
2456	Kage
2457	Kaggle
2458	Kale Forest
2459	Kaleido Cosmic Systems
2460	KanGas
2461	Kangle
2462	Karma Farm
2463	Karma Metrics
2464	Karma Suture
2465	Karmalogic
2466	Katakana
2467	Katzen Hounden Animal Grooming
2468	KCS Design
2469	KC’s Prime 59
2470	kcs59
2471	Keeg
2472	Keengen
2473	Kegular
2474	Kegularity
2475	Kenegy
2476	Kengen
2477	kentclark
2478	Key Eicher Mechanisms
2479	Key Fastening Mechanisms
2480	KeyPlay
2481	KICK- Knowledge and Information Control Kiosks
2482	KickandScream.com
2483	KidGrad
2484	Kidgrease
2485	Kidinstant.com
2486	Kidstock
2487	KidZone Chatterbox
2488	Kiggle
2489	KillGod
2490	Kindaloo
2491	Kinder Pans
2492	KinderZoo
2493	Kinethesia
2494	Kinetica
2495	Kineticcut
2496	KineticMarket.com
2497	Kineticut
2498	KinGene
2499	Kiosk
2500	Kiosk Systems
2501	KISS – Keep Internet Solutions Simple
2502	KISS-Kiosk Information Systems and Services
2503	Kitch Bitch
2504	Kitch Kids
2505	Kitchen Caboodle
2506	Kitsch Bitch
2507	Kitty Hawk Gyrocopters
2508	Klugger
2509	KnackGrip
2510	Kneeding Nirvana
2511	Kneedles
2512	Knit and Caboodle
2513	Know It All SAT Preparation Services
2514	Know Kidding
2515	Know Order
2516	Know Show
2517	Knowledge Direct
2518	Knowledge Factory
2519	Knowledge Farm
2520	Knowledge Guild
2521	Knowledge Kingdom
2522	Knowledge Monsters
2523	Knowledge Planet
2524	Knowledge Quest
2525	Knowledge World
2526	Knowlysis
2527	Koffee
2528	Koffee Kat
2529	Kog
2530	KollGanja
2531	KomGene
2532	Kongene
2533	Kongle
2534	Konnect
2535	Koogle
2536	KoolBug
2537	KoolGig(s)
2538	KoolGirl
2539	KoolGrrlz
2540	Kozgene
2541	Krag
2542	Kraggle
2543	KrillGreen
2544	Kriya Out
2545	Krog
2546	Kyagoro
2547	Kyaguru
2548	KyakGuru
2549	Kyoto Om
2550	La Bonne Terre
2551	Lab Along
2552	LadyWorks.com
2553	Lambs Ears
2554	Landmark Dental
2555	Landscape Artists
2556	LARGEFLAT.COM
2557	Laser Senses
2558	LastGoRound
2559	Latticenet
2560	Launch Money
2561	Lauralight
2562	Le Grand Pet Boutique
2563	Le Petit Chef
2564	LEAD – Leadership Education and Adult Direction
2565	Leaf and Stalk
2566	Leafblower’s Union
2567	Lean Into It
2568	Leap, Inc
2569	LearnAround
2570	Leather Magic
2571	Leathercross
2572	Leatherlust
2573	Leatherwheels
2574	Leekville Farms
2575	Legal Asset Recovery Agency
2576	Legal Asset Search and Recovery Services
2577	Legal Begal
2578	Legal Collections Agency
2579	Legal Recovery Agency of NY
2580	Legally Graphic
2581	LegCol
2582	Leo Advertising Network
2583	Leo International Advertising
2584	LessStress
2585	Letpro
2586	Lexicondo
2587	Liberty Coffee
2588	Liberty Collections
2589	Lickin’ Leathers
2590	Life Audit
2591	Life Caddy
2592	Life Source
2593	LifeDrops
2594	Lifeminders
2595	LifeWorks
2596	LightSpeed Loading
2597	Limage
2598	Limber Timber
2599	LimberUp
2600	LimboLimber
2601	Limbratics
2602	Limozen
2603	Lingerie Menagerie
2604	Lingoage
2605	Linotronic
2606	Lion Advertising
2607	LiquiBuzz
2608	Liquicom
2609	Liquid Capital
2610	Liquid Cup Distributors
2611	Liquid Cup Productions
2612	Liquid Health
2613	Liquid Motion
2614	Liquid Mountain
2615	Liquid Qleen
2616	Liquid Radiant
2617	Liquid Space
2618	Liquid Stampede
2619	Liquid Theatre
2620	Liquidoc
2621	LiquiSpace
2622	ListenUP
2623	Lithium Group
2624	Little Farm On the Prairie
2625	Little Shop of Ours
2626	Little Shop Of Salvage
2627	LittleBigRodeo
2628	Liturgical Surgical
2629	Live Lacquer
2630	Live Paint
2631	Livin’ In Rhythm
2632	Living Foods Farm
2633	Living Furniture
2634	Living Room Engineering
2635	Local Focal
2636	Local Globe
2637	Locazone
2638	Loco Motion
2639	LocoZone.com
2640	LongNights.com
2641	Loose Inc.
2642	Loot & Lather
2643	Lost Soles
2644	Lotron
2645	Loud Matrix
2646	Louise Jeans
2647	Lounging Bull
2648	LoveFuel
2649	LoveMusic
2650	Lovepad
2651	Low Rent Beauty
2652	LoyaltyOath.com
2653	LP Youth – Leadership Program for Youth
2654	L-Spot
2655	Lucky Farm
2656	Ludak
2657	Lumbrex
2658	Lunchpad
2659	Lunchpod
2660	LuxAssist
2661	Luxuria
2662	Luxury on Wheels
2663	Luxury Realm
2664	Lyria
2665	Lyrichord
2666	M2 Coaches
2667	M3 (for the Third Millennium)
2668	MA – Mallecular Activety
2669	Ma & Paws Kennel
2670	Macro Dance Academy
2671	Macromanage
2672	Macronaut
2673	Mad About Rodeo
2674	Mad Dash Media
2675	Mad Dash Publicity
2676	Mad Rush Publicity
2677	MadRush
2678	MadRush Media
2679	Magellanic Penguin
2680	Magic Pan
2681	MAGICPAN.COM
2682	Magma Pure
2683	Magma Radiant
2684	Magmina
2685	Magnafone
2686	Magnaphone
2687	Magneato
2688	Magnemo
2689	Magnetosphere
2690	Magnina
2691	Mailmicro.com
2692	MAILTALES.COM
2693	Main Line Plumbing
2694	Maine Bounty
2695	Maine Corner Farm
2696	Maine Greens
2697	Maine Larder
2698	Maine Line Organics
2699	Maine Main
2700	Maine Organics
2701	Maine Street Growers
2702	Maineland
2703	Maineland Organics
2704	Mainely Vegetables
2705	Mainland Coffee Distributors
2706	Mainly Organic
2707	Mainucopia
2708	Major Cool Extreme Sports
2709	Makingway
2710	Malathion
2711	Mall Content
2712	Mallard Air
2713	Mama’s Bug
2714	Man On The Mood
2715	Manager Man
2716	Mandible Station
2717	Mane Ingredients
2718	Mangelica
2719	Manglo
2720	MantraRantra.com
2721	Mantrix
2722	Mantro
2723	Manufact
2724	ManyZeros.com
2725	Marigold Properties
2726	Market de Sade
2727	Market Space
2728	Market Tang
2729	MarketAttack.com
2730	MarketBus.com
2731	MarketCalling.com
2732	MarketCut.com
2733	MarketDada.com
2734	MarketDNA.com
2735	MarketFeel.com
2736	Marketflux
2737	MarketFrenzy.com
2738	MarketGaga.com
2739	MarketGene.com
2740	MarketGronk.com
2741	MarketGrouse.com
2742	MarketHorizons.com
2743	MarketJuJu.com
2744	MarketMoves.com
2745	Marketoid
2746	Marketoid.com
2747	Marketonic
2748	Marketonic.com
2749	Marketosis
2750	MarketOutsider.com
2751	MarketPlasm.com
2752	MarketPlast.com
2753	MarketPlexy.com
2754	MarketSome.com
2755	MarketSpore.com
2756	Marketvoid.com
2757	Marmod.com
2758	Maroptic
2759	Marqet
2760	Marquee de Card
2761	Marquis de Saab
2762	Marquis de Software
2763	Marsupial Media
2764	Martgo
2765	Marvane
2766	Marzipan Media
2767	MasterProfit
2768	MATCHCAR.COM
2769	Matching Blue Socks
2770	Matching Socks Productions
2771	MATEFIND.COM
2772	MathMuse.com
2773	MathMusica.com
2774	Matrix Cartographics
2775	Matrix Experiential Geosystems
2776	Matrix Geoforma
2777	Matrix Geoforms
2778	Matrix Geographic Systems
2779	Matrix Geographics
2780	Matrix Geosystems
2781	Matrix Information Systems
2782	Matrixicom(m)
2783	Matrixicon
2784	Matrixience
2785	Matrixity
2786	Matter of Fast
2787	Mattermind
2788	Mauve Ho
2789	Mauve Lava
2790	Mauve Suave
2791	Maxemia
2792	Maximind
2793	Maximum Ergonimica
2794	Mazuda
2795	mCarbon.com
2796	Mean Business
2797	Mean Caffeine
2798	Measure Maid
2799	Medalert
2800	Medcom
2801	Medesign
2802	Media Booths
2803	Media Darwin
2804	Media Pet
2805	MediaLearn
2806	Mediantics
2807	Medicolonic Actuarial
2808	Medicroix
2809	Medifax
2810	Mediot
2811	MediSign
2812	Medmex
2813	MEETSITE.COM
2814	Meeve.com
2815	MegaCoffee
2816	Megall
2817	Melbacor
2818	Melting Spot
2819	Memento Vita
2820	Memora
2821	Memory Loft
2822	Memory Works
2823	Menbrain
2824	MEPER.com
2825	MercuryWIde
2826	Mermaidian
2827	Mesa Coffee
2828	Metal Farm
2829	Metal Musers
2830	Meteor Media
2831	Meteor Messenger
2832	Metroz
2833	MexTech
2834	mFlux
2835	mFlux Chiropractic
2836	mGravity.com
2837	Miami Over Moon
2838	Mice Museum
2839	Micro Monkey
2840	Micro Motion Dance Academy
2841	Micro Vend
2842	Microluxe
2843	Micronaut
2844	microVerse
2845	MidnightSage.com
2846	Mighty Moo
2847	Mile Optics
2848	Mind Music
2849	MindWrap
2850	Minga
2851	Minimizer’s
2852	Mini-XOR
2853	Minnesota Double Domes
2854	Minnie The Poocher Kennel
2855	minorXORs
2856	Miraclis
2857	Miracula
2858	Miss Thought
2859	MissApparel
2860	Mississippi Farm Tool
2861	MisterFrenzy.com
2862	MisterJuju.com
2863	Mitroc
2864	MixDigest.com
2865	Mixers
2866	MixFlow.com
2867	MixPop.com
2868	Mo Mauve
2869	Mobildata
2870	Mobile Huge, Inc.
2871	Mobile Mosque
2872	Mobius Mix
2873	Mod Hog
2874	MODELNOW .COM
2875	Modelopia.com
2876	Modern Mulch
2877	MODERNIA.COM
2878	MojoInvestor.com
2879	Molecular Tables
2880	Molly Bloom
2881	Moltantric
2882	Molten Media
2883	Moltonic
2884	Momentia
2885	Mommy Incorporated
2886	MommyCo
2887	Mondicil
2888	Mondo TVA
2889	Mondoprint
2890	Money Coach
2891	Mongo Shag
2892	Mongoquant
2893	Monisphere
2894	Monster Juice
2895	MooDelivery
2896	Moon Boon
2897	Moon Over Maine
2898	Moon Rocket SAT Prep
2899	Moonbeam Organics
2900	MOONEARTH.COM
2901	Moot Camp
2902	MootLab.com
2903	MootMuse.com
2904	MootZone.com
2905	More4Less
2906	Moreganic
2907	moreXOR
2908	moreXORs
2909	Mother Nature’s Salad Bar
2910	Mother’s Repair Shoppe
2911	Motion Control
2912	Motion Detectorate
2913	Motion Poetry
2914	Motionclass
2915	Motoleather
2916	MOTORWORK.COM
2917	Motovate
2918	Motovation
2919	Mountain Edge
2920	Mounty of Steel
2921	Movement Creations
2922	Movers and Shakers
2923	Moving Mothers
2924	Moving Right Along
2925	Moving with the Times
2926	mPunk.com
2927	Mr. Big and Tall
2928	Mr. Bookkeeper
2929	Mr. Cabaña
2930	Mr. Dispenser
2931	Mr. Frenzy
2932	Mr. Greens
2933	Mr. Interiors
2934	Mr. Juice
2935	Mr. Opposite
2936	Mr. Stain
2937	Mr. Surely
2938	Mrs. Clean
2939	Ms. Alliance
2940	mSchema.com
2941	mScore.com
2942	Mt. Ever Rest
2943	mTANGO
2944	mTown
2945	MUCKYMUCK.COM
2946	Muff’n Stuff Pet Care
2947	Multiflex
2948	Multigrafix
2949	Multron
2950	Musanpoly
2951	Musaphics
2952	Muscle Linen
2953	Muscle Spasm Adventure Extremes
2954	Muse Lab
2955	MuseMix.com
2956	Museum of Silence and Anarchy
2957	Museum of Skulls
2958	MusicalMix.com
2959	MUSICFLAVOR.COM
2960	MusicMarket
2961	MusicTales
2962	MusicUs
2963	MusiFarm
2964	Musix
2965	Mutt Medallions
2966	Muttley Crue
2967	My Accountant
2968	My Concierge
2969	My Cousin Al Collection Agency
2970	My Digital
2971	My Net Worth
2972	My NYC
2973	My Paris
2974	My Playce
2975	My Portugal
2976	My Scene
2977	My Stores
2978	MYAFRICA.COM
2979	MyAstronaut.com
2980	MYBRIDE.COM
2981	myCthulhu
2982	MYEUROPE.COM
2983	myFarm.com
2984	MYFLIGHT.COM
2985	myGeek
2986	MyGlass
2987	Mygrain Headacres
2988	MYGROOM.COM
2989	MyKeys
2990	MYLEASE.COM
2991	MyLimo
2992	MyMarche.com
2993	Myopium
2994	MyPrawn.com
2995	MyRodeo
2996	MYROME.COM
2997	MYSTRIDE.COM
2998	MYTAB.COM
2999	MyTCD
3000	MythoPoet.com
3001	MyTriage
3002	MYTUX.COM
3003	Nadine’s Tunic
3004	Namebox
3005	Namegen
3006	NameZoo.com
3007	Nano Courier
3008	Nano Delivery
3009	Nano Messenger
3010	Nasalwash.com
3011	Native Connectivity
3012	Natural Software
3013	Nature’s Cradle
3014	NaturesDaily.com
3015	Navir
3016	Naxdis
3017	Nebulacore.com
3018	Nebulean
3019	Necessities For Less
3020	Needless Markups
3021	Neighborhoods Now
3022	Neils Particle Board
3023	Neocent
3024	Neocent Ergonomics
3025	Neonomatic
3026	Neptide
3027	Nerve Pudding
3028	Nest Vesting
3029	Net Deliveries Inc.
3030	Net Found
3031	Net Games, Inc.
3032	Net Pig
3033	Net Triage
3034	net59
3035	Netagy
3036	NetAssist
3037	NETAURUS.COM
3038	Netbook
3039	NetDaisy.com
3040	Neteria
3041	netGeek
3042	Netility
3043	NETLING.COM
3044	NetMeter
3045	NetNewsDaily.com
3046	Netplax
3047	NetPlexia
3048	Netplode
3049	NETPLODE.COM
3050	Netplosion
3051	NETPLOSION.COM
3052	NETPLOSIVE.COM
3053	netRodeo
3054	Netropic
3055	NETROPOLIS.COM
3056	Netstalgia
3057	Nettlefish.com
3058	Netur
3059	Netwonderman
3060	Network Pilots
3061	Networthservices
3062	Neurocell
3063	NeutralGraphics
3064	New Age Chiropractic Clinic
3065	New Age Dance Interplay Academy
3066	New Century Chiropractic Clinic
3067	New Dawn Dance
3068	New Deli
3069	New Frontier Syndicate
3070	New Movement Dance School
3071	New Phat Digital
3072	New Vinyl
3073	New Way
3074	New XORs
3075	Newcube
3076	NEWDIGITALBUSINESS.COM
3077	NewDominion
3078	Newmarket Holdings
3079	NewsDays.com
3080	Nexgene
3081	Nexnix.com
3082	NEXTDAYOUTLET.COM
3083	NextTime
3084	NGYO.com
3085	Nicemovers.com
3086	NightDream.com
3087	Nikuda
3088	Nimon
3089	Nipaz
3090	Niquent
3091	Nitracyr
3092	Nixelt
3093	NKSPA.com
3094	No Bite No Scratch Pet Groomers
3095	No Non-cents Goods
3096	No Pestin’ Around
3097	No Pressure Chiropractic
3098	No Time To Eat Videos
3099	Nob Hill
3100	Nocturnica
3101	Noir Coiffure
3102	Noralex
3103	Norali
3104	NorseSense
3105	Norsul
3106	Norsup
3107	Payola Payroll
3108	North of Wilshire (NOW) Limousine Service
3109	North Specific Steel
3110	Notecushion
3111	Now Rodeo
3112	Now Surfing
3113	NPN…The New Person’s Network
3114	Nspire
3115	Nuclear Furniture
3116	Nude Attitude
3117	NUEA.com
3118	Nuevo Cruzio
3119	Numb Crunch Accounting
3120	Number Crunchers
3121	Nurali
3122	Nurplex
3123	NUSON.com
3124	NutBoy.com
3125	NutDelivery.com
3126	Nutralab
3127	nuXOR
3128	NY Cabby Company
3129	NYAccord
3130	NYAccord – Coalition for Catastrophic Counseling
3131	NYC Debt Recovery Agency
3132	NYCAB.COM
3133	Oatfarm
3134	Objectgroup.com
3135	Objective Banking
3136	Obliq
3137	Obones
3138	Obsessories
3139	Occasion Alice
3140	Occupassion
3141	Ocean to Ocean Marine Recycling
3142	Oceanica
3143	Octocore
3144	Oddio Logix
3145	Oddio Projections
3146	Oddtrack.com
3147	Off the Path
3148	Office Gleam
3149	OfficeClean
3150	OFFICEFAX.COM
3151	OfficeSHINERS Workplace Cleansing Solutions
3152	OffPath
3153	Oh That Baby
3154	Ohmnet
3155	OKTE.com
3156	Olucore
3157	Olympix
3158	Omatom
3159	Omeba.com
3160	Omni Geomatrix
3161	OmniDog
3162	Omnigog
3163	ON 5
3164	On A Roll, LTD
3165	On Any Line
3166	On Golden Spawn
3167	On High
3168	On My Way
3169	On the Bar B
3170	On the Que
3171	On the Stand
3172	On The Wall
3173	On Your Mark
3174	Once’t
3175	One For All
3176	ONEFORM.COM
3177	onFire
3178	Ontagene
3179	Ontality
3180	Open Road Leather
3181	Open XORs
3182	Openaction
3183	Operation Tip Top
3184	OPLY.com
3185	Opportech
3186	Opportunity Spam
3187	Opt In
3188	Opticall
3189	Opticom
3190	Opticon
3191	Optique
3192	Optyk
3193	OrangeXOR
3194	Orbalix
3195	Orbaxter
3196	Orbean
3197	Orbiflex
3198	Orbin
3199	Orbit Runner
3200	Orbital Logic
3201	Orbital Luxury
3202	Orbixtar
3203	Orboid
3204	orBUST.COM
3205	Organica
3206	Organically Good
3207	OrganicDaily.com
3208	Original Bloom
3209	Ornamantis
3210	Oronoko
3211	Otherside
3212	Otherway
3213	Oui Sale
3214	Oui Sell
3215	OUISELL.COM
3216	Oulu
3217	Out of Here, LTD
3218	Out There
3219	OuterBasics
3220	Ovation
3221	Ovation Inn
3222	Overfork
3223	Overplex
3224	OverQuest.com
3225	Ovium
3226	Ovolo
3227	OVOLO.COM
3228	Ozean
3229	Package Fax
3230	PADDOCK- Publicly Accessible Distributed and Designated Operationally Controlled Kiosks
3231	PagePet.com
3232	PAGEPLAY.COM
3233	PAGESPEED.COM
3234	PaintAround
3235	Paintcan Media
3236	Painteriors
3237	Paintstorm
3238	Palapa Logic
3239	Palladium Moxy
3240	PAN – Personal Assistant Network
3241	PanAfrican Internet
3242	Pandea’s Box
3243	Panglobe Properties
3244	Pangloss Consulting
3245	Panier Gourmet
3246	Panzent
3247	Paper Storm Bookkeeping Services
3248	Paper View
3249	Papricut
3250	Paprikut
3251	Para Sites
3252	Paragon Insurance
3253	Paragonia
3254	Paramix.com
3255	ParaNETic
3256	PARCELL – Parlay Cellular
3257	Parcoe
3258	Parleynet
3259	Parrot Taxi
3260	Particle Farm
3261	Party Flavors
3262	PASS – Preparation of Assessment of Scholastic Status
3263	PASS – Public Access Systems Services
3264	PassionPet.com
3265	Past Your Eyes Milk
3266	Pasture Prime
3267	Pastures of Plenty
3268	Pasturia
3269	Patchsystems
3270	Patchwork Kilt
3271	Pathdirect.com
3272	Pathsoftware.com
3273	Pathways
3274	PATRON-Public Access Terminals for Retail Organiztion Network
3275	Pawlitricks
3276	Pawn Shoppe
3277	Pawnagra
3278	Paws and Lick
3279	Paws City
3280	Paws for Life
3281	Paws for Thought Pet Boutique
3282	Pawsitive Dog
3283	Paws’n Rest
3284	PAYLATER.COM
3285	Pay-n-less Trust
3286	Pea King
3287	Peace by Peace
3288	Peace of Cake
3289	Peace of Mind Homesitting
3290	PeaceFest
3291	Peacock Advertising
3292	Peak Processing
3293	Pearlescent
3294	Pearlesex
3295	Pearlessa
3296	Pedal Planet
3297	Pedal Point
3298	Peek-a-Pooch
3299	Pelterered.com
3300	Penguin Cloud
3301	People Station
3302	PEOPLEFINDING.COM
3303	People’s Playce
3304	Pepperboard
3305	Perceive IT
3306	Perceputual Focus
3307	Perfect Coffee Distributors
3308	Perfect Relations
3309	PerfumePlus
3310	Perk and Peak
3311	Perk Mate
3312	Perk n’ Smirk
3313	Perkle
3314	Perkle 8 Coffee Distributors
3315	Permadyne
3316	Personal Property Services
3317	Personal Synergy Development
3318	Pet Barber
3319	Pet Bath
3320	Pet Beautiful
3321	Pet Couture
3322	Pet Degree Grooming
3323	Pet Palace
3324	Pet Pendants
3325	Pet Projects
3326	Pet Relaxation Boutique
3327	Pet Rock Productions
3328	Pet Seminary
3329	Pet Stress Relief Center
3330	Petcessory
3331	Peter Pipe’s Pride Plumbing…Your Drain, Mainline Main Man!
3332	PETI – Public Electronic Terminal Interface
3333	Peticollar
3334	Peticular
3335	Petigems
3336	PetOptics.com
3337	Pets Dahling
3338	PETS- Public Electronic Terminal Systems
3339	Pew 59
3340	phalanXOR
3341	Pharm Phresh
3342	Pharma Belt
3343	Pharmacon
3344	PharmCode
3345	Pharmex
3346	Phast Phun
3347	Phat Attic
3348	Phat Chic
3349	Phat Scat
3350	Pheast
3351	Pheast West
3352	Philter Pharm
3353	Phobos Coffee Distributors
3354	Pholio
3355	Phone Shui
3356	Phormations
3357	Phormula
3358	Photobin
3359	Photopursuit.com
3360	Phresh Pharm
3361	Phuel
3362	PhysioCorp
3363	PICK – Public Information Connection Kiosks
3364	Pickin’ & Lickin’ Chicken
3365	Picture It Studios
3366	PigNic Acres
3367	Pigzart
3368	Pile Driver
3369	Pilot Dental
3370	Pin-cushion Dynasty
3371	Pinpoint Matrix Systems
3372	Pipe Down
3373	Pipe Dreams
3374	Pirouettrics
3375	Pivitol
3376	Pixel Jockey
3377	Pizzazilla
3378	Plan Along
3379	Plan Saphron
3380	Planet Africa
3381	Planet Chard
3382	Planet Click
3383	Planet Dog
3384	Planet Flip
3385	Planet Health
3386	Planet Herb
3387	Planet Ice
3388	Planet Plaid
3389	Planet Pooch
3390	Planet Right
3391	Planet Solve
3392	Planet Space
3393	Planet X
3394	Planet XOR
3395	Plank 10
3396	Plansystem.com
3397	PlantCell
3398	Plasmos
3399	Plasmosis
3400	Plasmox
3401	Plasto
3402	Platinum Home Accessories
3403	Platinum PR
3404	Playce
3405	Playup.com
3406	Pleasant Pastures
3407	Pledian 2000
3408	Plexia
3409	Plots and Plans
3410	Plumb Bum
3411	Plumb Magic
3412	Plumb Siding
3413	Plungepot Media
3414	Plutorque
3415	Pocket Tones
3416	Podunk
3417	Polar Metals
3418	Polarax
3419	Polaria
3420	Polarium
3421	Polyglot International
3422	Pomegarnet
3423	Pontoon Eternity
3424	Poochies
3425	Pop Notes
3426	Popcorn Born
3427	Pope Cycles
3428	POPeye
3429	Porcine Smiles
3430	Pore Gold
3431	Pornucopia
3432	Portal Knowledge
3433	Portaline
3434	Portalis
3435	Portals of Call
3436	Portica
3437	Portico
3438	Poshome
3439	PoshPet Collars
3440	PoshPooch Collars
3441	Positive Motion
3442	Potato Council
3443	Potpourri Superstore
3444	Pots and Pants
3445	Power Cabañas
3446	Power Coffee
3447	Power Credit
3448	Power Cruisers
3449	Power Pools
3450	Power Portal
3451	Power Tortoise
3452	Power Zilla
3453	Powernet
3454	PowerRain
3455	PowerXOR
3456	Prarie Fire
3457	Prawnologics
3458	Precision Donuts
3459	PREFILL.COM
3460	Premiant
3461	Prenup and Tuck
3462	Pressure Point
3463	Pretty Penny
3464	Pretty Smart
3465	PRfect Solutions
3466	PriceDrops.com
3467	Pride Pro Services – Public Relations Organization
3468	Primal Paws
3469	Prime Quality 59
3470	Prime Rub
3471	Primordia
3472	Princess Jellybean
3473	Princess Plex
3474	Printo Supremo
3475	Printorama
3476	PrintPlosion
3477	Printspan
3478	Prior IT
3479	PriorityDesign.com
3480	PRISE- Public Remote Information Systems Enterprise
3481	Prismatic
3482	PrismCore
3483	Prismplane
3484	PrismScape
3485	PRIZEFACTORY.COM
3486	Prodollars
3487	ProfitMerge.com
3488	Profitresult.com
3489	Proflex
3490	Progenex
3491	Pro-Gnosis
3492	Project God
3493	Project Lumina
3494	PROMONEY.COM
3495	Pronto Systems
3496	Prosely
3497	Prospectix
3498	Prosure
3499	Protectora
3500	Prothopedic
3501	Proto Zone
3502	Protodyne
3503	Protoshades
3504	Protoshape
3505	Providco
3506	Prowaste
3507	ProXOR
3508	Proxsoft
3509	PSST- Public Service Systems Terminals
3510	Psychology In Motion
3511	Pubequity Finance
3512	Puberty Computers
3513	Public Access Terminal Systems
3514	Public Rodeo
3515	Publicity Farm
3516	PuffPiece.com
3517	Pulze
3518	Pumpty Dumpty
3519	Pure Coffee Distributors
3520	Pure Penguin
3521	PureShare
3522	Puria
3523	Purple Kangaroo
3524	PurpleXOR
3525	Push Digital
3526	Push Net
3527	Pushcart
3528	Pyramax
3529	Pyrami
3530	Pyramia
3531	Pyramis
3532	PyroLogic
3533	Qaboos
3534	Qiao
3535	Qimonk
3536	Q-Motion
3537	Qnekt
3538	Qot
3539	Q-Source
3540	QT – Query Terminals
3541	Quadeebo
3542	Quailcom
3543	Quake Dance
3544	Qualicolor
3545	Qualitern
3546	Qualitex
3547	Quality Planet
3548	Quality Termites
3549	Quality Trove
3550	Quantalia
3551	Quantasis
3552	Quantum Commerce
3553	Quantum Dance
3554	Quarex
3555	Quarmony
3556	Quarx
3557	Quarx Capital Management
3558	Que It Up
3559	Que West
3560	QUICK – Query Utility and Information Collection Kiosks
3561	Quick Com
3562	Quick Eicher Fastening Mechanisms
3563	Quick Milk
3564	Quick Turtle
3565	QuickUps
3566	QUICKZOOM.COM
3567	QUIK – Query Utility Information Kiosks
3568	Quilch
3569	Quility
3570	Quilk
3571	Quill Coffee
3572	Quilm
3573	Quiltigen
3574	Quimby Arms Hotel
3575	Quinex
3576	Quintessia
3577	Quintity
3578	Quipping Thinkers
3579	Quizka
3580	Quizmo
3581	Quonata
3582	Quonk
3583	Quordate
3584	QuoteBeat
3585	QUOTEFIRST.COM
3586	Quotezart
3587	Q-Vend
3588	RaceCat.com
3589	Radiant Earth
3590	Radiant Ease
3591	Radiant Fire
3592	Radiant Fresh
3593	Radiant Penguin
3594	Radiant Swift
3595	Radiantix
3596	Radical Reptiles
3597	Radiodelta
3598	RADr
3599	RadRags
3600	RAIDS – Remote Access Information Delivery Systems
3601	Raindance Ranch
3602	Raising Music
3603	Raja Dodger
3604	RALLOY
3605	Ram, Lamb and Ham
3606	Rameon
3607	Ramjob
3608	RAMS – Remote Access Management Sytems
3609	Rancho Django
3610	Rancho Fiesto
3611	Rancho Merit
3612	RAPID – Radical Accessories for Pet IDentification
3613	Rapid Chute
3614	Rare IT
3615	RateHike Insurance
3616	Rational Coffee
3617	Raving Camera
3618	Razor’s Edge
3619	RAZORWAVE.COM
3620	Razz Barney
3621	rChive
3622	Reach for a Peace
3623	Reach For Peace
3624	Read and Feed
3625	Readiness Resource Centers
3626	READY – Re-Engaging Advantaged Disadvantaged Youth
3627	Real PR
3628	Real Time Medical
3629	Realadvance
3630	Realkind.com
3631	Really Board Games
3632	Realmo
3633	Realysis
3634	Reap and Sow Farm
3635	REAP Reproductive Evaluation Access for Partners
3636	REBELWHORE.COM
3637	Reco Lab
3638	Recognia
3639	Recordscape.com
3640	Recordscope.com
3641	Recrisys
3642	Zolar
3643	Recritube
3644	Red eScent
3645	Red Radish
3646	Red Rocket Trucking
3647	RedolentReductions
3648	Redome.com
3649	Redrive.com
3650	RedSplendor.com
3651	REDTAGAUTOSALE.COM
3652	RedXOR
3653	Reel Room
3654	Refixuration
3655	Regal Robes
3656	ReGear
3657	RELAAX.COM
3658	Reliable Homewatch
3659	Remedy Design
3660	Remold
3661	Remoteforce.com
3662	Remotion
3663	Renovize
3664	Repetwire
3665	Resolution Chiropractic
3666	ResponseAbility
3667	Rest Assured Housesitting
3668	RestEverMore-REM
3669	Restoration Nation
3670	Restoration X
3671	Results Orient
3672	Results Orientation
3673	Retail Board
3674	Retail Clique
3675	Retail Roadkill
3676	RETAILCLICK.COM
3677	Retrack
3678	Retro Plum
3679	Retro Sin
3680	Retrodesign
3681	Retrotex
3682	Reverie Finance
3683	Reverie Financial
3684	Reversus
3685	reXOR
3686	Right Device
3687	Rightful Owner Collection Agency
3688	Rin Tin Thin
3689	Rin Tin Tiffany
3690	Ring Bling
3691	Rio Rocinante
3692	RipVanWrinkles
3693	RipVanWrinkles.com
3694	Ritual Wave
3695	Roachcoach Enterprises
3696	Road Leathers
3697	Roastin’ Tucson
3698	Roboid
3699	Rock Meet
3700	Rockabye
3701	Rocket Red
3702	Rocket Silence
3703	RocketDiary.com
3704	RocketScience Tutorial
3705	Rocklogic
3706	Rockyard
3707	Rockymount
3708	Rodemco
3709	Rodeo Chute
3710	Rodeo Crazy
3711	Rodeo Cyclone
3712	Rodeo Days
3713	Rodeo Jones
3714	Rodeo Now!
3715	Rodeo Scholar
3716	Rodeo Stories
3717	Rodeo Warp
3718	Rodeo Whip
3719	Rodeocean
3720	RodeoCircus
3721	RodeoFever
3722	Rodeology
3723	Rodeolympics
3724	Rodeomad
3725	RodeoMagic
3726	Rodeomania
3727	RodeoNet
3728	RodeoPlanet
3729	Rodeoplosion
3730	RodeoRadio
3731	RodeoSpace
3732	RodeoStorm
3733	RodeoWorld
3734	Roman Candle Empire
3735	Ronbert
3736	Ronelon
3737	Rooforia
3738	Roosterville
3739	Rosetta’s Stones
3740	Rot Dog
3741	Rotary Wing Aircraft Manufacturing
3742	Rotodyne
3743	Roughies
3744	Round the World Coffee
3745	Roundtrip Video
3746	Row Row Rodeo
3747	Royal Plush
3748	Rubadub
3749	Rubber Media
3750	Ruby Friday
3751	Ruby Suite
3752	Rugstars
3753	Run Like Hell Theater
3754	Running Rocks
3755	Sabercloth
3756	Sacred Ground Wildlife Refuge
3757	Safe and Sound Insurance
3758	SafeSurf
3759	Sahara Sandworks
3760	SaleFair.com
3761	SaleParade.com
3762	Salon Bombay
3763	Salon Da Bomb
3764	Salvage Your Scents
3765	Salvaged Beauty
3766	SalvageScents
3767	Sand Flower
3768	Sand ‘n Sponge
3769	Sand Waves
3770	SANDBOX.COM
3771	Sane Coffee
3772	SAP – Scholastic Assessment Preparation
3773	Sarasonic
3774	Sartepoint
3775	Sartepoint Finance
3776	SASS – the Social Association for Safe Sex
3777	Sassessories
3778	Sassy Boils
3779	SAT – Succeed At Tests
3780	SAT Masters
3781	SAT Preppy
3782	Satelite Ranch
3783	Satiance
3784	SATurday’s Child
3785	SATutor
3786	SAU – South American Underwriters
3787	Save the Date
3788	Save Your Soul Graphics
3789	SaveIT
3790	Savvy
3791	Savvy Ass
3792	Scaffoldil
3793	Scalar Geomatrix
3794	Scales of Justice Graphics
3795	Scalpel Scrupulous
3796	Scene Caddy
3797	Scene Not Herd
3798	Scent and Salvage
3799	Scent and Whispers
3800	Scent Supply
3801	Scentric
3802	sCents
3803	Scents Appeal
3804	sCentsabilities
3805	Scentsible Salvage
3806	Scentwicks
3807	Scenty
3808	Schoolio
3809	Scienscribe
3810	Scorched Sunwear
3811	Score 4
3812	Scratch and Save Pet Grooming
3813	Scream Games
3814	Screamin’ Buy Me
3815	Scriptease
3816	Scrub-a-dub Doggy
3817	Sea Quinn
3818	Sea Script
3819	Sea Spam
3820	Sealoud
3821	Seals and Crafts
3822	Seamless Books
3823	SeaMountain
3824	Seascape Seminars
3825	Second Hand Minutes
3826	SecondTime
3827	Secure Locksmithing
3828	Securia
3829	See-Thru Composites
3830	SELLNATIONAL.COM
3831	Senmao
3832	Senmei
3833	Señor Floss
3834	Sensate
3835	Sensatious
3836	Sensory Adaptations
3837	Sentia
3838	SepiaSoft
3839	Sequitur
3840	ServeRate
3841	Service Tree
3842	SetFree
3843	Sex On Wheels
3844	Shadease
3845	Shadefish.com
3846	Shakes and Jitters
3847	Sheepsville
3848	SheerBlack.com
3849	ShelfStore
3850	Shepard
3851	Shhh!
3852	Shining Sea Marine Recycling
3853	Shipping Court
3854	Shlackem Crackem Chiropractics
3855	Shoot the Messenger
3856	Shoots and Spears
3857	Shop About
3858	Shopabout
3859	SHOPABOUT.COM
3860	SHOPDOLLARS.COM
3861	SHOPPINGSANTA.COM
3862	ShoPR Inc.
3863	Short Squeeze
3864	Show Quality Pet Grooming
3865	ShowTuner.com
3866	SickBug
3867	SIDESTEP.COM
3868	Sierraform
3869	Sigh Co.
3870	Sign Age
3871	Sign of the Times Advertising Agency
3872	Signidyne
3873	Signity
3874	Sign-On
3875	Sign-Up
3876	Silky Cats
3877	SILLYSANTA.COM
3878	Silodyne
3879	Silver Demand
3880	SilverLegend.com
3881	SilverSash.com
3882	Simplekitchen.com
3883	Simply Home
3884	Sin Sin
3885	Sin Thesis
3886	Sinbad Shippers
3887	Sine, Cosine and Porcine
3888	Sing Bling
3889	Singavera
3890	Singing Steps
3891	Single Happiness
3892	Singquinox
3893	Sinus Airways
3894	Siren Song Coffee
3895	Sisyphus Supply
3896	SITEOFHAND.COM
3897	SiteWalk
3898	SiteWok
3899	SiteWonder.com
3900	Situation59
3901	SkateGanja
3902	SkateGod
3903	SkatingGreen
3904	Skinny’s Drive Inn
3905	Skinserve
3906	SkyBag
3907	Skybold
3908	SkyMountain
3909	Skyplex
3910	Skyrocket Media
3911	Slambda
3912	Slax
3913	Sleeper Waves
3914	SleepWatch
3915	Slide Ways
3916	Slik Population
3917	Slim Tricks
3918	SlimAll
3919	Slofast
3920	Slogan Rut
3921	Sloganaut
3922	Sludge Farm
3923	Sludge Monkies
3924	Slumberia
3925	Slush Fund
3926	Slush Fund Financial
3927	Smart Ask
3928	Smart Clone
3929	Smart Cream
3930	Smart Glue
3931	Smart ‘N Pretty
3932	SMARTMAILBOX.COM
3933	Smell & Save
3934	Smellin’ Goods
3935	Smellrose Place
3936	Smell-Rose-Place
3937	Smells Good
3938	Smellsville
3939	Smooth Travels
3940	Snack Action
3941	Snacktion
3942	Snap Crackle Chiropractors
3943	Snap Precision
3944	Snap Shop
3945	Snapgo.com
3946	Snips
3947	Snob Appeal Wheels
3948	Snoopy’s Snack n Shack
3949	Snorus
3950	Snout Gulch Farms
3951	SnowBlitz
3952	Snowpoke
3953	Snub ‘Em Limo
3954	So So Choritzo
3955	Soap Dreams
3956	Soap Treasures
3957	Soapeopath
3958	Social Graces Consultation
3959	Society In Motion
3960	Socks Appeal
3961	Soda Fonze
3962	Sofaprone Engineering
3963	Soft and Strong
3964	Soft Swipe
3965	SoftGeek
3966	Softmicro
3967	SoftServe Yoga
3968	Softstream
3969	Software Sensation
3970	Solaren
3971	Sole – Spirited Organisms Living Equally
3972	Solgan
3973	Solid Gold Watse Exghange
3974	Solstice Chiropractic
3975	Solutionsmetro.com
3976	Solvang Positive
3977	Sonata Fast
3978	Songbird
3979	Songlines
3980	Songnow.com
3981	SongSwing
3982	SongUP
3983	SonicStreet
3984	Sonique
3985	Sopping Whet Records
3986	Soprano
3987	Sorrel Green
3988	SortedMusic
3989	Soul Centric
3990	Soul IT
3991	Soul Kitch
3992	Soul Kitsch
3993	Soul Pub
3994	SOULBROS.COM
3995	Sound 59
3996	Sound Ideas
3997	Soundcircus
3998	SoundKey.com
3999	Soundsation
4000	SOUNDTITLES.COM
4001	Source Rack
4002	Southern Safari
4003	Spa Halcyon
4004	Space Barge
4005	Spacewax
4006	Spacial Discharge
4007	Spagetti Western Farms
4008	Spam and Deliver
4009	Spam Goodys
4010	Spare Time
4011	SpasmCity
4012	Spawn Chalant
4013	Special Space
4014	Speed ‘n Spot
4015	Speed Phreak Expeditions
4016	Speed Street
4017	Speed Tours
4018	Speedactic
4019	Speedbolt
4020	SpeedSpot
4021	Speedy Exhibits
4022	Spherix
4023	Spinalysis
4024	SpinCycle
4025	SPINCYCLE.COM
4026	Spines R4 Us
4027	Spinmark.com
4028	Spiritmaster.com
4029	Spiritual Realms
4030	Splash and Dash Pet Care
4031	Splendor Travel Services
4032	Splinx
4033	Spontaneous Combustion
4034	Sport Live
4035	SportAbout
4036	Sportan
4037	SportNet
4038	Spread the Bean
4039	SpreadNet
4040	Spring-A-Ding
4041	Spring-A-Ling
4042	SpringAlong
4043	Springbee
4044	SpringJam
4045	SpringSing
4046	Sprit of the Arts
4047	Square and Round Dance
4048	Squish
4049	SS Inno
4050	SS Marine Recycling
4051	Stage Left
4052	Stainless Feel
4053	Stampede Ride
4054	Standalone Uniques
4055	Start Kidding Around
4056	Starvation Army
4057	Station 59
4058	Station Arts
4059	Stationcure
4060	Steak And Shake
4061	Stealth Management
4062	Steel Able Manufacturing
4063	Steel Abs Construction
4064	Steel This Plant
4065	Steelaway Fabrication Co.
4066	Steelfab
4067	Steeling Home
4068	Steeltab
4069	Stelaecor
4070	Step Lightly Dance
4071	Sting Swing, Inc.
4072	StingZ
4073	StinX
4074	Stockflag.com
4075	Stockpost
4076	StockSonic
4077	STOCKSRADIO.COM
4078	StockTones.com
4079	Stone Plenty
4080	Stone’s Throw
4081	Stopgap Treasures
4082	Store Your Oats
4083	Storm Front
4084	Stormcell Media
4085	StormLife.com
4086	StormLizard.com
4087	Straloy
4088	Stralum
4089	Strange Tails
4090	Strataform
4091	Strataforma
4092	Strategic Investments
4093	Streamantic
4094	StressLess
4095	Stretch Factory
4096	Stretch Town
4097	Stretch Works
4098	Stretch Yourself
4099	StretchAbout
4100	StretchDance
4101	Stretchercise
4102	Stretchology
4103	Strezzo
4104	Strideline
4105	Strozen
4106	Strydesdale
4107	Stucco
4108	Sudds Mining
4109	SuddSurprize
4110	Suds & Soap
4111	Sugar Maestro
4112	Sulfax
4113	Sulpha 9
4114	Sulpha Quik
4115	Sulphacroix
4116	Sultrax
4117	Sultraxin
4118	Sunclipse
4119	Sunnyside Medical Billing
4120	Sunsize.com
4121	Sunsrays.com
4122	Super Ciao
4123	Super Cize
4124	Super Rodeo
4125	Superstar Shippers
4126	SupplePet.com
4127	Supply Depot
4128	Supply Station
4129	Supportal
4130	Supremia
4131	Sure Town
4132	Surelogic
4133	Suremax
4134	Sureplex
4135	SureSource
4136	Suretech
4137	SureZone
4138	SurfSafe
4139	SURVIVALBOX.COM
4140	Sushi Blue
4141	Sustenza
4142	Sweet Beat
4143	Sweet Dreams
4144	Sweetpea Farms
4145	SweetSport
4146	Swift Shift
4147	Swift Temp
4148	SwingSong
4149	SwitchStream
4150	Sybixtex
4151	Symbiotica
4152	Symphonics
4153	Synchro Storm
4154	Syncopatch
4155	SynCOR
4156	Syncrodance Institute
4157	Synkgen
4158	Syntac
4159	SystemFire
4160	Tabcode.com
4161	Tae-Can-Do
4162	Talae
4163	Talendula
4164	Talent Shout
4165	Talk Is Cheap Productions
4166	Talkalot
4167	Talking Feet
4168	Talkola
4169	Talkomatic
4170	Tall Tails Pet Grooming
4171	TAME – Tennessee Adult Mentoring and Education
4172	TAMEL – Tennessee Adult Mentoring Education and Leadership
4173	Tampa Logic Consulting
4174	Tango Puppy
4175	Tango!
4176	TANNINGBUTTER.COM
4177	Tantric Bent
4178	Tarantella Time!
4179	Tasmania
4180	Tattoo Pride
4181	Teaky Freaky
4182	Teazy Pleasey
4183	Tech Tap
4184	Tech Tech Goose
4185	Techade
4186	Techcraft Engineering
4187	Techmania
4188	Techniture
4189	TechnoAfrica Internet
4190	Technoasis
4191	Technohabitat
4192	Technology Wizard
4193	Technoracks
4194	TechRush
4195	Techtrix
4196	TechTronics
4197	Teddy Rose’n’Felt
4198	Tele Vangelis
4199	TeleBus
4200	Teledrone.com
4201	Telemarket King
4202	Telemarket Tier
4203	Telepark
4204	Telequiet
4205	Televisionaries
4206	Tell Tail Taxidermy
4207	Tell-A-Con
4208	TelLan
4209	Tell-E
4210	Tellifly
4211	Telligenics
4212	Telluride Glide
4213	Telpod
4214	Temorak
4215	Tempest Glassworks
4216	TeqRaq
4217	Teraprene
4218	Terascape
4219	Terra Cotta Jones
4220	Terra Matrix
4221	Terra Prod
4222	Terrablast
4223	Terragen
4224	Terrago
4225	TerraLab
4226	Terralogic
4227	TerraQuest
4228	TerraSwitch
4229	Terrasys
4230	Tersanki
4231	TESSOR
4232	Tessor Systems
4233	Test Age
4234	Test Preppies
4235	Tetak
4236	Tetratrex
4237	That Certain Curtain
4238	That’s a Wrap!
4239	The Agenda
4240	The American Corn Dog Council
4241	The Audiomat
4242	The Backyard Chef
4243	The Bar B Quest
4244	The Barnyard
4245	The Belljar Adventure Gear
4246	The Big Dream Team
4247	The Blue Pig
4248	The Body Harmonic
4249	The Bull Factory
4250	The Bumper Squad
4251	The Buzz Factory
4252	The Caffeine Problem
4253	The Calculator Consortium
4254	The Center for Measure
4255	The Chair Guys
4256	The Cheap Sheep
4257	The Chickery
4258	The Chopper’s Block
4259	The Clean Machine
4260	The Cloven Hoof
4261	The Coalition for September 12th
4262	The Coffee Collective
4263	The Coffee Directive
4264	The Coffee Grind
4265	The Coffee Imperative
4266	The Coffee Institute
4267	The Coffee Plant
4268	The Collection Specialists
4269	The Columner Pad
4270	The Compost Office
4271	The Computer Guy
4272	The Concierge Consortium
4273	The Concord Subsonic Limo
4274	The Corpulent Cow
4275	The Dance Directive
4276	The Dance Imperative
4277	The Dance Team
4278	The Dancing Mind
4279	The Death Zone Protective Gear
4280	The Doctor’s Greetings
4281	The Dog and the Udder
4282	The Dog Days of Summer Kennel
4283	The Doggie Dormitory
4284	The Drain Brain
4285	The Dreamery
4286	The Edible Garden
4287	The Entity
4288	The Exoshop
4289	The Farm Bureau
4290	The Farm Team
4291	The Fat Man Limo Service
4292	The Faucet Fanatic
4293	The Final Stretch
4294	The Flow
4295	The Flowering Body
4296	The Fly Trap Extreme Sports Gear
4297	The FYI Guys
4298	The General Store
4299	The Gleam Machine
4300	The Good Bike
4301	The Good Lord Architect
4302	The Good Luck Shop
4303	The Greenery
4304	The Greening Network
4305	The Growzone
4306	The Handle Bar
4307	The Happy Bean
4308	The Happy Heifer
4309	The Happy Hoofer
4310	The Hee-Haw Imperative
4311	The Home Stretch
4312	The Hoof and Snout
4313	The Hound-A-Day Inn
4314	The Insurance Company
4315	The International House of Pups
4316	The Kennel Klub
4317	The Kind Industries
4318	The Knobby Shop
4319	The Last Farm
4320	The Learning Lab
4321	The Learning Studio
4322	The Light Stuff
4323	The Limber Boomer
4324	The Limber Business
4325	The Little Prince Limousine Service
4326	The Loan Factory
4327	The Lost Souls Revival Camp
4328	The Lumbar Yard
4329	The Lumina Project
4330	The Memory Bank
4331	The Movement
4332	The Mug Shot
4333	The Mutt Motel
4334	The Nimble Thimble
4335	The Nine
4336	The No Dot Com Farm
4337	The Orb
4338	The Pampered Pooch
4339	The Parsley Sniper
4340	The Pavery
4341	The Paw Law
4342	The Paws Parlour
4343	The Paws that Refreshes
4344	The Payroll Mime
4345	The People’s Presser
4346	The Pharm
4347	The Pide Piper
4348	The Pier Group
4349	The Pipe Connection
4350	The Pipe Wipers
4351	The Plumbing Connection
4352	The Poochie Palace
4353	The PowerCenter
4354	The Pretty Penny
4355	The Public Theater
4356	The Puppy Paradise Pound
4357	The Quad
4358	The Real Steel
4359	The Relationshipping Department
4360	The Retail Age
4361	the Rig
4362	The Right Rub
4363	The Right Stuff Taxidermy
4364	The Rock Farm
4365	The Rodeo Directive
4366	The Rolling Class
4367	The Royal Roost
4368	The Running Monk
4369	The Salad Factory
4370	The Salsa Closet
4371	The Salsa Project
4372	The September 12th Coalition
4373	The Shiatsu Shangrala
4374	The Snap Shop
4375	The Source
4376	The Sports Barge
4377	The Spring
4378	The Stir
4379	The Stylish Pet
4380	The Sweet Smell of Savings Store
4381	The Udder Truth
4382	The Ultimate Landscape Artists
4383	The Upturned Snout
4384	The Vegetable Factory
4385	The Waste Exchange
4386	The Watering Place
4387	The Watering Place Wildlife Refuge
4388	The Worldly Goose
4389	The Zoospore Group
4390	Theater of Operations
4391	THECORE.COM
4392	THEHIVE.COM
4393	THELEAP.COM
4394	theMachine
4395	THENEST.COM
4396	ThePlant
4397	THEPLUNGE.COM
4398	There and Back
4399	THESCOOP.COM
4400	TheSource
4401	theStearman
4402	This Damn Planet
4403	This That and the Phat!
4404	This Ware
4405	Thought Tank
4406	Thredz
4407	Thurston Haliburton
4408	Tickertones.com
4409	Tickertunes.com
4410	Ticket Lift
4411	Tickle Tan
4412	Tickle Town
4413	Ticks and Spurs Pet Grooming
4414	Tiffany & Snoopys
4415	Tiffany Pet
4416	Till the Soil Farm
4417	Time For Coffee
4418	Tingles
4419	Tiny Town
4420	Tipace.com
4421	Tired Toad Farm
4422	TOADTOURS.COM
4423	Together Expressions
4424	Tom Foolery Inc.
4425	Tomatofish
4426	Tone Bone
4427	Tongue and Groove
4428	Tongue in Chic
4429	Too Chez Design
4430	Too Chez Warehouse
4431	Too Faux
4432	Top ‘O Maine Farm
4433	Tornado Rodeo
4434	Tortoise Zone
4435	TortoiseZone.com
4436	Total ReColl
4437	Touch Tone Service
4438	Touch Your Toes
4439	Touch Zone
4440	Tour This!
4441	Tourmania
4442	Toyletry
4443	TRADINGSPACE.COM
4444	Trance Action
4445	Transglobal Equities
4446	Translink
4447	Transluscent
4448	Transparent Structures
4449	Transregional Properties
4450	Trasola
4451	Travelation
4452	Travelations
4453	Tri@ge
4454	Tribalog
4455	Tripsch
4456	Trollery
4457	Tropoli
4458	Tropolis
4459	Trouser Smarts
4460	True By You
4461	True Faux
4462	TrustBus
4463	TrustNow
4464	Tsunami Pop
4465	Tsunamia
4466	TubAL
4467	Tubalum
4468	Tubesys
4469	Tucson Coffeeware
4470	Tuliptime Tunefest
4471	Tumbler Security Mechanisms
4472	Tundra59
4473	Turf and Mirth
4474	Turnabout
4475	Turning Point Contractors
4476	Turnkey Vision
4477	Turnling
4478	Turtle Quick
4479	Turtlemania
4480	Tuscany Coffee Distributors
4481	Tuscany Tucson
4482	Tutor de Force
4483	TutSAT
4484	Tweezerland
4485	Twelve Foot Fetish
4486	Twelve Foot Flower
4487	Twiggery
4488	Twiist
4489	Twinkle Tows
4490	Two by Faux
4491	Two Faux
4492	Two Faux the Show
4493	Two Like You
4494	Typhonica
4495	U- Dog Daycare
4496	Uberlux
4497	Ulterior Moto
4498	Ulterior Motors
4499	Ulti-Mate
4500	UltimateDress.com
4501	Ultimateplay
4502	UltraAll
4503	UltraCare
4504	Ultramouse
4505	UltraPrint
4506	Ultrasure
4507	Ultrimax
4508	Umbrella Wet
4509	Uncorp
4510	Underbelly
4511	Underground Overmound
4512	Undertap
4513	Uneeq
4514	Unfurling Institute
4515	Uni
4516	Unia
4517	UniNerve
4518	Union of Conservative Pornographers
4519	Unisure
4520	United Coffee Technology
4521	Universal Coffee
4522	Universal Impact
4523	Uniworld
4524	Unq
4525	Up Globe
4526	uP START
4527	Up the Maypole
4528	Updat
4529	UPFAST.COM
4530	UPGLOBE.COM
4531	Uplinx
4532	Upperimage
4533	UpReport.com
4534	UpSpring
4535	UpsZcale
4536	UpXOR
4537	Urban She
4538	Urban Sturgeon
4539	Urbancolor
4540	Urbanshee
4541	Urdar.com
4542	URLy
4543	Us Music
4544	Used Treasures
4545	Utara
4546	Utarian
4547	Uxmox
4548	VacateReality
4549	Vagrant Vids
4550	Valent Technologies
4551	Valet Dictorian
4552	VALET Systems – Virtual Amenities Locator from Electronic Terminals
4553	Valpreal
4554	Valreda
4555	Value Beauty
4556	Value Salvage
4557	Van Winkles
4558	Vanity Fare
4559	Vantage
4560	VariantValues
4561	Veep, LTD
4562	Veer Systems
4563	Vegan Way Farms
4564	Vegetability
4565	Vegetables Are Us
4566	Veggiegasm
4567	VegiGate
4568	Vegorganic Farms
4569	Velity
4570	VELOCITIZE.COM
4571	Velos
4572	Velvet Wage
4573	Vendblend
4574	VENDO.COM
4575	VENDORMATIC.COM
4576	VENDORSPACE.COM
4577	Venetian Sack
4578	Venoflex
4579	Veraq
4580	Verbus
4581	Vertabractics
4582	Vertide
4583	Verton
4584	Vetron
4585	Viagrand
4586	VIAGRATING.COM
4587	Viagreat
4588	VIAGREAT.COM
4589	Viasia
4590	Vicon
4591	Video Booth
4592	VideoBounce
4593	VIDEOD
4594	Videoputer
4595	Videorang!
4596	Vidto
4597	Villagevault
4598	Vinch
4599	Vinyl-E
4600	Viocular
4601	Virtual Capturisms
4602	Virtual Circus
4603	Virtual Depictures
4604	Virtual Energy Sports
4605	Virtual Energy Systems
4606	Virtual Graphic Illustrations
4607	Virtual Industrial Depictions
4608	Virtual Mutual
4609	Virtual Rodeo
4610	Virtual Veep
4611	Virtualics
4612	Virtualisations
4613	Virtualistic Image Deployment
4614	Virva
4615	Virxo
4616	Visalia
4617	Vision Launch
4618	Visionary Dairy
4619	Visionary Summit
4620	Visioneer Graphics
4621	Visualix
4622	Visualize This!
4623	VitaKids
4624	Vitric Systems
4625	Vitricomp
4626	Vixo
4627	VocalNow
4628	VOCALNOW.COM
4629	Voipa
4630	Volax
4631	Voratak
4632	Vortexaco
4633	V-TRON.COM
4634	Vurbo
4635	Waab
4636	Walk – Walk-up Access Location Kiosks
4637	Walking Glass
4638	Walla Wild
4639	Wallflower Design
4640	Waltzing Meridian
4641	WareLinks.com
4642	Waretel
4643	Wasabi Fresh
4644	Wash & Shine – Ask about the Details
4645	Wash & Watch
4646	Waste Control Group
4647	Waste Logic
4648	Waste Research Inc.
4649	Waste Traders
4650	Wastematic(x)
4651	Wastemongers
4652	Water Rodeo
4653	Water Whole
4654	Waterbaby
4655	Wax Planet
4656	Wazzu
4657	We Monsieur
4658	Wealthexchange.com
4659	Wear Wolf
4660	Web Muse
4661	Web Rocks
4662	Web Wash
4663	Webfactory.com
4664	webGeek
4665	Webiotic
4666	Webphonics
4667	Webplosion
4668	WebSports
4669	WebSprite
4670	WebTex
4671	Webversio.com
4672	Wedlocks and Bolts
4673	Weight and Sea
4674	WHAT – Walk-up Hand Access Terminals
4675	What He Said Productions
4676	What She Said Productions
4677	When In Rome Productions
4678	Whirl Wind Manufacturing
4679	White Light
4680	WhiteXOR
4681	Who Art in Heaven
4682	Whole Paycheck
4683	Whole-Lucky’s
4684	Wholesome Farms
4685	Whooping Coffee
4686	Wicked Cute
4687	Wicker Dicker
4688	Wicker Palace
4689	Wig It!
4690	Wild West Coffee
4691	WildRide
4692	Wind Shear Media
4693	Windshear Extreme Sports
4694	Wire House
4695	WireWizards.com
4696	Wisdom Farm
4697	Wisdom Research
4698	Wishy Washy Whiskers
4699	Withstand and Deliver
4700	Witness Graphics
4701	Wizdirect.com
4702	WizFind.com
4703	Wolf Wear
4704	Wonderhog Farm
4705	WonderPage.com
4706	Word Bug
4707	Word Village
4708	WordFrame
4709	WordMakers
4710	WordVirus
4711	WorkBig.com
4712	World Con
4713	World In Motion
4714	World Sage
4715	WorldAway Home
4716	Wrapture
4717	Write Light
4718	WriteTech
4719	WrongWay
4720	X Flip
4721	X It
4722	Xanide
4723	Xelegyl
4724	Xeno Logics
4725	XENO Sphere
4726	Xerex
4727	Xeronk
4728	X-Farm
4729	Xigle.com
4730	Xiix
4731	Xinware
4732	Xixan
4733	Xleen
4734	XO Kinetic
4735	Xoggle
4736	XOR Associates
4737	XOR Cells
4738	XOR Clusters
4739	XOR Family
4740	XOR Fever
4741	XOR Foods
4742	XOR Groceteria
4743	XOR Group 7
4744	XOR More
4745	XOR Sized
4746	XOR Tracks
4747	XOR Worx
4748	XORAID
4749	XORBA
4750	XORbabies
4751	XORBI
4752	XORBIT
4753	XORBITAL
4754	XORbits
4755	XORBIZ
4756	XORBO
4757	XORbrand
4758	XORBUS
4759	XORCat
4760	XORcised
4761	XORclone
4762	XORCO
4763	XORettes
4764	XORFX
4765	XORganizations
4766	XORina
4767	XORini
4768	XORkids
4769	XORlettes
4770	XORlist
4771	XORminor
4772	XORmore
4773	XORnet
4774	XORology
4775	XORpro
4776	XORscape
4777	XORspawn
4778	XORspots
4779	XORtion
4780	XORtrak
4781	XORts
4782	XORVIDAL
4783	XORVITA
4784	XORVITAL
4785	XORway
4786	XORweb
4787	Xplor
4788	X-quizit!
4789	Xsports
4790	x-stream
4791	Xth
4792	XtraXOR
4793	Xtreme Rodeo
4794	Xumonk
4795	Xurban
4796	Xurban Arts
4797	Xylar
4798	Xylo Graphics
4799	Xymonk
4800	Xyqag
4801	Y2Canine
4802	Y2K Answer
4803	Y2k Farms
4804	Yackit.com
4805	Yelling Salts
4806	Yellow Horse
4807	Yellowtronic.com
4808	YellowXOR
4809	Yester Yore
4810	Yo Coffee
4811	Yo Now
4812	YO.COM
4813	Yoga Bare
4814	Yoga Dojo
4815	Yogasm
4816	YogaStretch
4817	Yore Store
4818	You and the Horse You Rode In With Productions
4819	You Bed Your Life
4820	YOU TURN – Leadership Program for Youth
4821	Your-New-Office Janitorial
4822	Youth MP – Mentorship Program for Youth
4823	Yuccaffeine
4824	Yurture
4825	Zaggle
4826	Zaggles
4827	Zaj
4828	Zanilla
4829	Zanity
4830	Zanymax
4831	Zap Shack
4832	Zaphire
4833	Zappix
4834	Zaya
4835	Zazz!
4836	Zboo
4837	Zeam
4838	Zeam Seam
4839	Zedalis
4840	Zedalis Fund
4841	Zeen Scene
4842	Zen BBQ
4843	Zen Coin
4844	Zenco
4845	Zenlighten
4846	Zenolux
4847	Zensor
4848	Zensure
4849	Zensus
4850	Zenthall
4851	Zentia
4852	Zentility
4853	Zentime
4854	Zentix
4855	Zentrapore
4856	Zentricity
4857	Zentry
4858	Zentury
4859	Zepitope
4860	Zerbina
4861	Zero Logic
4862	Zerology
4863	ZeusNoose
4864	Zialactic
4865	Zidant
4866	Zidox
4867	Ziggles
4868	Zilch
4869	Zilencio
4870	Zilidium
4871	Zilla
4872	Zilla Concepts
4873	Zilla Place
4874	Zillaberry
4875	Zillacom
4876	Zillacon
4877	Zillactic
4878	Zilladyne
4879	Zillagoogle
4880	Zillan
4881	Zillanet
4882	Zillar
4883	Zilla’s Maps to the Star’s Homes
4884	Zilla’s Scents of Cheese
4885	Zillatide
4886	ZillaZilla.com
4887	Zillidium
4888	Zilodyne
4889	Zilphur
4890	Zinca
4891	ZINESTER.COM
4892	ZINK!
4893	ZinZin
4894	Ziore
4895	Zipak
4896	Zipax.com
4897	ZippyNet
4898	Zircon Media
4899	Zisis
4900	Zizzle
4901	Z-lestial
4902	Z-licious
4903	Zlicious.com
4904	Zoarere
4905	Zogak
4906	Zolarex
4907	Zolarity
4908	Zolavo
4909	Zomboid
4910	Zonia
4911	Zoom Zoom Shipping
4912	ZoomLine.com
4913	Zorax
4914	Zork
4915	Zorromop
4916	Zosis
4917	Zounds
4918	Zoxy
4919	Zuvy
4920	Zyple
4921	Zytrac
4922	Zytrax
4923	Zytrek
4924	Zytrex
