1	wlothean0@springer.com
2	fchate1@businessinsider.com
3	grymmer2@pen.io
4	cdyde3@nbcnews.com
5	clapley4@surveymonkey.com
6	dpoxton5@netvibes.com
7	pspellecy6@woothemes.com
8	ffrowd7@vistaprint.com
9	dbugbee8@barnesandnoble.com
10	kmorison9@1688.com
11	ahonscha@creativecommons.org
12	bblaszczykb@digg.com
13	bstoryc@cbc.ca
14	wspillardd@admin.ch
15	rcartmalee@slate.com
16	jsnalumf@msu.edu
17	bcumbesg@harvard.edu
18	revah@ning.com
19	fkeneficki@webs.com
20	jblanchej@hibu.com
21	lmcgourtyk@theguardian.com
22	gcardenl@ibm.com
23	ejorezm@msn.com
24	cbaten@soup.io
25	kwandso@shareasale.com
26	hbernakiewiczp@php.net
27	mjozefq@redcross.org
28	bdriffieldr@whitehouse.gov
29	lprews@paginegialle.it
30	bpurvert@europa.eu
31	kcourtoisu@ftc.gov
32	ztremolletv@mtv.com
33	nthursfieldw@toplist.cz
34	gaggisx@shutterfly.com
35	jgowthropy@google.com.hk
36	lcoalesz@kickstarter.com
37	qshipman10@joomla.org
38	mtett11@usda.gov
39	ttower12@uol.com.br
40	cadriaens13@webnode.com
41	mhaffenden14@mozilla.org
42	mmouncey15@adobe.com
43	bwellsman16@ebay.co.uk
44	rkrojn17@amazon.com
45	nlevine18@stumbleupon.com
46	cdayley19@un.org
47	cklossek1a@jigsy.com
48	hrobb1b@dyndns.org
49	kgerding1c@nymag.com
50	ekarby1d@google.cn
51	jcrossfield1e@google.ca
52	asant1f@wikispaces.com
53	gsandbrook1g@issuu.com
54	gsandifer1h@godaddy.com
55	cmarczyk1i@webnode.com
56	sadshead1j@jiathis.com
57	dfrangleton1k@baidu.com
58	jhurtic1l@tripadvisor.com
59	cgirvin1m@zdnet.com
60	mpenelli1n@skype.com
61	cproswell1o@patch.com
62	rskittreal1p@omniture.com
63	btarge1q@boston.com
64	phindrick1r@bandcamp.com
65	kduell1s@linkedin.com
66	croze1t@barnesandnoble.com
67	lmanders1u@jugem.jp
68	mrown1v@quantcast.com
69	jvonderempten1w@techcrunch.com
70	fjanowicz1x@lulu.com
71	bgibbard1y@pcworld.com
72	fbunyan1z@pen.io
73	jlente20@illinois.edu
74	lwybrow21@cyberchimps.com
75	nbenmore22@twitter.com
76	dstride23@elegantthemes.com
77	fdurie24@fc2.com
78	soneil25@aol.com
79	cpo26@about.me
80	lgurys27@vistaprint.com
81	wdraude28@discuz.net
82	tridsdole29@slate.com
83	hjackman2a@storify.com
84	wivel2b@cornell.edu
85	kbanks2c@naver.com
86	bmatthieson2d@furl.net
87	fmerrifield2e@squarespace.com
88	jtuiller2f@gizmodo.com
89	baddenbrooke2g@wiley.com
90	edryburgh2h@marketwatch.com
91	cgreiswood2i@shareasale.com
92	cstading2j@weibo.com
93	ftreby2k@indiegogo.com
94	mvatini2l@imageshack.us
95	ebernardotti2m@pbs.org
96	pmaillard2n@dot.gov
97	kcordelette2o@aboutads.info
98	dboleyn2p@bloomberg.com
99	oackrill2q@cdc.gov
100	cbener2r@microsoft.com
101	jmcgoldrick2s@friendfeed.com
102	ddoole2t@bizjournals.com
103	aeasdon2u@businessinsider.com
104	acasley2v@shutterfly.com
105	amill2w@columbia.edu
106	hsmeath2x@clickbank.net
107	sdurbyn2y@typepad.com
108	bpatmore2z@desdev.cn
109	rtrengove30@vimeo.com
110	vshearman31@hp.com
111	cpierro32@exblog.jp
112	kperrington33@desdev.cn
113	scheshire34@4shared.com
114	jsarvar35@constantcontact.com
115	icavendish36@hatena.ne.jp
116	lrawne37@eventbrite.com
117	npunyer38@surveymonkey.com
118	bgiovanetti39@sohu.com
119	mclare3a@bravesites.com
120	mcurtoys3b@cbslocal.com
121	edawe3c@netscape.com
122	daynsley3d@joomla.org
123	dforder3e@howstuffworks.com
124	utrelevan3f@loc.gov
125	bpengelley3g@gizmodo.com
126	kkleeborn3h@about.com
127	npladen3i@instagram.com
128	kscarman3j@pagesperso-orange.fr
129	dcrosskell3k@google.com.br
130	alauret3l@cpanel.net
131	rdallimore3m@fastcompany.com
132	brimmington3n@who.int
133	bhalesworth3o@imgur.com
134	miacobo3p@blogtalkradio.com
135	vstearne3q@miitbeian.gov.cn
136	ccrookes3r@miitbeian.gov.cn
137	jwong3s@omniture.com
138	taffleck3t@zimbio.com
139	mmaffin3u@wp.com
140	tcoombe3v@arizona.edu
141	cmccrossan3w@weibo.com
142	adrover3x@youtu.be
143	mebben3y@csmonitor.com
144	mcoonan3z@ibm.com
145	speregrine40@aboutads.info
146	jlodin41@businesswire.com
147	bkellock42@fema.gov
148	mmaggiori43@mtv.com
149	jbernadot44@macromedia.com
150	gmouan45@mysql.com
151	lucchino46@squarespace.com
152	gkrysztofiak47@hud.gov
153	ycarrell48@usgs.gov
154	dblowes49@altervista.org
155	rsneyd4a@nifty.com
156	hjekyll4b@va.gov
157	senrrico4c@npr.org
158	dhusset4d@joomla.org
159	jchilds4e@weather.com
160	mvasilyevski4f@freewebs.com
161	jkinavan4g@msn.com
162	smirrlees4h@surveymonkey.com
163	mmorriarty4i@mac.com
164	igarter4j@e-recht24.de
165	ldominguez4k@yelp.com
166	abrooking4l@abc.net.au
167	llethbrig4m@uiuc.edu
168	cscud4n@vinaora.com
169	ojessep4o@cdc.gov
170	jrounsivall4p@fema.gov
171	nlightbody4q@stumbleupon.com
172	ymaffey4r@nymag.com
173	acescoti4s@ucoz.com
174	vrosewell4t@dion.ne.jp
175	bgrinham4u@phpbb.com
176	jriceards4v@craigslist.org
177	sjikovsky4w@surveymonkey.com
178	sstiell4x@twitpic.com
179	steresa4y@sitemeter.com
180	tstonhard4z@weibo.com
181	dkobiera50@uol.com.br
182	sketchen51@odnoklassniki.ru
183	lebourne52@tinypic.com
184	ttytherton53@cnbc.com
185	aattaway54@shinystat.com
186	inorrey55@wix.com
187	fcadell56@ucoz.ru
188	rcoyett57@howstuffworks.com
189	ahannent58@time.com
190	roxherd59@irs.gov
191	dnairy5a@harvard.edu
192	ctarney5b@rakuten.co.jp
193	lvonbrook5c@bizjournals.com
194	hbaughen5d@eventbrite.com
195	ldeeney5e@hibu.com
196	lpoge5f@gmpg.org
197	adumbrill5g@woothemes.com
198	amcpaik5h@sogou.com
199	dsudell5i@fema.gov
200	ksedgemond5j@usatoday.com
201	gsmee5k@opera.com
202	xpostles5l@webnode.com
203	vgarmey5m@ucoz.com
204	krobbeke5n@telegraph.co.uk
205	aloins5o@etsy.com
206	clebarre5p@cdc.gov
207	ddufore5q@issuu.com
208	lalcoran5r@techcrunch.com
209	icollen5s@joomla.org
210	gpochet5t@themeforest.net
211	buman5u@google.co.jp
212	haveray5v@spiegel.de
213	fmerrick5w@spiegel.de
214	ayashnov5x@a8.net
215	csweeting5y@plala.or.jp
216	ctalkington5z@issuu.com
217	owoodlands60@slideshare.net
218	pmattecot61@japanpost.jp
219	dbertolaccini62@bluehost.com
220	llorent63@spotify.com
221	echrismas64@princeton.edu
222	ihawking65@github.io
223	csmidmore66@elegantthemes.com
224	sslite67@google.co.jp
225	sweddup68@aboutads.info
226	hrisby69@mtv.com
227	glothlorien6a@intel.com
228	clie6b@pagesperso-orange.fr
229	wpumfrey6c@tiny.cc
230	lgolledge6d@lulu.com
231	mrowlstone6e@loc.gov
232	wsalasar6f@csmonitor.com
233	csherrington6g@irs.gov
234	lkasbye6h@alibaba.com
235	lmuldowney6i@phpbb.com
236	cmereweather6j@oracle.com
237	lkensitt6k@columbia.edu
238	pdurrans6l@sogou.com
239	tblackie6m@issuu.com
240	fstoate6n@epa.gov
241	twoolston6o@blogger.com
242	ldebernardis6p@squidoo.com
243	gbernardet6q@constantcontact.com
244	lswatten6r@webmd.com
245	jtole6s@rambler.ru
246	ctrahearn6t@baidu.com
247	osalvadore6u@purevolume.com
248	blaugharne6v@diigo.com
249	gwinslow6w@va.gov
250	mduley6x@squidoo.com
251	broll6y@i2i.jp
252	jbracey6z@mediafire.com
253	fbesque70@bravesites.com
254	fhourigan71@pbs.org
255	djanosevic72@thetimes.co.uk
256	vlourenco73@businessweek.com
257	mcramond74@aol.com
258	bcrewes75@wikipedia.org
259	zmurfin76@weather.com
260	gtythacott77@ezinearticles.com
261	vklimshuk78@feedburner.com
262	nfilochov79@globo.com
263	btrobe7a@mapy.cz
264	sdewitt7b@ocn.ne.jp
265	bgreenhalgh7c@shutterfly.com
266	rdriscoll7d@cbc.ca
267	ajime7e@mapquest.com
268	gderks7f@umich.edu
269	gdunnaway7g@hao123.com
270	zpenwell7h@timesonline.co.uk
271	bmcnaughton7i@va.gov
272	eleishman7j@xrea.com
273	stirte7k@nydailynews.com
274	cduffree7l@wordpress.com
275	gblackie7m@hhs.gov
276	aleitch7n@woothemes.com
277	fmanlow7o@digg.com
278	gwhitton7p@dailymail.co.uk
279	bkeward7q@pen.io
280	ngodwyn7r@narod.ru
281	dvido7s@vimeo.com
282	rhallgough7t@yellowpages.com
283	eperett7u@google.cn
284	cjerschke7v@g.co
285	cgoodayle7w@trellian.com
286	cmontacute7x@cmu.edu
287	jweddell7y@flavors.me
288	htuffield7z@slate.com
289	mshuttell80@tmall.com
290	tpoultney81@squarespace.com
291	ochisolm82@unicef.org
292	tpennino83@qq.com
293	brudkin84@netlog.com
294	machrameev85@chicagotribune.com
295	crosle86@ow.ly
296	rgreswell87@feedburner.com
297	bpetegree88@nymag.com
298	slivett89@vistaprint.com
299	vgligoraci8a@google.ru
300	nlabbez8b@dmoz.org
301	rivchenko8c@taobao.com
302	amcvitty8d@google.ru
303	vverryan8e@seattletimes.com
304	bmannion8f@fotki.com
305	scoger8g@elpais.com
306	olaugier8h@free.fr
307	cskettles8i@toplist.cz
308	kharsnep8j@yellowpages.com
309	kwordsley8k@delicious.com
310	avye8l@wordpress.com
311	cconti8m@theglobeandmail.com
312	mibbs8n@wired.com
313	cbroxton8o@nps.gov
314	mlambswood8p@multiply.com
315	maubrun8q@apple.com
316	lsorby8r@cloudflare.com
317	mmaffeo8s@reverbnation.com
318	flynskey8t@upenn.edu
319	kstickins8u@ning.com
320	bstubs8v@reverbnation.com
321	lsauter8w@dailymail.co.uk
322	hferrant8x@google.it
323	ljope8y@amazon.co.jp
324	tdechastelain8z@multiply.com
325	akermode90@angelfire.com
326	jsowthcote91@ibm.com
327	adomaschke92@reddit.com
328	tspringtorp93@blogspot.com
329	nviel94@cnn.com
330	rburlay95@stumbleupon.com
331	acoppard96@dell.com
332	hcolclough97@google.com.au
333	gtayt98@mashable.com
334	lbrailey99@phpbb.com
335	creilinger9a@trellian.com
336	mhuxham9b@hibu.com
337	dobeirne9c@friendfeed.com
338	eclewarth9d@fastcompany.com
339	tmcgeever9e@facebook.com
340	bwordington9f@addthis.com
341	jmcgorman9g@addtoany.com
342	jwarder9h@instagram.com
343	sloudwell9i@google.co.uk
344	lprater9j@abc.net.au
345	eblakden9k@google.de
346	ppowys9l@comsenz.com
347	dsilvermann9m@nih.gov
348	cdadswell9n@businessinsider.com
349	hbeamson9o@usda.gov
350	ngregan9p@buzzfeed.com
351	gbemment9q@plala.or.jp
352	gdando9r@exblog.jp
353	madrian9s@soundcloud.com
354	kduplock9t@cpanel.net
355	avenus9u@posterous.com
356	hheigold9v@zimbio.com
357	hchristescu9w@sciencedaily.com
358	fivanovic9x@ebay.com
359	amacclinton9y@mtv.com
360	ltrevna9z@ft.com
361	mcantrilla0@bbb.org
362	cgeddesa1@etsy.com
363	edonnea2@craigslist.org
364	gconrea3@dion.ne.jp
365	mcheltnama4@cyberchimps.com
366	mkiplinga5@vk.com
367	sangella6@storify.com
368	ihorlocka7@theguardian.com
369	jbrandoa8@europa.eu
370	tgreatbanka9@google.cn
371	icailaa@livejournal.com
372	aconibeerab@ucla.edu
373	bnanaac@telegraph.co.uk
374	lzanuttiad@oakley.com
375	adamerellae@patch.com
376	nhairsineaf@bloomberg.com
377	cpleassag@intel.com
378	handresah@unc.edu
379	ubrownillai@51.la
380	ndowneraj@is.gd
381	kcanedoak@wired.com
382	gkiledalal@wordpress.com
383	mthiolieram@scientificamerican.com
384	apodburyan@oaic.gov.au
385	cfrydao@ning.com
386	chilaryap@studiopress.com
387	lkubesaq@networksolutions.com
388	elorinczar@simplemachines.org
389	mosanneas@irs.gov
390	nviegasat@blogs.com
391	cnilandau@netscape.com
392	rapfelav@bloomberg.com
393	jdoodyaw@apple.com
394	psidryax@aol.com
395	dcallamay@histats.com
396	jradkeaz@yelp.com
397	jdebellb0@arstechnica.com
398	abertsonb1@dailymotion.com
399	aturfinb2@illinois.edu
400	mbisattb3@mediafire.com
401	mschrievesb4@reddit.com
402	beilhersenb5@privacy.gov.au
403	tchicottib6@live.com
404	tphilliphsb7@illinois.edu
405	dkobesb8@upenn.edu
406	wskudderb9@networksolutions.com
407	nsharphurstba@ameblo.jp
408	kniblobb@woothemes.com
409	aharmonbc@blogs.com
410	kromagnosibd@tamu.edu
411	nwildingbe@hud.gov
412	aroskeillybf@google.co.jp
413	sswyersexeybg@alibaba.com
414	ejerambh@instagram.com
415	cmunganebi@netlog.com
416	tlennardbj@youku.com
417	egardbk@cafepress.com
418	gskyrmbl@imgur.com
419	escarffebm@alexa.com
420	jspadottobn@apache.org
421	malgeobo@cdbaby.com
422	sbuskbp@myspace.com
423	aorthbq@simplemachines.org
424	wpresswellbr@epa.gov
425	ccardiffbs@ezinearticles.com
426	srockcliffbt@google.com
427	hflowittbu@weather.com
428	malbionbv@java.com
429	cschulerbw@ezinearticles.com
430	sasplebx@themeforest.net
431	lizzatby@google.cn
432	aferdinandbz@dyndns.org
433	bsaldlerc0@go.com
434	mmorfellc1@state.gov
435	kdaleyc2@foxnews.com
436	cscoughc3@fema.gov
437	bmoensc4@springer.com
438	ebiggsc5@disqus.com
439	krounsivallc6@narod.ru
440	remmittc7@samsung.com
441	yspellworthc8@sogou.com
442	cmaleckyc9@nymag.com
443	lwanekca@nba.com
444	smcandiecb@berkeley.edu
445	dsennettcc@comsenz.com
446	bludgatecd@fotki.com
447	ahintzece@telegraph.co.uk
448	gjeffcoatcf@cloudflare.com
449	bpaolinocg@bbc.co.uk
450	lduligallch@dedecms.com
451	tingersonci@wikispaces.com
452	ebingellcj@nationalgeographic.com
453	vmaciejewskick@msn.com
454	sironsidecl@businessweek.com
455	oraeburncm@chronoengine.com
456	ajeaneaucn@businesswire.com
457	kmaffinco@163.com
458	aklimptcp@indiatimes.com
459	kcolisbecq@businessinsider.com
460	vburnappcr@statcounter.com
461	begginsoncs@nih.gov
462	corrobinct@tinypic.com
463	claurantcu@bbc.co.uk
464	wjohlcv@de.vu
465	mgillbankscw@yelp.com
466	sshenfischcx@phoca.cz
467	pverecy@google.com.br
468	selsiecz@technorati.com
469	dpichand0@wordpress.com
470	jpaulerd1@irs.gov
471	shazlegroved2@parallels.com
472	ayorathd3@mac.com
473	jlaxend4@discuz.net
474	lstirlingd5@hibu.com
475	mrued6@gravatar.com
476	zgoodfellowed7@alexa.com
477	jtailld8@myspace.com
478	egoltond9@plala.or.jp
479	rstarmoreda@stumbleupon.com
480	aomoylanedb@cyberchimps.com
481	hwimmsdc@wired.com
482	iliversagedd@google.com
483	xlouchde@google.co.uk
484	rgodlydf@comsenz.com
485	kgilliamdg@vkontakte.ru
486	cmyalldh@wunderground.com
487	smcquirkdi@discuz.net
488	ocollopdj@xrea.com
489	tharridaydk@cpanel.net
490	mgotcliffedl@imageshack.us
491	alifseydm@marriott.com
492	kkirwindn@jigsy.com
493	mkalldo@cmu.edu
494	tfransemaidp@toplist.cz
495	tcraythorndq@wikipedia.org
496	pspedronidr@cdbaby.com
497	akmicickids@altervista.org
498	akeavenydt@instagram.com
499	abaudouindu@springer.com
500	stolossidv@devhub.com
501	ashatliffedw@squarespace.com
502	ajiggledx@google.co.uk
503	mgarritleydy@un.org
504	cbampkindz@multiply.com
505	slateye0@dailymail.co.uk
506	rscuttere1@hp.com
507	rcarniere2@thetimes.co.uk
508	rwhitlowe3@w3.org
509	gstorrore4@gov.uk
510	mhambatche5@adobe.com
511	jponceforde6@techcrunch.com
512	jaspenlone7@yahoo.co.jp
513	mblancee8@sciencedirect.com
514	cvanleeuwene9@hp.com
515	mchestneyea@tripod.com
516	ccourceyeb@ucsd.edu
517	rbarnsleyec@imageshack.us
518	eoverstoneed@netscape.com
519	pgauleree@phpbb.com
520	bbraundtef@delicious.com
521	rwhylereg@sohu.com
522	wajsikeh@goo.ne.jp
523	lparresei@wunderground.com
524	lnevinsonej@youtube.com
525	dsapsonek@ebay.com
526	mletessierel@bloglines.com
527	scarvilem@macromedia.com
528	akilshawen@imgur.com
529	kgilliceeo@aboutads.info
530	afrancomep@ftc.gov
531	bburdeeq@mediafire.com
532	lcalveleyer@mit.edu
533	btregeaes@tiny.cc
534	ldecourtneyet@timesonline.co.uk
535	jrushbrookeu@disqus.com
536	gelietev@blog.com
537	ahenriquesew@nydailynews.com
538	galoshechkinex@joomla.org
539	vgordeney@deliciousdays.com
540	ghawkinsez@dion.ne.jp
541	eplosef0@huffingtonpost.com
542	csacksf1@mediafire.com
543	dburgonf2@google.es
544	asentf3@umich.edu
545	dhalegarthf4@reverbnation.com
546	phapgoodf5@nps.gov
547	rmcnuttf6@goo.ne.jp
548	kpersentf7@deviantart.com
549	salbersf8@cornell.edu
550	mmcpaikf9@ebay.com
551	cwhatleyfa@typepad.com
552	bwaisfb@theatlantic.com
553	zpedrozzifc@washington.edu
554	jcrosbyfd@bravesites.com
555	esuettfe@gravatar.com
556	nmckibbenff@angelfire.com
557	kwakesfg@buzzfeed.com
558	klettfh@gmpg.org
559	bmursellfi@typepad.com
560	joxtobyfj@studiopress.com
561	vthewsfk@amazon.co.jp
562	pscotchmurfl@hexun.com
563	hsoaresfm@blogtalkradio.com
564	nforsonfn@seesaa.net
565	tmeadusfo@oracle.com
566	scrolefp@opensource.org
567	csneddonfq@alibaba.com
568	xdanielsohnfr@rambler.ru
569	ggourliefs@123-reg.co.uk
570	ngonsalvezft@archive.org
571	bgarlickefu@google.nl
572	tpearfv@nationalgeographic.com
573	hgibbinfw@smugmug.com
574	sphibbfx@webmd.com
575	scadallederfy@de.vu
576	rmacscheriefz@java.com
577	bbernthg0@geocities.com
578	wsebireg1@miibeian.gov.cn
579	jradborng2@sakura.ne.jp
580	elytleg3@salon.com
581	vmassimig4@bloglines.com
582	treidieg5@patch.com
583	aburnupg6@gravatar.com
584	grahlg7@simplemachines.org
585	dmuddimang8@arizona.edu
586	bmoldeng9@java.com
587	swillavizega@diigo.com
588	ltennetgb@addthis.com
589	umundygc@nbcnews.com
590	zblythinggd@1und1.de
591	adockrellge@skyrock.com
592	jboullengf@samsung.com
593	twilcotgg@prweb.com
594	ipepingh@squidoo.com
595	ecockrellgi@squidoo.com
596	efogggj@people.com.cn
597	umaccostigangk@eepurl.com
598	tdomercgl@51.la
599	eormerodgm@gov.uk
600	dseilergn@reference.com
601	fattenbrowgo@tinyurl.com
602	nwagnergp@hibu.com
603	aviviansgq@t.co
604	kthreshergr@moonfruit.com
605	akamiengs@examiner.com
606	uhickengt@cornell.edu
607	mwakegu@umn.edu
608	cfrancescgv@jigsy.com
609	anormanvillgw@independent.co.uk
610	oreviegx@privacy.gov.au
611	fstalleygy@europa.eu
612	jvlasovgz@mysql.com
613	tegglestonh0@google.com.hk
614	taddsh1@mozilla.org
615	afromonth2@nps.gov
616	dsherh3@tuttocitta.it
617	sfaudrieh4@foxnews.com
618	ethormannh5@noaa.gov
619	ndjurevich6@vimeo.com
620	cmattielloh7@techcrunch.com
621	hnowlandh8@list-manage.com
622	rgodonh9@wp.com
623	ngunthorpeha@360.cn
624	badshedehb@51.la
625	mleversuchhc@blog.com
626	cpetrehd@exblog.jp
627	rlynamhe@facebook.com
628	rchatenethf@acquirethisname.com
629	bmacinherneyhg@biblegateway.com
630	cpeterhh@unc.edu
631	rrawlynshi@ovh.net
632	sbaldacchihj@microsoft.com
633	vbernardothk@weather.com
634	tskillernhl@cbc.ca
635	gmalyanhm@mozilla.com
636	mtrewhellahn@tinyurl.com
637	mscrangeho@unblog.fr
638	lrowthornhp@unblog.fr
639	abradnamhq@webnode.com
640	eredmainhr@samsung.com
641	bdurtnellhs@pbs.org
642	wnewbeginht@symantec.com
643	tragathu@yale.edu
644	ewhinrayhv@yahoo.com
645	bbernardohw@ucla.edu
646	lhuffhx@stumbleupon.com
647	mklimkovhy@intel.com
648	jhayworthhz@facebook.com
649	bjadczaki0@ted.com
650	wobriani1@edublogs.org
651	dportali2@amazon.com
652	bmanifieldi3@alexa.com
653	dblatchfordi4@rambler.ru
654	jbericki5@wisc.edu
655	lsummersetti6@tuttocitta.it
656	mmerlei7@qq.com
657	aecclestoni8@skype.com
658	brounsefelli9@answers.com
659	cdoolyia@digg.com
660	ekeyworthib@narod.ru
661	mtrowleic@narod.ru
662	olissandreid@latimes.com
663	kpetzie@bandcamp.com
664	rblagbroughif@addthis.com
665	sbutchartig@businessweek.com
666	lalbroih@nature.com
667	mmacrierieii@123-reg.co.uk
668	hhalifaxij@bbb.org
669	lmormanik@arizona.edu
670	caskewil@timesonline.co.uk
671	mbetteridgeim@dagondesign.com
672	tborrottin@furl.net
673	emaleckio@studiopress.com
674	rtregaskisip@shutterfly.com
675	jashwoodiq@bing.com
676	kcrossgroveir@ucla.edu
677	dpetscheltis@pinterest.com
678	tsprakesit@nymag.com
679	jshinglesiu@github.com
680	alehmanniv@wsj.com
681	dkensittiw@ebay.com
682	cdeniskevichix@histats.com
683	mpetfordiy@cdbaby.com
684	dhabbershoniz@odnoklassniki.ru
685	rmaynardj0@dyndns.org
686	efarrerj1@prlog.org
687	cbleacklyj2@oakley.com
688	sduddenj3@icq.com
689	mblasiusj4@google.fr
690	apallinj5@reddit.com
691	hfawsonj6@scientificamerican.com
692	jbiggadikej7@hugedomains.com
693	emilleaj8@360.cn
694	kbannisterj9@hud.gov
695	fminchellaja@wunderground.com
696	ssivilljb@forbes.com
697	bshovelljc@qq.com
698	vhayhoejd@springer.com
699	mlinseyje@altervista.org
700	dmelljf@marriott.com
701	vwalklettjg@tuttocitta.it
702	dlambiejh@csmonitor.com
703	dquakleyji@godaddy.com
704	crarityjj@paypal.com
705	lgalbraithjk@amazonaws.com
706	ehurnjl@wunderground.com
707	lspurgejm@xing.com
708	divanovjn@plala.or.jp
709	tquereejo@w3.org
710	dguilletjp@indiegogo.com
711	emcelvoguejq@theglobeandmail.com
712	ttymjr@baidu.com
713	kcasebornejs@miibeian.gov.cn
714	fyglesiasjt@economist.com
715	ashenfishju@networkadvertising.org
716	kfinnanjv@hud.gov
717	mskaifjw@cafepress.com
718	tpakesjx@devhub.com
719	hlocknerjy@oracle.com
720	jwheelerjz@jiathis.com
721	lharmank0@paypal.com
722	brheaumek1@telegraph.co.uk
723	cgingerk2@ucla.edu
724	aganek3@npr.org
725	cjadczakk4@furl.net
726	aguarink5@china.com.cn
727	jcarpenterk6@desdev.cn
728	dacedok7@chron.com
729	cdunseathk8@addtoany.com
730	eladbrookek9@pcworld.com
731	hhuckeka@about.me
732	asauvagekb@thetimes.co.uk
733	ehildredkc@jimdo.com
734	ctallmankd@macromedia.com
735	vshilstonke@youtu.be
736	challskf@reverbnation.com
737	emucklekg@so-net.ne.jp
738	cprendergrasskh@pbs.org
739	lshieldski@about.com
740	sdorbinkj@wired.com
741	ebirdallkk@prweb.com
742	caucottkl@tinyurl.com
743	ekeenleysidekm@printfriendly.com
744	cgoldsbykn@surveymonkey.com
745	crimourko@fotki.com
746	ndryburghkp@nps.gov
747	ltumekq@freewebs.com
748	jchopinkr@msu.edu
749	tkeyhoks@people.com.cn
750	vbritlandkt@deliciousdays.com
751	eyashanovku@sbwire.com
752	rhatherleykv@state.tx.us
753	vglenniekw@unc.edu
754	rjuppkx@seesaa.net
755	millingsworthky@lycos.com
756	aconiberekz@i2i.jp
757	shansleyl0@jimdo.com
758	gruddimanl1@ask.com
759	scalverleyl2@opera.com
760	wflewl3@ftc.gov
761	cescoffreyl4@usnews.com
762	slygol5@nyu.edu
763	soveralll6@utexas.edu
764	gautinl7@newsvine.com
765	ldebowl8@opera.com
766	sneillyl9@cornell.edu
767	zmcreathla@ustream.tv
768	lfairbridgelb@bandcamp.com
769	dpinningtonlc@gov.uk
770	dfinneranld@diigo.com
771	jlarkle@wordpress.org
772	asheereslf@cargocollective.com
773	jleghornlg@tuttocitta.it
774	cpennonilh@hibu.com
775	lthurbornli@prnewswire.com
776	gbazelylj@google.de
777	gchallonerlk@xinhuanet.com
778	rgoldsackll@google.com
779	pmaciejaklm@sciencedirect.com
780	gelsburyln@nasa.gov
781	wrickesieslo@cnbc.com
782	kparkesonlp@networksolutions.com
783	tschwandlq@blogger.com
784	spattisonlr@statcounter.com
785	slampels@geocities.com
786	wmorstattlt@google.fr
787	nmillierlu@admin.ch
788	ttoppinglv@themeforest.net
789	cvanderkruilw@smh.com.au
790	gjeacockelx@latimes.com
791	rswedelandly@google.com.br
792	askaselz@wix.com
793	bfawderym0@mashable.com
794	flemerym1@yellowpages.com
795	dlattam2@icio.us
796	jkinsleym3@wsj.com
797	bquinanem4@vk.com
798	rcausonm5@csmonitor.com
799	pnorrism6@topsy.com
800	chartellm7@ebay.com
801	krubegam8@sphinn.com
802	hmcmurdom9@meetup.com
803	sdoughertyma@barnesandnoble.com
804	ubunworthmb@ocn.ne.jp
805	abuckmc@engadget.com
806	mollerenshawmd@harvard.edu
807	charnimanme@bloomberg.com
808	kbosleymf@com.com
809	lbesantmg@arizona.edu
810	gjonuzimh@woothemes.com
811	knashmi@tripadvisor.com
812	fmckeadymj@forbes.com
813	wcorpesmk@cnet.com
814	adefreyneml@home.pl
815	mlagadumm@army.mil
816	jcregganmn@answers.com
817	cmcveymo@arstechnica.com
818	wrammemp@alexa.com
819	hantonaccimq@eventbrite.com
820	dgritlandmr@time.com
821	wdicksonms@oracle.com
822	kconellymt@constantcontact.com
823	cabbamu@netscape.com
824	jemmattmv@huffingtonpost.com
825	scasfordmw@cyberchimps.com
826	ytonnesenmx@booking.com
827	ncahalinmy@istockphoto.com
828	rvairowmz@squidoo.com
829	elungn0@nsw.gov.au
830	fsreenann1@shareasale.com
831	mbannestern2@addthis.com
832	arushtonn3@flavors.me
833	dgleadhalln4@bbb.org
834	jlambrichtn5@springer.com
835	tclowsern6@shareasale.com
836	kkleszinskin7@hao123.com
837	fohalleghanen8@symantec.com
838	lolijven9@dmoz.org
839	mgirardonina@tripod.com
840	pvasnetsovnb@gmpg.org
841	ebennernc@elegantthemes.com
842	tkershawnd@sun.com
843	alealne@devhub.com
844	mtakosnf@xrea.com
845	rhinkenng@answers.com
846	egreenhalghnh@sphinn.com
847	kduddellni@redcross.org
848	hfaheynj@usa.gov
849	cgrigorievnk@pagesperso-orange.fr
850	swabernl@netscape.com
851	mlavallenm@columbia.edu
852	abaseleynn@reference.com
853	fbamblettno@furl.net
854	kroskelleynp@who.int
855	mcaselicknq@hc360.com
856	trichtennr@comsenz.com
857	hborhamns@nsw.gov.au
858	dchampagnent@indiatimes.com
859	ejeffreysnu@princeton.edu
860	dpieroninv@cocolog-nifty.com
861	orojelnw@jimdo.com
862	bbidewelnx@sciencedaily.com
863	cchesonny@scribd.com
864	mdallonnz@elpais.com
865	lroneyo0@domainmarket.com
866	vbeineo1@ibm.com
867	sbinhamo2@fema.gov
868	cfarrowo3@dell.com
869	gforrestallo4@virginia.edu
870	msymsono5@paginegialle.it
871	ttomasellio6@zdnet.com
872	ggorrieo7@uol.com.br
873	hlynagho8@businessweek.com
874	dlocalo9@hostgator.com
875	ccruceoa@tripod.com
876	rtoftob@boston.com
877	bblydenoc@dropbox.com
878	mmehmetod@quantcast.com
879	sgorickeoe@smugmug.com
880	kvanveldeof@twitter.com
881	gbarfittog@zimbio.com
882	drounsivalloh@apple.com
883	cmckimmeyoi@berkeley.edu
884	cperschkeoj@miibeian.gov.cn
885	fasserok@goo.gl
886	gglayzerol@ow.ly
887	troselliom@hud.gov
888	lmattissonon@amazon.co.jp
889	stribbleoo@ox.ac.uk
890	mbrutyop@timesonline.co.uk
891	ppercifulloq@wikipedia.org
892	calbersor@tinyurl.com
893	dsouleos@forbes.com
894	cgeistbeckot@icio.us
895	twareingou@weather.com
896	kfrankesov@howstuffworks.com
897	ayoxallow@telegraph.co.uk
898	eabeleox@fc2.com
899	emoraloy@dropbox.com
900	akarpushkinoz@prnewswire.com
901	bstendallp0@si.edu
902	byendallp1@mlb.com
903	pportmanp2@psu.edu
904	tphilbinp3@addthis.com
905	minchbaldp4@gov.uk
906	bgarrodp5@bbc.co.uk
907	zguyerp6@freewebs.com
908	hkallp7@vistaprint.com
909	ngirschp8@tuttocitta.it
910	elyptradep9@booking.com
911	abramallpa@cdc.gov
912	fjenkingpb@live.com
913	asweedlandpc@nyu.edu
914	cparsellpd@cnbc.com
915	gwestmanpe@oakley.com
916	pkeedwellpf@technorati.com
917	jparbrookpg@prlog.org
918	wbarbeyph@hexun.com
919	cmenchentonpi@adobe.com
920	rborgnepj@soundcloud.com
921	imyderscoughpk@unblog.fr
922	ldenslowpl@hubpages.com
923	dollettpm@t-online.de
924	lhilarypn@illinois.edu
925	bpielepo@vkontakte.ru
926	zebhardtpp@shinystat.com
927	nmarcomepq@washingtonpost.com
928	sthiemepr@mysql.com
929	gcriellyps@webnode.com
930	mrickaertpt@cmu.edu
931	hmuffenpu@house.gov
932	tyerrellpv@constantcontact.com
933	gmeelandpw@slashdot.org
934	rdamiatapx@yahoo.com
935	yadrianipy@csmonitor.com
936	calgiepz@wired.com
937	mjacobq0@liveinternet.ru
938	jhadentonq1@theglobeandmail.com
939	akissickq2@istockphoto.com
940	gearryq3@ftc.gov
941	cpackhamq4@opensource.org
942	lcleavelandq5@wordpress.org
943	ekaplinq6@cloudflare.com
944	gbernadotq7@wikia.com
945	gberrieq8@devhub.com
946	rspatarulq9@acquirethisname.com
947	tsamsonqa@ycombinator.com
948	tlukasenqb@netlog.com
949	mellesmereqc@ucla.edu
950	xsainthillqd@drupal.org
951	fcastellaniqe@wunderground.com
952	vroseveareqf@cornell.edu
953	hlaxtonneqg@arstechnica.com
954	lellyattqh@usnews.com
955	wagusqi@google.co.uk
956	gdurkinqj@yale.edu
957	wgumlyqk@ibm.com
958	dmcvaneql@fc2.com
959	cklosgesqm@economist.com
960	njellemanqn@blinklist.com
961	taleixoqo@walmart.com
962	cgorwoodqp@sakura.ne.jp
963	lonthankqq@tripod.com
964	fmarkovaqr@soundcloud.com
965	dgrassiqs@ted.com
966	rgelardiqt@toplist.cz
967	sworttqu@pagesperso-orange.fr
968	lgrimwadeqv@ucla.edu
969	pharwellqw@geocities.com
970	cmidghallqx@dailymotion.com
971	areinerqy@bigcartel.com
972	mgoveyqz@google.de
973	fshearsbyr0@paypal.com
974	gscudderr1@state.gov
975	bmcmeekingr2@theatlantic.com
976	aplasterr3@usa.gov
977	awrigglesworthr4@youku.com
978	jbeaudryr5@cbc.ca
979	cmarietonr6@amazon.co.uk
980	gscreenr7@123-reg.co.uk
981	sferronierr8@nature.com
982	mhinstockr9@ted.com
983	spremblera@comcast.net
984	tlayfieldrb@miitbeian.gov.cn
985	jreditrc@nba.com
986	epilcherrd@webmd.com
987	jcrowthre@archive.org
988	estoutrf@meetup.com
989	mkochelrg@php.net
990	fbinnionrh@php.net
991	awoodheadri@vkontakte.ru
992	btippingrj@aol.com
993	mgreaserrk@gnu.org
994	rbarrowrl@google.co.uk
995	vcornillrm@vistaprint.com
996	lburnhamrn@auda.org.au
997	ctigwellro@pagesperso-orange.fr
998	hhattersleyrp@dedecms.com
999	lstallybrassrq@smugmug.com
1000	ycattermolerr@imdb.com
