0	1103 Robinson Cape Suite 349, East Corey, KS 41484
1	220 Christopher Bridge, New Craigchester, NC 47208
2	747 Alyssa Rest Apt. 741, Starkfurt, SD 81125
3	4606 Ryan Cliffs, Port Adam, IL 96044
4	74189 Denise Walks Suite 025, New Martha, MN 09434
5	PSC 2928, Box 4793, APO AA 84565
6	45404 Hernandez Place Apt. 691, Port Scott, ND 18139
7	PSC 4297, Box 2954, APO AP 39300
8	2176 Danielle Vista, North Lanceburgh, WY 65636
9	3777 Sherri Key Suite 623, Suttonshire, TN 05501
10	314 Benitez Drive, New Madison, MD 33677
11	857 Crystal Point, Lake Jeanville, MO 76224
12	45323 Johnson Lodge Suite 543, New Erica, OR 87955
13	82619 Nelson Lock, West Anashire, RI 70557
14	6436 Castro Union, Oliverborough, AL 28062
15	66479 Duane Turnpike Apt. 983, South Diane, NJ 15103
16	88702 Salinas Orchard, North Williamborough, CA 18085
17	26583 Moore Cape Suite 852, East Danielland, NV 37294
18	24887 Lane Light, Obrienstad, VT 46300
19	555 Norris Green, East Johnfurt, MN 29274
20	987 Mckee Unions Suite 484, Watersshire, NC 02216
21	73775 Kylie Spurs, Port Richardville, OH 30114
22	827 Gordon Gardens, North Tyler, WV 29938
23	972 Landry Drive, East Debbieview, MT 65013
24	89097 Pierce Ports Suite 955, South Matthewtown, MS 63530
25	29847 Carter Dale Suite 390, South Chloeport, MD 85228
26	700 Brian Land Suite 863, Bryantbury, OR 45941
27	17373 Briana Ville Apt. 715, Alexandrialand, NM 37639
28	22951 Danielle Keys, Lake Hollystad, SC 97426
29	212 Brooks Estates Apt. 589, Catherineside, AR 35712
30	68380 Karen Gateway, Ashleyton, AZ 85845
31	20187 Janice Hills, Stephenfort, ME 72379
32	66771 Pamela Cove Apt. 598, New Patrick, MT 08845
33	3190 Dawn Village, West Patriciatown, ME 41075
34	374 Mosley Squares Apt. 199, Cruzstad, ME 01689
35	596 Christopher Circles, Mendozahaven, AZ 82554
36	24174 Becker Tunnel Suite 416, Port Patricia, MD 26618
37	604 Austin Landing Suite 379, Thompsonchester, WV 79269
38	36939 Carlos Islands, Rodriguezshire, VA 44364
39	72176 Roberts Flats Apt. 246, Lake Jesse, SD 82316
40	5925 Ellis Isle Suite 701, West Katherine, ID 71596
41	745 Andrew Drive, Jacobmouth, WV 00608
42	0994 Hernandez Plains Suite 181, Austinland, DC 89195
43	34493 Justin River, East Alexandraburgh, FL 29640
44	39956 Susan Harbors Apt. 566, New Jennifer, RI 46270
45	0668 Clay Trail, West Randy, KS 94410
46	6315 Patty Station Suite 915, New Kathryntown, IL 02750
47	Unit 9714 Box 7858, DPO AA 76106
48	5190 Sheppard Fall, Jonesville, FL 03929
49	06860 Paula Hills, Port Willieside, MA 98651
50	20151 Laura Plaza Apt. 754, South Christopher, LA 95369
51	6221 Bradshaw Trace Apt. 890, Perezborough, NY 15357
52	62847 Scott Vista, East Edwardside, WI 61776
53	62345 Ayers Stravenue Apt. 720, Bryanmouth, ND 81491
54	4711 Mark Drives Suite 920, Jesseshire, ND 82554
55	251 Elizabeth Wells, Davenportfort, OH 11946
56	075 Doyle Forge, Powershaven, NH 65576
57	8035 Houston Cove Apt. 717, Port Michaelstad, ND 43263
58	PSC 8808, Box 9630, APO AP 16812
59	98696 Laura Manors, Lake Erichaven, GA 17674
60	88678 Bailey Rest, Port Mollyville, PA 51990
61	PSC 0160, Box 5575, APO AE 91754
62	Unit 3610 Box 7289, DPO AA 08196
63	529 Rachel Drives, Hunterfurt, VT 35070
64	PSC 0766, Box 0173, APO AP 79404
65	4961 Palmer Circle Apt. 343, New Karaside, MD 08386
66	197 Paul Ports Suite 279, Holmesmouth, WA 76860
67	237 Philip Key, New Christinaview, MA 92069
68	776 Michael Valleys, West Amystad, WA 24134
69	94863 Bryant Walks Apt. 108, West Angelaton, TN 33083
70	8896 Anderson Brooks Apt. 710, Aaronmouth, CT 87794
71	9641 French Creek Apt. 025, Arthurchester, SC 42913
72	294 David Village Suite 492, Port Michelle, AL 82561
73	09808 Morris Forest Suite 017, North Michael, NJ 67018
74	6960 John Green Suite 556, New Nancy, MI 62050
75	471 John Forks, Alexanderstad, AZ 98011
76	USNS Underwood, FPO AA 94176
77	669 Keith Camp Apt. 204, West Michaelside, ND 57021
78	26643 Archer Brooks, Lisabury, RI 48812
79	08247 Owens Walk, Jamesbury, SC 30583
80	72546 Christopher Light, South Daniel, LA 00800
81	827 Jeffery Creek Apt. 955, Cassandraberg, KS 12197
82	USNS Bradford, FPO AE 96397
83	Unit 8297 Box 0335, DPO AP 63560
84	152 Julian Corner Suite 561, Port Katherine, IL 49647
85	60838 Barbara Crest, Lauraberg, MD 37748
86	PSC 3709, Box 5999, APO AP 06797
87	9148 Hunt Walks, North Laurieberg, DE 62539
88	36863 Kathryn Divide, Blanchardmouth, RI 97580
89	0313 Simmons Place Suite 002, New Paulchester, WY 21973
90	864 Matthew Wall, Charlesville, OH 48196
91	645 White Flats, Boydfurt, UT 66104
92	546 Howard Glen, North Heather, HI 29817
93	124 Murray Courts, Johnsonfort, CT 99090
94	235 Gray Light Apt. 035, Walkerchester, NV 35743
95	2740 Ricardo Mountain Apt. 380, Georgestad, OK 70300
96	USCGC Flynn, FPO AP 37387
97	64958 Walker Shore, Gregoryville, MN 78360
98	822 Gerald Rue, Lake Angela, DE 10325
99	6664 Becky Street, Port Kariton, MO 91487
100	82635 Steven Trace, South Jakestad, ME 72550
101	USNV Long, FPO AP 96735
102	625 Stephanie Field, East Tamara, SD 05438
103	37972 Miller Mountain Suite 550, New Lisa, NC 92593
104	944 King Mill Apt. 348, Lucasfort, IN 74015
105	2326 Ryan Estate, Kaylahaven, ND 48661
106	PSC 6343, Box 9223, APO AE 72001
107	572 Hernandez Centers Suite 378, Kimland, KY 80757
108	977 Heidi Light, Lake Kendrachester, NM 15922
109	6528 Charles River, South Susanside, IL 09244
110	25238 Anthony Loop Suite 660, Lake John, MA 42779
111	060 Webster Valleys, East Candacefort, KS 98914
112	135 Kristin Walk Suite 228, South Melissaburgh, TN 13650
113	411 Chad Cliff, Leviland, MD 59330
114	Unit 7554 Box 7758, DPO AP 39909
115	977 Rogers Fall Suite 288, Willisborough, NJ 77199
116	8478 Carroll Circle Suite 481, Larryton, MO 72624
117	634 Snyder Crest Apt. 365, New Angelaport, OH 31794
118	3676 Miranda Mountains, Kimberg, MN 36018
119	00543 Michael Trail Suite 530, Curtisland, AR 40077
120	5308 Cameron Hollow, Ronaldberg, NY 41635
121	Unit 2223 Box 7775, DPO AA 79033
122	467 Brooks Spurs Apt. 532, Stevenfurt, IL 69415
123	8984 Amy Gateway, Jamesside, CO 87796
124	339 Paula Burgs Suite 273, Danamouth, TX 14076
125	531 Sarah Port Suite 531, Pittmanstad, NC 87879
126	918 Blake Landing, Thomashaven, NV 92129
127	5767 Samuel Parks, Stephanieport, UT 40112
128	59378 Cole Passage, Port Destiny, DC 99089
129	789 Byrd Summit Suite 063, Marquezmouth, VA 53887
130	809 Howell Neck Apt. 346, Gavinmouth, PA 64833
131	47947 James Garden, Cookton, WV 45648
132	4999 Henry Vista Apt. 102, Aaronchester, OH 40266
133	49875 Jonathan Extension Apt. 149, Rochamouth, CA 53766
134	645 Simmons Plain Suite 629, East Mikayla, CO 68967
135	331 Angela Spring Apt. 430, Mckinneymouth, DC 27208
136	USS Phillips, FPO AP 90918
137	Unit 2446 Box 5178, DPO AE 47037
138	8805 Melanie Circle, South Thomas, NJ 39704
139	1557 Sanchez Inlet, Rodneytown, PA 81987
140	1994 Christine Road, Lake Eric, NH 97567
141	08719 Jay Circles Apt. 657, Williamsland, MI 55957
142	65201 Edwards Groves, New Shannon, CT 19261
143	7565 Michelle Plains Apt. 515, North Joditown, MN 38842
144	71983 Ferguson Island, West Timothy, MN 91848
145	6327 Huff Cliffs, Sweeneyshire, VT 47189
146	9480 Rivera Springs Suite 895, Lake Judy, NH 55268
147	95818 Ann Grove Suite 469, East Jasmineville, SC 59202
148	53646 Allen Expressway, Lake David, RI 09320
149	69786 Monica Course, Brentburgh, DC 99099
150	1526 Cochran Island Apt. 597, Wendyhaven, CA 44859
151	6631 Wright Lights Apt. 501, North Mikaylastad, OR 68250
152	2022 Ian Shoal, West Thomasshire, MS 56610
153	55102 Smith Village, West Bryan, DE 98425
154	1272 Martin Port Suite 852, Wellsburgh, DC 43522
155	00595 Jones Cliffs, New Jasmineport, MI 78972
156	9258 Vanessa Port Suite 018, Port Anthony, CO 96003
157	1104 Stephenson Roads, West Moniqueshire, NJ 60616
158	9357 Cordova Ferry Apt. 461, Lake Michaelmouth, DC 12380
159	93001 Colin Trafficway Apt. 154, East Justinburgh, MO 43631
160	076 Owens Shoals Suite 754, Thompsonmouth, MD 18407
161	PSC 0979, Box 0053, APO AA 80315
162	44970 Johnson Hollow, West Rachelshire, SD 97690
163	078 Joseph Cliffs, Armstrongmouth, ME 41159
164	989 Williams Skyway Suite 246, Campbellville, MO 54649
165	787 Robinson Mission Suite 878, New Maureen, OH 63260
166	662 Victoria Center, Port Mary, TN 79239
167	811 Garcia Run, Edwardtown, NY 31125
168	51622 Xavier Run Suite 958, Lake Vincenttown, WA 45959
169	496 Brittany Rue Suite 061, Robertachester, SC 46041
170	436 Vanessa Hollow Apt. 300, Port Robertchester, MT 36500
171	1079 Morrison Rue Suite 197, New Christinaton, WY 70355
172	38055 Allen Trafficway Suite 983, Nelsonbury, CA 10579
173	Unit 3053 Box 0437, DPO AA 50896
174	5966 Walters Plains, Phelpsmouth, NM 38700
175	9824 Christopher Mountain, West Kennethmouth, ME 71096
176	5415 Eric Brook, North Natalie, ME 46302
177	445 Morales Unions Apt. 748, Antonioland, WV 82043
178	2911 Aguilar Place, New Steventown, ND 27590
179	099 Diaz Forks Suite 226, North Shannonfurt, AK 92319
180	36118 Johnston Green Suite 269, Millsfort, FL 80072
181	23806 Amy Courts Suite 046, West Laurenstad, CO 94900
182	2708 Lee Ramp Apt. 536, Henryside, PA 51215
183	308 Erica Rapid, Donaldside, ME 21424
184	4345 Lewis Locks Apt. 063, East Jimmyborough, SC 25679
185	6324 Oscar Mount, West Kenneth, IL 31015
186	7018 Ronald Roads Apt. 891, East Cody, WV 15236
187	7386 Martin Villages Apt. 135, East Michael, WI 36300
188	6473 Phillips Fall, West Gloriachester, NH 94331
189	81785 Angel Overpass, Josebury, MD 54107
190	508 Pierce Ridges Apt. 624, Leeshire, RI 97210
191	113 Tracy Extension Suite 273, East Howard, MN 49543
192	1085 Wilson Rapid Suite 873, Andersonmouth, MI 77884
193	Unit 9623 Box 6818, DPO AP 23489
194	3528 Johnson Field, Kendraside, IN 81244
195	735 Zachary Ways Suite 499, East Bethany, AR 57898
196	88404 Melissa Viaduct Suite 718, Port Crystal, IN 42651
197	710 Johnson Heights Apt. 629, Hernandezside, WA 17024
198	6047 Williams Canyon Apt. 701, South Sarah, WV 39867
199	9743 Snyder Viaduct, Smithborough, NE 61328
200	257 Sheri Island, New Clintonshire, WA 16802
201	50871 Justin Lane Suite 387, North Emily, KS 09364
202	408 Bishop Estate, East Rebeccashire, VA 45797
203	0001 Allen River Apt. 470, Douglasberg, ND 32210
204	208 William Stravenue Suite 425, Johnport, TX 37814
205	43962 Byrd View Apt. 721, Moorehaven, NC 09766
206	4790 Shawn Key Suite 843, Fishertown, GA 06543
207	65698 Wood Stream, Jasonmouth, CT 83708
208	USS Hancock, FPO AE 23554
209	445 Nunez Crescent, Scottbury, MA 82114
210	1136 Maria Vista, Navarroborough, UT 13749
211	104 Simpson Summit Suite 298, Quinntown, OR 22324
212	86004 Morgan Mountain, New James, PA 33969
213	86673 Savannah Prairie, South Racheltown, DC 14233
214	76600 Johnson Springs Apt. 459, Erinview, WY 13735
215	434 Payne Village Suite 203, North Jeremy, TX 24375
216	45780 Chandler Course, East Keithborough, LA 33225
217	1594 Willis Crest Apt. 507, Rojasview, WY 98541
218	0788 Wendy Estates Apt. 163, Cookchester, TX 46066
219	690 Pearson Club, Port Brent, OK 83781
220	413 Joseph Parkway Apt. 168, Jacobshire, NE 74996
221	0426 Garcia Shore, Leonberg, LA 92073
222	277 Edward Isle, Millerborough, NE 96472
223	45715 Chavez Stream Apt. 791, Lake Christian, NV 87209
224	77774 Timothy Corners, North Seanbury, SC 64574
225	9559 Rebecca Groves, Wilsonside, OH 96513
226	718 Flowers Divide Suite 648, Jamesview, KY 78725
227	51821 Murray Canyon Suite 912, West Scott, AZ 56104
228	5342 Boyer Freeway, New Leslie, KS 17617
229	115 Carlson Crest Apt. 301, Glovermouth, PA 42639
230	Unit 7272 Box 2372, DPO AP 79214
231	62798 Kimberly Forest, Simpsonberg, TN 98898
232	7359 Soto Keys Apt. 666, Mackmouth, MO 03173
233	85850 Casey Hills, East Nicoleberg, NM 83980
234	92094 Shannon Valley, Wongfurt, DC 48903
235	Unit 3151 Box 7380, DPO AE 66510
236	90311 Michael Mountains Suite 109, Port Oscar, AZ 06958
237	5743 Flowers Junctions, Ramseymouth, WY 40087
238	USNV Cooper, FPO AA 75135
239	95083 Julie Passage, Port Austinport, OH 68717
240	73714 Paul Streets Apt. 269, East Joe, WA 91673
241	19917 Hill Groves, Johnsonfort, IN 15334
242	17872 Smith Plaza, East Johnathanland, NY 94203
243	2345 Perry Glen, Port Ambermouth, AK 43672
244	140 Christine Flats Suite 129, Lake Natasha, NC 22708
245	37728 Montoya Ridge Apt. 953, South Edwardside, VT 37617
246	0631 Gallagher Village Apt. 742, Harrisontown, UT 21027
247	24311 Hunt Circle, New Jared, NY 30888
248	71659 Scott Shoal Suite 618, Kristinaview, TX 69048
249	6871 Joseph Row, New Jeremiah, MS 53651
250	859 William Island Suite 339, Williamtown, TX 08714
251	488 Monica Road, Juanville, OR 47863
252	7166 Adams Avenue, Lake Traceybury, WV 99008
253	USNS Jensen, FPO AE 65705
254	7944 Mullins Crest, Ramirezland, WY 07181
255	05644 Burnett Passage, Port Zachary, NV 75929
256	300 Bush Flat Apt. 438, New Ashleyton, MO 70044
257	38120 Dean Rest, Samanthaburgh, LA 94035
258	713 Payne Estate, Daveborough, SD 57146
259	6087 Suzanne Parkway, Jeffreyside, GA 13804
260	USNS Burke, FPO AE 32279
261	106 Mark Canyon, Melaniestad, ND 50370
262	486 Jonathan Harbor Apt. 557, Millerchester, PA 47468
263	335 Torres Highway Apt. 279, New Tiffany, MS 79604
264	446 Preston Port Apt. 015, Ryanland, GA 33952
265	USCGC Johnson, FPO AE 57258
266	426 Fitzpatrick Trail, West Robertburgh, DC 89860
267	USS Torres, FPO AE 32888
268	2982 Hooper Bridge Suite 959, Patriciaborough, ND 81090
269	36353 Samantha Grove, Joshuamouth, MO 52700
270	6563 Lisa Hollow, Cynthiaport, AR 17082
271	9157 Melvin Village, Elizabethville, NH 70936
272	55888 Michael Knoll, Aguirreland, UT 42197
273	852 Tran Knolls, Lindaport, AK 66147
274	41824 Richard Drives, Turnermouth, TX 54941
275	6341 Camacho Meadows, Chavezshire, MA 83352
276	8107 Daniel Grove Apt. 824, Port Margaret, MO 40996
277	442 Osborn Road, Jonesstad, OR 36623
278	51982 Bryce Ways, New Tanyamouth, MO 75306
279	5140 Tanner Views, Serranoville, AK 59281
280	0127 Natalie Forges Apt. 821, New Brandon, VT 43194
281	577 Ross Road, Michellemouth, WA 23142
282	6824 Bennett Ports, South Deanville, NY 63200
283	8763 Stephanie Ferry Suite 465, Mollyview, KY 91149
284	4160 Alvarez Place Apt. 857, Katherinefurt, AR 43622
285	007 Kirk Village, Port Adam, ND 58578
286	593 Kimberly Fork Suite 863, North Mia, FL 31217
287	005 Todd Path Suite 717, Port Scotttown, CT 57762
288	PSC 6320, Box 5414, APO AP 26589
289	94086 Callahan Roads, Leslieshire, RI 96794
290	7147 White Fall Suite 065, South Katherine, ID 93229
291	5716 Patton Street Suite 376, Cummingsshire, WY 29748
292	455 Horne Track Suite 631, Lake Nicole, AZ 02900
293	53070 Buchanan Mills, New Jessica, RI 38473
294	820 Carlos View Apt. 175, Brownfort, CA 99462
295	1821 Christian Ford, Mackenziehaven, HI 99464
296	541 Nancy Cliffs Suite 196, East Stephanie, CT 71356
297	005 Katrina Hollow, West Angelicaborough, SD 98617
298	0371 Kelley Junctions Suite 514, Weeksborough, RI 03509
299	217 Robert Meadows Apt. 875, Louisburgh, MI 20456
300	428 Rebecca Roads, Port Steve, MD 55141
301	249 Jessica Loaf Suite 599, Mooneyville, MD 52303
302	64715 David Trail, New Elizabethfort, IA 97703
303	2440 Alex Prairie Suite 365, North Johntown, AK 04789
304	568 Clayton Forest Suite 401, New Alan, FL 58613
305	361 Elliott Station Apt. 939, Morenomouth, PA 88188
306	1480 Rachel Crossroad Suite 017, Port Robertstad, OH 99712
307	115 Osborn Lights Suite 720, North Brian, PA 19766
308	79433 Walker Squares Apt. 804, Lake Kellichester, NE 15465
309	819 Kevin Port Suite 532, Michaelbury, LA 40981
310	0215 Olson Roads, Deannaburgh, NH 17398
311	57995 Anderson Valleys Suite 636, West Geneville, GA 86011
312	631 Rachel Place Suite 694, North Susan, DC 23492
313	84806 Rojas Drive, West Lisa, KS 15786
314	USS Glover, FPO AA 08195
315	0028 Duarte Falls, Joannamouth, NH 47875
316	6298 Gonzalez Turnpike, Port Sethstad, AL 66642
317	Unit 7322 Box 2517, DPO AE 11101
318	89705 Moore Valley Apt. 709, East Stephanie, TN 04239
319	069 Bell Crossroad Suite 084, Ramirezhaven, ME 90534
320	61206 Jennifer Pass, West Jeremy, DC 54916
321	024 Jennifer Trafficway, South Dylan, MI 93413
322	377 Michael Branch, West Ashleymouth, WA 82103
323	6517 Curtis Forest, West James, OH 70143
324	USNV Johnson, FPO AE 33552
325	641 Jones Square Suite 785, Sarahville, NJ 95231
326	USCGC Harris, FPO AE 03045
327	549 Luis Spring, Myersview, UT 51429
328	27542 Carson Mews, Janiceland, NJ 07758
329	2262 Burns Fort, Nathanielside, CO 23459
330	97442 William Cape, Christinaview, OR 66419
331	97851 Dominique Ports, Huangside, WY 73161
332	279 Harris Divide, Wiseshire, IA 28788
333	Unit 4001 Box 5700, DPO AE 03468
334	3606 Murray Way, Sarahmouth, AL 77844
335	Unit 2405 Box 8463, DPO AA 97865
336	8106 Julie Freeway, New Nicholasfort, IA 47054
337	4591 Shaffer Plains Suite 338, South Donaldville, GA 97404
338	27896 Huerta Dale, West Claudia, OK 48918
339	729 Young Gardens Apt. 881, Port Sarahland, NJ 23861
340	87679 Annette Parkways, Staceyshire, WA 05301
341	6977 Scott Route, North Albertborough, UT 64004
342	6761 Vasquez Circle, Maryborough, DC 69825
343	02793 Diana Wells, North Maria, MA 22438
344	199 Emily Shore, East Nathan, KS 24056
345	13312 Lauren Stream, East Patrick, LA 94723
346	6696 Stokes Route, South Kellystad, AZ 05383
347	349 Janet Courts Suite 894, West Jared, DE 63551
348	2547 Hunt Circles Suite 876, Webstershire, AZ 94288
349	343 Navarro Court, Lake Jessica, SD 03051
350	76815 Mills Alley, North Deborah, TN 47162
351	02444 Trujillo Curve, Isaiahburgh, IN 23417
352	8548 Myers Corners Suite 561, Hannahfurt, WY 37644
353	579 Theodore Walk Apt. 197, New Dillonshire, SD 41139
354	18135 Smith Ports, Johnsonhaven, UT 64678
355	122 Kathryn Terrace Apt. 305, Andrewberg, MT 47211
356	558 Berry Fort Suite 008, Michaelville, OR 44611
357	1353 Parrish Walks Suite 485, South Bobby, NJ 53826
358	43993 Hector Lights, Mathisberg, WY 34171
359	9711 Alexis Avenue Apt. 812, Hickmanfort, MA 15221
360	16428 Deborah Throughway Suite 624, Carrollview, NY 93060
361	743 Horn Crossroad Suite 363, New Sherri, RI 97718
362	376 John Islands Apt. 693, Jeffreyberg, NE 99507
363	8906 Cruz Street Apt. 250, New Dennisview, NY 68807
364	2853 Jackson Road Suite 680, Lake Mikaylaland, NE 85080
365	4384 Alyssa Highway, North Amy, WY 38717
366	959 Bonnie Gateway Apt. 330, Port Stevenfort, MT 00850
367	64482 Davis Crossroad Suite 857, Smithfort, SD 15307
368	PSC 0502, Box 6205, APO AP 09751
369	Unit 1381 Box 3883, DPO AA 73746
370	036 Jeanne Fords, West Kathleenfort, NJ 09559
371	529 Stark Station Suite 561, Joshuatown, GA 59301
372	0316 Lane Lane Apt. 988, Billtown, MS 96640
373	Unit 2584 Box 7087, DPO AP 68156
374	9541 Larry Forest Apt. 070, Wilsonport, IA 62963
375	5070 Wheeler Canyon, North Dawnville, RI 71287
376	627 Butler Ridges, Laurenmouth, TN 45555
377	904 Bell Passage Suite 791, Williamhaven, IL 13575
378	271 Wanda Mission Apt. 554, Coxhaven, AR 03130
379	8478 Cody Loaf Apt. 829, North Sarah, WV 75631
380	130 James Square, West Abigail, RI 54866
381	05714 Michelle Green Suite 913, Port Jessica, RI 50962
382	558 Davis Meadow, Bradleyview, KS 12092
383	42544 Julie Mall, New Crystal, WA 62059
384	USNS Mcdaniel, FPO AA 16672
385	84122 Dunlap Brooks, Cochranland, NM 19142
386	49268 Sweeney Stravenue Apt. 996, New Cassandra, MN 34149
387	Unit 9110 Box 7188, DPO AP 57349
388	390 Anderson Underpass Apt. 741, Lake Michael, AZ 68853
389	32561 Moyer Manors Suite 876, East Rebecca, KY 21640
390	95493 Guzman Spurs, North Eric, MO 46987
391	4998 Ashley Crossroad, Johnsmouth, CO 84524
392	2815 Mccullough Trail Apt. 080, Williamsmouth, FL 66413
393	487 Matthews Dam Apt. 345, Monicaside, PA 18316
394	303 Bailey Track, Lake Markton, ME 64951
395	623 Christopher Green Apt. 827, Howeburgh, SC 62661
396	9576 Raymond Dale Apt. 667, Mitchellmouth, AL 79224
397	66960 Mark Well Apt. 153, Bethanyborough, MO 06914
398	5166 Butler Turnpike Apt. 921, Janiceport, WI 26205
399	1000 Amanda Mount, Port Robert, AK 79288
400	1448 Kelly Via, Christopherberg, SD 78993
401	PSC 2349, Box 1659, APO AP 43230
402	7920 Gina Road, Williamsmouth, NM 31242
403	733 Brett Court Apt. 731, Brittanytown, CO 75189
404	57953 Paul Crossing Apt. 577, Christineborough, MD 62375
405	785 Ricardo Field Apt. 557, West Charlesbury, AK 13401
406	3788 Jack Motorway, Butlermouth, OR 97178
407	17998 Jessica Mountain Suite 125, Port Justin, AL 81966
408	573 Jonathan Harbors Apt. 915, Matthewburgh, LA 02151
409	979 Rich Estates Apt. 387, Pruittfurt, PA 66405
410	471 Luis Circle Apt. 846, South Eric, OK 26057
411	44471 Salazar Crescent, New Angiemouth, ME 80864
412	23305 Walton Wells, Craigton, HI 04305
413	208 Joshua Valley Apt. 691, Jamesstad, NC 76109
414	65779 Sanders Isle Suite 991, Williamsbury, MD 19744
415	616 Robert Passage, Port Anthonyside, FL 38757
416	53752 Brent Hollow, East Allison, TX 46537
417	8594 Bethany Lodge Apt. 185, South Annashire, NY 99599
418	023 Mark Trail, Parsonsburgh, AR 53333
419	PSC 1724, Box 7717, APO AA 51482
420	366 Williamson Manors, Lake Stephanie, WY 88197
421	345 Velasquez Causeway, Port Shannonbury, NH 08505
422	8224 James Turnpike Apt. 987, East Jessicaview, MD 68455
423	2742 Newman Crescent, Thompsonstad, TN 82060
424	PSC 9777, Box 2080, APO AE 93156
425	23863 Hunter Ferry, Lake Crystalmouth, DC 26992
426	908 Miller Springs Apt. 599, Scottbury, FL 62599
427	3803 Price Bypass, Port Denise, CT 20284
428	4830 Robinson Pass, Baileyton, CT 00856
429	885 Garner Spurs, Simsbury, IL 15990
430	9173 Jean Rapid, East Josephview, TX 13902
431	431 Sara Glen, Bridgesfurt, IN 11464
432	96688 Cindy Vista, North Yvonnehaven, CT 72727
433	666 Stewart Gardens Suite 091, Lake Zachary, IA 05292
434	964 Mcdonald Plain Apt. 611, South Stephaniefurt, ME 26778
435	3252 Lindsay Forge Apt. 294, South Meredithbury, NE 98654
436	9195 Billy Avenue, New Bryanstad, DE 21891
437	PSC 8602, Box 2800, APO AA 22947
438	29358 Derrick Villages Suite 907, Lake Philip, HI 27599
439	1743 Edward Courts Suite 967, Karafurt, CO 41084
440	0930 Perez Center Apt. 624, North Amandaton, CT 46510
441	946 Desiree Landing, Kevinchester, MT 61450
442	88199 Logan Roads, Nicholsonstad, NH 26581
443	4984 Yoder Valleys, Powellstad, KY 52732
444	5508 Smith Glens, South Samuel, OH 04229
445	03835 Johnson Knolls Suite 791, Walkerstad, NH 04723
446	3567 Chad Haven Suite 010, Lake Sean, VT 82690
447	69040 Melissa Route, West Donna, OK 03936
448	505 William Extensions, New Randy, GA 47292
449	2690 Sims Avenue, North Joshua, IL 81456
450	1564 Elliott Mission Suite 703, North Heathermouth, GA 46508
451	5168 Wilson Walks, Craigtown, MA 35273
452	31298 Ashley Rest Apt. 644, Ronaldburgh, ND 09636
453	320 Baker Orchard, Ferrellville, GA 11177
454	94598 Kathy Drives, Lake Javierport, SC 21543
455	642 Parrish Shoals, Youngton, NY 99137
456	2380 Amy Stream, Richardsonfurt, RI 70178
457	6395 Jorge Circles, New Christopher, VA 73340
458	4538 Jamie Rue Apt. 474, Moranton, KY 83634
459	32346 Burns Center, Reynoldsside, OR 74514
460	00396 Hodge Falls, South Ian, PA 64234
461	31087 Ricky Valleys, Brandiberg, IL 94263
462	1620 Shelby Keys, Jenniferberg, MI 60704
463	1806 Chapman Port Suite 791, Boonehaven, AR 95345
464	05863 Watkins Glen Apt. 924, South Mistyville, NY 19782
465	806 Amy Turnpike, New Robertchester, WY 30001
466	PSC 4751, Box 9925, APO AP 53413
467	91553 Ryan Villages Apt. 920, North Amber, TX 28439
468	364 Garcia Expressway Suite 317, East Aliciaside, UT 10560
469	5560 Brown Ferry, Contrerasside, MD 05294
470	Unit 5979 Box 2644, DPO AE 49031
471	55139 Brown Springs, Cainfort, MN 82134
472	USCGC Rhodes, FPO AA 07910
473	06273 Hanson Trafficway Apt. 254, Port Ritafurt, MS 65256
474	039 Regina Summit Apt. 639, South Johnton, ME 48640
475	6566 Daniel Oval, North Scott, UT 54667
476	243 Sandra Expressway Suite 196, Youngview, NM 40037
477	8499 Nelson Passage, Harperburgh, DC 56373
478	273 Miller Cliff, South Angela, OH 30516
479	02612 Brady Canyon, Lake Marioberg, CA 91218
480	216 Swanson Crossing Apt. 622, Lake Philip, CT 06913
481	7588 Frank Forges Suite 439, Lake Michaelton, KS 46573
482	78983 Bush Parks Apt. 189, Banksberg, NV 15180
483	52258 Mcdaniel Springs Suite 119, East Daniel, RI 61992
484	282 Anderson Estates, Troyburgh, NV 02691
485	USNV Smith, FPO AA 96134
486	055 Janice Station Apt. 110, Port David, NJ 15895
487	358 Darryl Mission, Kennethshire, IA 20072
488	16658 Mary Inlet, Lake Chris, AL 95615
489	380 Jill Skyway, Lake Priscilla, TX 13046
490	13907 Thomas Loop, Lopezside, WA 20472
491	33610 Baldwin Corners, South Samanthatown, PA 12695
492	113 Hoffman Keys, East Ryanview, CA 14443
493	817 Guerra Underpass Apt. 676, Justinshire, NE 63979
494	7626 Griffith Brooks, North Shariport, AL 42629
495	PSC 1553, Box 7103, APO AE 26443
496	16515 Rachel Rapids, Sherrymouth, MT 04892
497	83422 Sullivan Wall, Thompsonmouth, DC 82223
498	Unit 2650 Box 8253, DPO AA 28611
499	16815 Cheryl Tunnel Suite 015, Lake Mary, ND 45054
500	05871 Dennis Corners Suite 074, Port Charles, DC 42934
501	62613 Michael Plains, Wallacemouth, KS 53907
502	308 Donna Pine Suite 507, Rogerschester, WA 08543
503	Unit 7845 Box 5566, DPO AA 93844
504	29113 Scott Knoll Suite 898, Hallview, WV 25390
505	7799 Proctor Ramp Apt. 318, Samuelton, AK 58723
506	3596 John Lane Apt. 581, New Martinchester, WV 46068
507	4490 Carpenter Mountains Apt. 434, Jessicastad, KS 87403
508	7509 Patricia Mills Apt. 151, East Elizabeth, ME 61052
509	1357 Ruiz Ford, North Nicole, RI 65070
510	21508 Christina Village Suite 975, Lake Joshualand, TN 23974
511	8993 Briggs Road, Estradahaven, WV 53641
512	USCGC Nichols, FPO AA 25486
513	651 Morrow Harbors Apt. 821, Brendafurt, DC 28689
514	94252 Natasha Mountains Suite 758, Martinmouth, MO 30571
515	7831 Wanda Way Suite 005, Port Yeseniastad, ID 31986
516	40198 Scott Gardens, Youngland, NV 83683
517	774 Cole Trace Suite 482, Cherylchester, ND 48447
518	300 Angela Trafficway Suite 524, Port Jacqueline, NY 26290
519	7078 Ellen Keys Suite 686, Lake Veronica, SC 50629
520	06454 Douglas Brooks, Bradleychester, ID 70717
521	USS Martin, FPO AA 56206
522	Unit 4893 Box 0173, DPO AE 25350
523	Unit 1983 Box 6183, DPO AA 19850
524	22026 Jones Court, Lake Christy, KY 94794
525	662 Richard Landing Suite 770, Paigetown, FL 94086
526	USS Horne, FPO AE 47437
527	271 Jessica Fields Apt. 943, Port Patrick, KS 19329
528	23792 Christine Groves, North Donaldmouth, MA 11403
529	852 Nelson Spring, South Ericville, NE 11309
530	718 Courtney Plaza Apt. 635, Port Nicoleshire, ID 96984
531	62666 Poole Knoll, Port Michael, TN 72187
532	889 Kimberly Drive Suite 259, Costahaven, RI 98244
533	51681 Vincent Path Suite 322, Richardberg, WI 92264
534	USCGC Crawford, FPO AP 23201
535	820 Amy Knoll Suite 141, East Staceyton, MA 53127
536	USNS Roberson, FPO AP 91702
537	11911 Michael Stream, Kevinhaven, DE 81580
538	4257 Christopher Loaf Suite 148, Cynthiafurt, ME 65654
539	74927 Terry Mountain, New Matthewmouth, WI 49124
540	30076 Timothy Ways, Wyattport, NH 78401
541	6358 Lawrence Roads, East Brianbury, AK 91813
542	216 Ethan Fall, New Joshuaside, NV 19816
543	08955 Stein Brooks Apt. 093, Adamston, CT 52943
544	8763 Walsh Canyon, Ronaldfurt, SC 74833
545	505 Lewis Tunnel, Allenside, LA 08230
546	29101 Mary Village Apt. 622, Lake Lori, NH 61639
547	USCGC Nolan, FPO AP 26833
548	8744 Johnson Roads Apt. 773, Jameschester, MD 71324
549	78613 William Lakes, West Phillipfurt, NC 60146
550	PSC 8729, Box 1355, APO AE 54347
551	050 Walker Orchard, Ashleyshire, NE 03287
552	99973 Morales Shoal, Tylerhaven, OK 65257
553	49575 Miller Haven Apt. 641, Port Richard, VA 32900
554	393 Beck Rapids Suite 195, East Carlos, WV 59389
555	245 Norris Knoll, Hammondburgh, MA 34053
556	3765 Hansen Curve, Hardinfurt, NE 93457
557	PSC 0782, Box 7170, APO AA 19322
558	1736 Johnson Mountain Apt. 708, Tylerton, AK 94158
559	44144 Campbell Rue, Holtstad, NV 65636
560	334 Molina View, Seanport, CA 25480
561	52234 Kimberly Parkways Suite 637, Myersburgh, NJ 62038
562	USS Haynes, FPO AE 71083
563	93974 Rowe Viaduct Apt. 220, East Jenniferstad, OR 05274
564	0161 Stephen Light Suite 321, East Stevenmouth, MA 13578
565	946 Fischer Ridge, Oliverfort, GA 26749
566	25440 Boyle Oval, Scottview, OR 55416
567	525 Matthew Green, North Benjaminburgh, RI 91890
568	570 Kevin Port Suite 720, New Bryce, MT 73631
569	0338 Parker Lodge Apt. 078, Davilaburgh, KS 25299
570	6360 Mckenzie Lodge Apt. 573, Smithshire, LA 67471
571	29673 Michelle Via, Adkinsside, MT 28051
572	2877 Smith Flat Suite 418, Kimberlyport, AZ 76059
573	PSC 9527, Box 3888, APO AA 65142
574	70649 Rodney Run, Johnton, OH 67464
575	9202 Heidi Shoal Suite 232, East Meganmouth, WI 98863
576	PSC 6175, Box 3450, APO AP 39192
577	PSC 6033, Box 3378, APO AA 33798
578	105 Erica Manors, Sharonbury, DE 61426
579	Unit 3207 Box 0607, DPO AP 93386
580	179 Geoffrey Corners Apt. 040, Carterville, NV 06871
581	507 Karen Lakes, Williammouth, SC 74150
582	155 David Fords, Adamville, RI 88134
583	27567 Brian Way Suite 289, South Wesley, NH 22786
584	3442 Yoder Squares Apt. 884, Willieside, TN 28017
585	33969 Daniels Plaza Apt. 753, Williamland, ME 92691
586	8392 Tina Station Suite 074, Lake Paul, NY 40814
587	USNV Kelly, FPO AE 24101
588	3810 Proctor Ridges Suite 533, Underwoodbury, KY 74984
589	2028 Williams Meadow Apt. 340, Michaelbury, TN 66737
590	79177 Hernandez Forge Suite 704, South Emily, RI 07469
591	34877 Alice Forest, New David, FL 29265
592	7853 Nguyen Fords, Lake Haley, IA 33127
593	4161 Mullins Square, Fishertown, CA 56448
594	PSC 8609, Box 1971, APO AE 37890
595	443 Kimberly Ridge Apt. 832, Jeremyberg, OR 25678
596	395 Lisa Fork Suite 218, Turnerchester, MI 27819
597	2060 Yang Tunnel, West Gary, MN 35635
598	3967 Jason Branch, Calhounton, MI 38916
599	9193 Brown Club, Howardville, WI 26030
600	1666 David Ferry Apt. 548, New Justin, IN 25900
601	2203 Turner Island, Lake Kathyhaven, MA 40227
602	667 Sherman Drive, Ortizchester, MD 66815
603	6926 Christy Well, West Rebecca, NV 76874
604	9508 Cooke Highway, Lake Xavier, VT 06299
605	05561 Park Shore Apt. 978, Anthonyton, FL 82830
606	595 Tammy Garden, South Marcus, ND 05122
607	57082 Lee Spurs, New Juliaview, GA 53679
608	6993 Randy Plains Apt. 517, Bellshire, PA 66499
609	07920 Gary Curve Suite 342, East Elizabethland, NJ 95037
610	03013 Natalie Circle, East Christopher, CT 88431
611	PSC 8753, Box 0074, APO AE 84783
612	Unit 1747 Box 3880, DPO AP 59508
613	66319 Ryan Summit Suite 989, New Alicia, DE 11941
614	1309 Alexander Mill, Graymouth, PA 62394
615	87184 Barnes Overpass Apt. 339, West Anthonyland, CA 70824
616	1269 Alexander Divide, Jeffreyton, TN 88925
617	1782 William Crossing Apt. 070, East Robertport, MO 13518
618	7912 Sean Greens Suite 073, Bellport, PA 06307
619	9050 Chase Field Suite 819, Williamsbury, TN 56119
620	12160 Miller Meadows Suite 090, Russellport, AK 03697
621	66835 Lacey Extensions Apt. 057, Lake Kevinfort, MT 05287
622	752 Brown Vista Suite 666, Monicaton, IL 58148
623	0455 Jerry Parks, Port Mercedeschester, ID 56168
624	66718 Michael Pine, Annamouth, WV 57495
625	919 Justin Common Suite 728, East Christopher, AK 34988
626	5241 Christopher Course, Port Jeffrey, OR 54074
627	05938 Rodgers Estates, South Edwin, DE 63945
628	USCGC Green, FPO AP 56406
629	11935 Rebecca Oval, Jenniferport, NC 92988
630	6573 Jonathon Light, New Robert, KS 95410
631	5429 Wilson Creek Suite 607, New Richard, LA 17171
632	441 Jonathan Meadow Apt. 267, Lake Margaretborough, CO 42809
633	61267 Brandon Greens, Adamport, NC 56481
634	328 Strickland Vista Suite 544, Codyfurt, CT 91495
635	2754 Thomas Unions Suite 826, Lake Laurie, AZ 28188
636	872 Maria Mountains Apt. 109, Jeffreyport, CO 04538
637	76823 Cruz Lodge, Port Mason, MS 34511
638	99073 Stout Gateway, East Nicholasfort, MI 42028
639	75232 Johnson Dam Suite 756, Morrisontown, MD 56058
640	974 Richardson Street, Lake Michaelmouth, KY 78831
641	692 Anthony Summit, Markview, MT 00884
642	916 Randy Stream, Longborough, WV 68607
643	987 Erica Pines, Brianchester, IL 22082
644	8242 Brian Lights Apt. 419, Smithborough, MO 06945
645	USS Graves, FPO AP 81204
646	Unit 4245 Box 5834, DPO AE 27004
647	69060 Melissa Loop Apt. 885, Markberg, DC 22308
648	0745 Jenny Wells Suite 844, Salinasberg, LA 09352
649	635 Young Highway, North Brandonburgh, SD 67546
650	52706 Erickson Road Suite 040, Pattersonland, SD 45162
651	1645 Michael Mountains, Port Tammyside, TX 61889
652	2752 Eric Gateway, South Thomasfort, NH 91979
653	84792 Rogers Mill, North Catherine, OR 97529
654	148 Cox Terrace Apt. 173, Parkerview, AR 58020
655	USCGC Allen, FPO AA 16679
656	9399 Berry Creek Suite 370, South Michael, SC 82867
657	353 Mark Mountains, Adamfort, NH 11910
658	327 Howard Rapids, Lisaborough, IL 88644
659	Unit 5352 Box 4171, DPO AE 52654
660	023 Cole Plaza Apt. 765, Michaelton, AZ 07333
661	6032 Jerry Parkway, Lake Steven, IL 72486
662	37824 Pittman Streets Suite 330, Lake Caitlinview, MN 91866
663	8419 Flores Corner, Ramosland, NY 14669
664	USS Williams, FPO AE 82832
665	95675 David Trace, East Andrew, CO 31058
666	533 Duane Mills, Zoehaven, NC 46130
667	PSC 5148, Box 2586, APO AE 62249
668	PSC 0374, Box 9171, APO AP 20553
669	38620 Woods Manors Suite 343, Lopezberg, CT 94593
670	93439 Tina Park Suite 479, Port Derek, MD 32676
671	1105 Flores Corner, Avilaton, ME 86005
672	5758 Perez Island, North David, NV 40417
673	089 Murphy Springs Apt. 486, New Donnafort, SC 26252
674	708 Hansen Road Apt. 341, Clarkbury, WY 69908
675	90117 Reyes Dam Apt. 626, West Michaelfurt, SC 39026
676	5526 Maynard Spring, New Kimberly, CT 81884
677	389 Samantha Station, New Jonathanside, NV 82795
678	6105 Megan Prairie Apt. 181, South Donald, KS 36029
679	240 William View, Port Lauren, VA 79157
680	892 Morton Glens Apt. 008, West Christopher, UT 64133
681	376 Dennis Divide Suite 788, East Elizabethchester, SC 47311
682	08895 Briana Mountains Suite 867, Longstad, ND 03385
683	3150 Ray Locks, West Carolyn, KY 31297
684	312 Thomas Curve Suite 115, Deannachester, OR 52453
685	3482 Jacqueline Ville Suite 829, Danielleside, MD 41646
686	980 Frank Canyon Apt. 850, East Joshuabury, WV 82826
687	670 Christopher Grove, Lake Laurenland, OK 25271
688	Unit 1328 Box 0068, DPO AA 01803
689	2963 Nicole Run Suite 807, Brownfurt, WY 36750
690	0778 Barbara Forest, Chamberston, CT 54531
691	9985 Kevin Creek Apt. 733, North Chadshire, OH 21345
692	7619 Mary Road Apt. 884, Johnsonbury, VA 91329
693	155 Michael Summit, Thomasmouth, ME 18170
694	USCGC Ho, FPO AP 49978
695	92666 Mendez Orchard Apt. 871, New Douglas, MT 92882
696	49960 Kimberly Harbors, Millerton, WI 31799
697	268 Kristopher Club, East Johnbury, NC 32524
698	283 Gutierrez Shores Suite 053, Port George, KY 13663
699	8400 Kathy Highway, Maryside, NV 19662
700	6968 Sims Throughway, Anthonymouth, AZ 99720
701	41133 Douglas Route, Julieton, WA 44794
702	65237 Maxwell Parkways, Navarroside, CA 00995
703	85414 Romero Lake Apt. 279, East Timothy, AK 56764
704	6732 Melissa Ramp Apt. 912, New Bryanport, AK 42842
705	878 Paul Trail Apt. 883, Silvafurt, NH 39015
706	15527 Anne Coves Suite 679, Port Stephenfort, OH 23318
707	893 Mack Stravenue Suite 990, East Ashleybury, MT 40160
708	53086 Webster Wall Apt. 305, Kathleenburgh, ID 91502
709	4992 Richard Run Apt. 109, South Jennifershire, NJ 97292
710	05478 Fuller Keys Suite 205, Fitzgeraldfurt, VA 48612
711	58153 Rose Loop Suite 959, East Jillianview, IA 61500
712	439 Brooks Rue, Rogersview, AR 61663
713	2332 Andrew Flat, Robertland, NJ 98788
714	87032 Evans Summit Suite 757, Alexmouth, MI 49473
715	633 Paula Square, Jonesport, NY 65702
716	89020 Miller Ports, Freemantown, PA 07362
717	666 Wilson Circle, Reevesland, ND 11113
718	458 Taylor Circle Apt. 009, West Brandychester, MT 20819
719	Unit 3000 Box 2645, DPO AE 68221
720	04948 George Road, Cervantesmouth, ME 71181
721	861 Morgan Falls, Pollardberg, OR 11267
722	5415 Kelley Road, North Shawn, DC 06157
723	PSC 4723, Box 8935, APO AP 06801
724	USNV Torres, FPO AP 11286
725	67321 Gonzalez Wall Apt. 233, Heatherview, AZ 61684
726	974 Tanner Hollow, North Tylerborough, WV 87097
727	0100 John Grove, West James, IA 39163
728	108 Breanna Vista Suite 291, Port Brettmouth, WA 87085
729	9110 Allison Ways, Port Joseph, NJ 66209
730	Unit 9240 Box 0442, DPO AP 84775
731	1711 Christopher Island Suite 288, Greeneborough, NY 93531
732	3133 Boyle Roads, Nicholasmouth, ME 06425
733	893 Stephanie Walk, Brianborough, AK 90591
734	094 Mccarty Oval, Josephport, PA 88945
735	563 Jean Mill, Michaelfort, ME 58167
736	9418 Ramos Grove Suite 599, Edwardston, WI 29696
737	3275 Robinson Square Apt. 432, Ricemouth, MA 82338
738	Unit 3460 Box 4978, DPO AP 67420
739	1597 Singh Radial Apt. 253, Port Alexisburgh, MA 85632
740	462 Martinez Walks Apt. 227, New Elizabeth, TN 29835
741	444 Laurie Villages Apt. 268, Richardton, NJ 24389
742	853 Martin Summit, Sheliastad, NM 17192
743	25756 Smith Common Apt. 288, New Susan, OH 09573
744	USNS Rivera, FPO AA 09136
745	PSC 5493, Box 2695, APO AE 94808
746	028 Mccoy Land Suite 915, New Joseph, AR 24718
747	549 Berry Keys, West Kaylamouth, IN 04021
748	37861 Alan Falls Apt. 618, Justinchester, GA 99630
749	396 James View, South Johnfurt, ID 61074
750	99042 Morgan Hills Suite 542, Lake Yolanda, MI 09469
751	870 Cassandra Ridge, West Bryan, NH 92288
752	Unit 7795 Box 0678, DPO AP 55977
753	05925 Brown Cliffs, Adamsland, ID 57226
754	40811 Rodriguez Union Apt. 027, Kempbury, HI 02914
755	064 Sarah Meadow Suite 843, Lake Adrienne, VA 66832
756	00460 Cassandra Row, New Jacobtown, AK 59665
757	191 Cody Roads Suite 497, North Michael, NV 76985
758	647 Juan Street Suite 336, West Cynthiashire, MA 30133
759	USCGC Hernandez, FPO AA 01924
760	4900 Santos Walks Suite 469, Cristinamouth, SD 18309
761	7575 Lynn Estate Apt. 491, East Michael, OR 17095
762	04979 Burke Fork, Wendyland, NH 72299
763	30202 Lee Valley Apt. 750, North Stephanie, MD 02035
764	85052 Walters Skyway Suite 589, Lake Nicholasside, TX 42402
765	6877 Hughes Crest Apt. 170, West Jamesview, SC 43656
766	312 Jennifer Circle, West Debbie, PA 52532
767	415 Gardner Trail, Taylorside, AK 24380
768	9494 Benjamin Parkways, New Amy, AR 60238
769	503 Morris Rue Apt. 112, North Saraview, AK 25835
770	2637 Timothy Fork Apt. 620, Taraside, OH 49516
771	12409 Thompson Valley Apt. 680, North Michael, UT 73202
772	440 Brittney Motorway, Baileystad, WA 25823
773	2313 Olsen Viaduct, Cameronborough, HI 84676
774	570 Chung Turnpike Apt. 220, North Carlos, MN 00946
775	2437 Lawrence River Suite 035, North Jasonton, NC 18156
776	98410 Gary Curve, South Beth, LA 19919
777	Unit 5183 Box 4465, DPO AA 91218
778	111 Howard Forest Apt. 676, Port Franciscofort, MI 23771
779	229 Bailey Lane, Katelynfurt, NY 27867
780	108 Julie Manors, West Jennifer, HI 33005
781	704 Lauren Gardens Apt. 756, Port Ryanside, VT 59697
782	6915 Gonzalez Pine Apt. 678, New Nicholastown, CT 98581
783	709 Elizabeth Vista Suite 913, New Haileymouth, NJ 48431
784	463 Cox Gardens Suite 618, Xavierhaven, WA 11063
785	93384 Julian Road, Port Kristineborough, OH 01028
786	Unit 7705 Box 5260, DPO AA 28273
787	842 Abigail Corners Apt. 124, South Jeremy, CO 71320
788	0135 Rebecca Square Apt. 963, Amberstad, OK 39444
789	189 Daniel Harbors Suite 623, Bryantton, DC 78970
790	69157 Carol Village Suite 153, Cunninghamtown, CT 80019
791	708 Robert Locks, North Marymouth, MI 18583
792	880 Dylan Light, Contrerasville, CT 84636
793	692 Christy Neck Suite 251, Lake Jennifer, NH 24067
794	928 Ward Junction, West Whitneymouth, OK 64129
795	750 Jones Mews Suite 507, Changbury, WV 55518
796	910 Morton Locks, South Deborah, AR 08787
797	9903 Harris Light, East James, MD 06784
798	43672 Justin Gardens, Anthonyton, WI 36073
799	09416 Brown Gateway Apt. 937, Lake Michelle, RI 90307
800	937 Andrew Fort Apt. 019, Port Jeffreyport, OH 11163
801	1645 Silva Prairie Apt. 215, Grossville, LA 91583
802	782 Kristina Meadows, East John, AL 45733
803	PSC 4287, Box 8087, APO AP 88190
804	1883 Rodriguez Shoals Suite 699, New Deborah, TX 80944
805	78966 Dana Tunnel, South Kennethchester, WI 86410
806	12309 Ashley Groves Apt. 741, Makaylaton, IA 21393
807	009 Patricia Mill, South Saraton, DE 28430
808	PSC 1001, Box 4317, APO AE 14374
809	PSC 5592, Box 2348, APO AA 25770
810	470 York Port, Danielport, NV 80877
811	Unit 3998 Box 1375, DPO AP 59277
812	890 Antonio Mews Apt. 837, Lake Rachael, SD 34815
813	9388 White Well Suite 973, Amandaside, FL 01911
814	3792 Erickson Creek, West Nicholas, NM 68231
815	4032 Karen Lakes Apt. 040, Mooreview, OK 52258
816	69253 Kelly Island, New Nicholas, ND 97431
817	835 Howard Parkways, West Rebecca, IL 27134
818	09413 Erickson Rue Apt. 114, West Nicolemouth, CT 97064
819	43694 Marsh Hills, North Roberttown, LA 10558
820	10476 Chad Brooks, Robinsontown, WY 27995
821	Unit 2305 Box 4015, DPO AP 59276
822	29724 Vaughn Streets, North Julie, MA 66992
823	85404 Tara Forges, Owensborough, LA 84010
824	9690 Arnold Flat, Adamfurt, AL 47503
825	542 Timothy Summit, East Johnfurt, NV 44612
826	6134 Forbes Loop Suite 167, Flynnland, MT 32139
827	8427 Robin Plain, Lake Seanstad, TN 47023
828	90626 Patel Gardens Apt. 419, Lake Tracey, AZ 02038
829	150 Jackson Passage Suite 674, Landryshire, MI 05690
830	5302 Charles Lane, East Scottport, LA 22084
831	928 Mcdowell Path Suite 631, Craigmouth, WI 07930
832	330 Valentine Center Suite 191, New Travis, CA 70166
833	75094 Young Village, Williamborough, GA 70904
834	44184 Erika Cape Suite 127, Karihaven, VA 21625
835	4419 Jessica Locks Suite 446, Lake Oscarbury, GA 53375
836	6886 Kristin Mission, Lake Chelseatown, TX 44220
837	19876 Mccall Walk, Anthonyfort, NC 71903
838	91762 Mcbride Center Suite 990, West Danielle, IA 02068
839	8521 Orr Forks Suite 164, North Donnaside, IL 74765
840	9654 Porter Mountain, Patelshire, MA 29527
841	52908 Ross Street, West Ashleybury, SD 68613
842	7263 Andre Roads, North Robertview, RI 24060
843	824 Jennifer Port Apt. 434, Angelashire, TN 74361
844	592 Nunez Mountains Apt. 134, New Charles, NM 16358
845	76956 George Stravenue Apt. 411, Ryanshire, MS 03191
846	15884 Monica Isle, Williamsborough, AL 22441
847	1421 Davis Heights Suite 486, West Walterside, OH 58268
848	882 Sarah River Apt. 878, Robertville, IL 36780
849	4295 Hahn Rapid Suite 149, New Aaron, VT 39392
850	487 Gary Squares, Guzmanfurt, CA 53736
851	859 Harris Forks, Johntown, MI 94408
852	712 Sandoval Gardens Apt. 536, Kristenbury, NH 25109
853	0272 Cory Corner, Lake Kenneth, NM 98808
854	3918 Tammy Inlet Apt. 129, Pamelastad, IA 54150
855	97769 Barnes Crest Suite 785, Ramosshire, KS 24703
856	645 Michael Alley, Lake Margaretshire, UT 96118
857	537 Chavez River Suite 010, West Michael, WV 80923
858	9595 Jennifer Land, Andersonhaven, OR 15805
859	320 Frost Course, Russellchester, ND 83986
860	USNS Campos, FPO AA 79623
861	9591 Jonathan Orchard, Jeremytown, OR 45154
862	USCGC Walton, FPO AA 23501
863	2664 Love Summit Suite 077, Griffithhaven, MO 42549
864	062 Barrera Neck Apt. 564, Port Tanya, NC 69347
865	80187 Cisneros Mountain, Brownmouth, KS 18531
866	96678 Velez Common, North Alexanderhaven, MT 64343
867	3200 Briggs Mill, West Jenniferberg, SC 22979
868	1794 Angela Falls Apt. 276, Taylorshire, AL 73119
869	401 Allen Courts, Port Randyshire, AR 68080
870	30341 Howell Glen, East Timothyberg, ID 60044
871	44781 Glass Path Apt. 709, New Stacy, NC 38208
872	1362 Hendrix Path, Tamaraside, IN 33322
873	2356 Fox Via Suite 982, Lake Hannah, MS 48616
874	018 Robinson Walk Apt. 479, Vancemouth, MA 52122
875	75262 Frederick Valley, Morenoview, CA 60648
876	527 Todd Camp Suite 544, East Hayden, AK 88778
877	509 David Ridges Apt. 268, Port Derekland, NY 65863
878	USNS Brown, FPO AA 53025
879	9675 Samuel Drive Apt. 978, Lake Eric, ID 98685
880	15685 Mccormick Springs Suite 305, Josephside, MA 99003
881	57939 Jerry Extension, Cindyfort, RI 38065
882	2675 Jenkins Gateway, Perezview, IA 01645
883	3498 Lambert Causeway, East Christinaport, IN 82077
884	Unit 9123 Box 6755, DPO AE 86937
885	1447 Garrett Fields Apt. 435, Kevinbury, ME 99284
886	116 White Islands, Julietown, MI 82890
887	079 Alexander Mountains, Evansberg, MS 23983
888	24368 Williams Trail Apt. 188, Port Bettyland, KY 13545
889	655 Clark Parkways, Claudiastad, MS 63860
890	1595 Richardson Club, Austinton, RI 78052
891	988 Freeman Rapid Apt. 238, New Robert, CT 67451
892	640 Christina Garden Apt. 308, West Kristineborough, WY 33991
893	5657 Kara Divide Apt. 025, Crystalview, KY 83795
894	984 Edward Forest, Whiteborough, ND 38588
895	962 Horn Crescent, East Jennifer, OH 78501
896	2357 Hall Trace Suite 111, East Amandaland, NC 32326
897	17999 Kenneth Pass, East Gabrielberg, ID 95344
898	786 Torres Extension Apt. 887, Lake Adrianport, VA 85116
899	99273 Sanchez Field Apt. 482, Parksview, MS 37538
900	1613 Pruitt Terrace Apt. 002, Lake Tammyview, NV 85115
901	937 Julie Branch Suite 347, Riverachester, ND 89528
902	9996 Todd Drives Apt. 510, Brittanychester, AK 75613
903	41832 Beth Ville Suite 536, Teresaland, VT 16680
904	58152 Singh Loaf, Floresmouth, WA 86271
905	0659 Oneill Cliffs, Cunninghamport, HI 17045
906	210 Finley Corner, East Erica, DE 77158
907	9552 Rachel View Suite 375, Lake Jamestown, MO 82472
908	175 Kelly Expressway Apt. 557, Charlesland, RI 86989
909	8044 Corey Burg Apt. 463, Adamsberg, WA 18847
910	228 Alicia Falls, Burgesshaven, DC 00530
911	4800 Brandon Cliffs, Barnesfurt, PA 33507
912	USNV Hudson, FPO AE 55417
913	Unit 4654 Box 4371, DPO AP 45052
914	169 Mason Forge Suite 575, Larsonstad, ME 99133
915	863 Daniel Estate Suite 991, Orozcoview, WA 65841
916	9901 Robinson Ramp Apt. 755, Rivershaven, IA 19125
917	294 Davis Meadows Apt. 600, Nicoleton, RI 31283
918	PSC 1597, Box 7506, APO AE 31321
919	58385 Williams Spurs, Danielland, WI 28942
920	002 Donald Isle, Allenmouth, WY 40506
921	61645 Mccormick Parks Suite 465, Mossville, MT 75470
922	26992 Justin Lights Apt. 315, South Christopherstad, CT 95560
923	023 Berry Parkways, Gordonberg, WV 46154
924	490 Ritter Knoll, West Pamela, AZ 21466
925	93908 Charles Place, Lake Ronnieview, CO 08742
926	USNV Rosales, FPO AP 55421
927	307 Wilkerson Gateway, Manuelchester, IL 21689
928	283 Joel Skyway Apt. 794, Edwardshaven, SC 62646
929	250 Stevens Keys Suite 562, Victorside, FL 82827
930	9348 Miller Pass Suite 067, North Daniel, MS 07864
931	6577 Haley Forest, Thomasside, OR 46540
932	486 Kathleen Freeway Apt. 251, Ballberg, AL 24955
933	97257 Klein Lake, Port Joannaton, CO 05955
934	6330 Carl Forge, South Josephport, NC 47849
935	89766 Ramos Motorway, Markside, IN 83051
936	9747 Mark Shore, East Matthewfort, KY 25982
937	792 Patricia Ford, Jamiechester, NJ 09986
938	818 Hannah Track Apt. 148, North Sherri, NH 36296
939	16532 Stevens Canyon Apt. 982, Mathewsberg, MA 94618
940	37970 Munoz Place, Briggsburgh, TN 83598
941	PSC 5574, Box 7790, APO AA 10307
942	023 Smith Shoal Apt. 351, Laurabury, FL 69451
943	9901 Pittman Keys Suite 256, North Brianshire, TX 05339
944	132 William Forks, East Catherine, FL 69481
945	08552 Douglas Forest Suite 565, New Debra, HI 05221
946	USCGC Moss, FPO AA 69743
947	052 Thomas Extensions, Manningberg, SD 34512
948	86866 Lynn Village, Dayborough, AL 84844
949	454 Grant Ramp, West Tylermouth, MD 49556
950	91657 Elizabeth Ramp, Kayleestad, DE 77623
951	3675 Latoya Squares Apt. 244, Sheaburgh, DC 64381
952	52821 Casey Rapids Apt. 223, Port James, MI 97762
953	2462 Soto Wall Suite 428, Lake Glenn, OK 76491
954	017 Day Road Suite 028, Marissaside, UT 53651
955	356 Amanda Brook, Matthewshire, NY 89741
956	4411 Raymond Hills Apt. 563, Port Levi, OR 20065
957	92642 Allen Alley Apt. 046, Loganberg, AK 88300
958	182 Jesse Alley, Brandonfurt, MS 06555
959	0136 Susan Valley Apt. 888, Ochoaport, AZ 17330
960	5878 Evans Stravenue, Simsfort, UT 28268
961	47833 Jason Coves, Amymouth, IN 86963
962	70414 Keith Views, West Vanessa, KY 58447
963	94138 Thomas Burg Suite 960, Lake Karentown, MN 01622
964	020 Price Route Apt. 404, Lake Christopher, NJ 42115
965	400 Kimberly Fork Suite 928, Kellyfort, MN 74529
966	2769 Cody Crossroad Apt. 937, Andersontown, VT 70889
967	8094 Albert Prairie, Mitchellfurt, DE 25031
968	995 Paul Pike, Kevinland, TN 63011
969	5975 Henderson Hill, Matthewstad, VA 32505
970	8061 Hernandez Overpass, Burchmouth, WY 43745
971	38480 Allison Drives, West Kathrynhaven, PA 40583
972	5669 Anthony Neck Apt. 361, Nolanbury, KS 32245
973	537 Candice Greens Apt. 481, Davisview, ID 96569
974	41407 Caroline River, Sabrinaberg, MN 85608
975	85203 Serrano Burgs, Lopezside, CA 62258
976	529 Barnes Locks, Samanthamouth, ID 51318
977	31881 Jamie Oval Apt. 425, Leemouth, VT 91721
978	6862 Deanna Street Suite 712, South Hannah, OR 54083
979	USNV Cole, FPO AA 20489
980	01196 Floyd Manors Apt. 720, Myersland, UT 47002
981	5512 Joyce Squares Suite 882, Port Katherine, ND 92672
982	8832 Jennifer Divide, Hallchester, ID 48829
983	7087 Rachel Green Apt. 023, Deleonview, NE 18034
984	825 Tiffany Row, Adkinsport, VA 62858
985	333 Martinez Point, New Kirk, NE 31714
986	023 Tucker Club Apt. 729, Michaelland, MT 27851
987	6732 Figueroa Cape Suite 530, Clairestad, WI 89155
988	7936 Leah Trail, East Michaelmouth, WY 60638
989	083 Michael Locks Apt. 848, Johnsonland, RI 56979
990	USNV Anderson, FPO AA 13616
991	4507 Phyllis Radial Apt. 806, New Charles, VA 09425
992	1816 Smith Lodge Suite 015, West April, ME 44741
993	71883 Luis Landing Apt. 057, Brownfort, NY 10106
994	91543 Adam Views, Juareztown, CA 48388
995	46387 Hall Groves Suite 040, West Emily, WA 67154
996	5470 Annette Valleys Suite 691, Rosarioville, KY 04988
997	USCGC Ryan, FPO AE 50918
998	95833 Park Tunnel Suite 403, Jenniferland, NE 27905
999	45508 Hansen Shore, Jordanton, SD 13345
