0	Port Michael
1	Garciatown
2	West Joseview
3	Lake Lisa
4	Murphyville
5	South Martinhaven
6	Anthonyhaven
7	New Jamieton
8	East Jackieton
9	Juliefurt
10	Kellytown
11	Ryanberg
12	South Hannah
13	Lake Tami
14	Pamelaside
15	Tonyafort
16	Jeremychester
17	Moralesbury
18	East Judy
19	Nicholaschester
20	Wilkersonville
21	Martinezside
22	Davismouth
23	Monicaport
24	Lake Dylanborough
25	Marthafurt
26	North Joan
27	Schwartzhaven
28	Maryshire
29	New Elaine
30	Stephenfort
31	Mitchellside
32	Stewartburgh
33	Port Jeremy
34	Jenniferbury
35	Wilsonside
36	East Brittany
37	Port Dennis
38	Hoodmouth
39	Samanthastad
40	Lake Kenneth
41	Gabriellaville
42	Lake Larryfurt
43	Williamstown
44	East Rebecca
45	Crawfordtown
46	Jenningsfurt
47	Ruizview
48	Port Phillipport
49	East Jeffrey
50	New Allison
51	West Cody
52	Port Jasonton
53	Benitezville
54	New Madison
55	West Johnny
56	West Johnborough
57	Griffintown
58	Port Jasonville
59	Vanessaland
60	Lanefurt
61	Michaelmouth
62	Port Jeffreymouth
63	West Matthew
64	Keithborough
65	Ericaburgh
66	Elizabethborough
67	Lake Jacobhaven
68	New Gregoryside
69	New Donaldhaven
70	Danielletown
71	Summerland
72	East Robert
73	North Matthew
74	North John
75	Williamsstad
76	Harrishaven
77	Maynardside
78	South Vickie
79	Carriestad
80	Lake Colleenport
81	South Diane
82	Garzaland
83	Garyshire
84	Adamland
85	Johntown
86	South Leahville
87	New Jennifer
88	Andersonside
89	Parkerhaven
90	Jillstad
91	North Dianaport
92	Brooksland
93	North Daniel
94	Grantburgh
95	North Curtis
96	East Annashire
97	Ryanside
98	Colleenview
99	Shepardberg
100	Lake Michael
101	Riveraland
102	Ramostown
103	Hannahview
104	North Brittany
105	Mossmouth
106	Daystad
107	Pruittchester
108	Marksmouth
109	Watersshire
110	Elizabethtown
111	South Joshua
112	Barrettview
113	Lake Kristen
114	Port Richardville
115	New Jeremyhaven
116	Port Stacyville
117	Ritterport
118	West Christopher
119	New Sherry
120	Jacksonberg
121	Littleview
122	Landryville
123	East Debbieview
124	Allisonport
125	Sanchezmouth
126	Danafort
127	Piercefurt
128	Cassandrahaven
129	South Matthewtown
130	Ruizport
131	West Amy
132	Port Kristinafurt
133	Timothybury
134	Harrisonmouth
135	Obrienland
136	New Alicia
137	West Deborah
138	Kristenmouth
139	Lake Bradley
140	West Stephaniemouth
141	East Darryl
142	Port David
143	West Kimberly
144	North Jamieside
145	New Susanbury
146	Acostaport
147	South Christina
148	Singletonville
149	East Leslie
150	Andersonstad
151	Aaronfurt
152	East Jill
153	Crystaltown
154	Stevensonview
155	Carlsonton
156	Nathanielville
157	West Christina
158	Wongland
159	West Wendy
160	North David
161	East Tara
162	Lake Justin
163	Ashleyton
164	Brownhaven
165	Gregoryland
166	North Aprilfort
167	New Matthew
168	Myersfort
169	New Justin
170	Phillipview
171	Davidside
172	New John
173	Cannonhaven
174	Vargasborough
175	Patrickside
176	Brycefort
177	South Christopher
178	Port Anthonyport
179	South Michael
180	Amandamouth
181	South Pamela
182	East Benjaminmouth
183	South Cheyenneshire
184	New Hector
185	North Jason
186	West Nathanbury
187	West Cynthiatown
188	Anthonytown
189	North Dawnburgh
190	Garnerburgh
191	Mcintoshburgh
192	Kentfort
193	East Madison
194	Beanfort
195	South Matthew
196	Nicholasberg
197	Maldonadohaven
198	Lake Kelly
199	Port Melanie
200	Katherineview
201	Danielfort
202	Robertfort
203	Rodriguezton
204	Lake Dianahaven
205	Lake Kyleton
206	Port Daniel
207	Mcneilside
208	Port Helen
209	North Seanhaven
210	Keithberg
211	East Veronicabury
212	Hallborough
213	Webershire
214	Brandonmouth
215	Nathanville
216	Lake Gregoryview
217	West Randyville
218	West Michaeltown
219	Scottburgh
220	Port Alexander
221	Kimside
222	Dennisside
223	Boyerfort
224	Lake Andrew
225	Hartfort
226	Edwardstad
227	Katrinaside
228	Schmittton
229	Lake Deannamouth
230	Taylorburgh
231	East Josephburgh
232	West Andrewmouth
233	North Pamela
234	Christianshire
235	Walterville
236	Allenstad
237	Morganmouth
238	Port Lucasport
239	Wardbury
240	Smithmouth
241	Archerhaven
242	Jenniferhaven
243	Riveraburgh
244	North Lucas
245	Pamelastad
246	East Danielborough
247	Lambchester
248	Parrishton
249	New Kathryntown
250	East Andreville
251	New Tyler
252	South Alexander
253	South Cynthiaburgh
254	Aarontown
255	Jessicafurt
256	Davidstad
257	Morrowton
258	Lake Deborahmouth
259	North Donna
260	Powellview
261	New Ann
262	Kennethborough
263	Johnsonville
264	Davidchester
265	Lake Claireport
266	Lake Joanne
267	Shannonside
268	East Kimberly
269	Bushfort
270	Glennville
271	Jodychester
272	West Christopherville
273	South Carla
274	North Sarahbury
275	Timothyport
276	Port Brenda
277	Port Christopher
278	West April
279	Anthonyview
280	Kevinchester
281	Nicholsonview
282	Tonyaton
283	South Robertville
284	West Brendaview
285	North Jonathan
286	East Patricia
287	Brandonberg
288	North Anthony
289	Thomaston
290	Proctorberg
291	Lake Anitachester
292	West Hunterside
293	West Katrinaview
294	East Tracy
295	Toddfort
296	Pamelaport
297	Williamsfurt
298	Houstonland
299	Port Michaelstad
300	Gabrielleborough
301	South Amy
302	Kristenchester
303	South Davidville
304	West Brandiview
305	North Gregory
306	Hernandezport
307	South Ericside
308	West Christopherhaven
309	Stevenmouth
310	West Erin
311	Morrisonfort
312	Hilltown
313	Smithton
314	Port Destinyview
315	New Johnfurt
316	North Sonya
317	Johnsonland
318	Ashleeside
319	Greenside
320	North Michael
321	Thompsonfort
322	Deannaside
323	Bakerburgh
324	New Richardtown
325	East Donnaland
326	Paulchester
327	Jamesland
328	New Robert
329	East Christopher
330	Karaside
331	West Brianbury
332	West Christopherfurt
333	Port Wendy
334	South Douglas
335	Lake April
336	Schmidtside
337	Kellystad
338	Jacobberg
339	West Preston
340	New Christinaview
341	Butlerchester
342	North Karen
343	Frazierhaven
344	Jonesborough
345	Lewisburgh
346	Cathybury
347	Whitebury
348	Montoyaburgh
349	Richardberg
350	North Elijah
351	North Amandahaven
352	Johnberg
353	New Johnburgh
354	Brennanhaven
355	Traceyland
356	North Jessicaland
357	Aaronmouth
358	Davidmouth
359	Markside
360	Mendezbury
361	Lemouth
362	West Billyshire
363	Justintown
364	Jessicashire
365	Davidberg
366	Kochborough
367	New Donnahaven
368	North Michelleshire
369	Alyssaborough
370	Huntertown
371	Zacharyfurt
372	Lake Brianton
373	West Derekborough
374	New William
375	Kiaraside
376	Robertland
377	West Danaborough
378	Port Willie
379	Grayfort
380	Jonathanhaven
381	Campbellchester
382	New Rachelfurt
383	New Albert
384	Lake Sarah
385	Lake Thomas
386	Rebeccamouth
387	Hughesbury
388	North Robert
389	Walterschester
390	North Anne
391	Donovanfort
392	Port Hannahberg
393	Port Jenniferbury
394	Valentinechester
395	Johnsonfurt
396	Cruzville
397	Richardsonfort
398	East Crystalville
399	Ramosfurt
400	Danielston
401	Michaeltown
402	Lake Jerometown
403	Port Thomasborough
404	New Stephanie
405	West Spencerstad
406	West Aaronbury
407	Rachelville
408	North Jasmine
409	Andrewsmouth
410	South Cassandra
411	South Markhaven
412	North Allenmouth
413	Forbesfurt
414	Ginastad
415	Barryville
416	Francisport
417	West Robinborough
418	Port Heatherfort
419	Louisfort
420	West Ronaldton
421	East Jenna
422	Hollyberg
423	Kennedymouth
424	South Lauraberg
425	West Justin
426	South Heatherborough
427	Brittanyport
428	Robinsonbury
429	Micheleberg
430	Anthonychester
431	Katherineshire
432	Emilystad
433	South Jonland
434	Emilybury
435	North Kathryn
436	Port Stephaniemouth
437	Katrinahaven
438	New Diana
439	East Pamside
440	New Sara
441	Andrewton
442	Tonyahaven
443	South Julieside
444	Reyesborough
445	Port Angelica
446	East Veronicachester
447	Davisborough
448	Barnesborough
449	Mcneilchester
450	East Chelsea
451	Lake Joel
452	Lake Samanthaborough
453	Phillipsville
454	Lake Lori
455	North Heiditon
456	East Wanda
457	New Meagan
458	North Henrymouth
459	Melissaside
460	Port Nicholasview
461	Matthewfurt
462	Lake William
463	Thompsonburgh
464	West Alyssaville
465	Harrismouth
466	Georgestad
467	Jennifermouth
468	Port Ashley
469	North Jaime
470	West Lindamouth
471	Juanberg
472	East Debra
473	New Johnchester
474	Lake Vincentland
475	Martinfort
476	Debrabury
477	Robertton
478	Hunterview
479	West Ryan
480	New Jessica
481	Lake Brianland
482	North Ashley
483	Bensonfort
484	Parkerstad
485	West Rebekah
486	Wardborough
487	Port Matthew
488	Sotoshire
489	Philipside
490	Shannonchester
491	New Duane
492	West Karachester
493	Wilkinsfort
494	Lake Cindymouth
495	Larrychester
496	Gibsonview
497	Millerport
498	Martinside
499	New Lisa
500	New Rhonda
501	Lake Jocelynstad
502	Lindseystad
503	South Kyle
504	South Scottstad
505	New Dennis
506	Kimberlytown
507	Jasonville
508	South Hectorchester
509	Wyattborough
510	Michaelburgh
511	West Christyhaven
512	East Amyfort
513	Angelaport
514	Hernandezton
515	Clarkshire
516	Bryanfurt
517	Lake Janetstad
518	Castroville
519	Troyton
520	Ryanton
521	Mejiachester
522	New David
523	Jamesmouth
524	Jorgeview
525	Weavermouth
526	Riverashire
527	Rileyfort
528	New Michaelhaven
529	South Deborahton
530	Gilesside
531	Lake Benjamin
532	New Mathew
533	New Marcus
534	East Jonathan
535	Sullivanside
536	Glasston
537	Markmouth
538	Millerview
539	East Kristinshire
540	Martinmouth
541	Smithhaven
542	Harryburgh
543	Johnside
544	North Angela
545	Holdershire
546	Munozchester
547	Port Taylorborough
548	Cynthiaview
549	Paulfurt
550	Elizabethstad
551	Taylorton
552	Port Jennifermouth
553	Melissastad
554	East Carol
555	Larryland
556	Jennaburgh
557	New Ashley
558	Port Josephmouth
559	East Kerrishire
560	Brockmouth
561	Levinemouth
562	Gentryville
563	Adamsstad
564	Lake Lauraview
565	New Angelaport
566	Wattsberg
567	South Michelle
568	West Sarahaven
569	Frenchmouth
570	Tinaview
571	Port Stevenmouth
572	Port Ian
573	North Alexander
574	Gabriellachester
575	Lake Antoniostad
576	Lake Johnfurt
577	East Ryanton
578	East Kelly
579	Downstown
580	Rodneyland
581	North Tina
582	South Steven
583	Whiteland
584	Higginsberg
585	Lake Kari
586	West Richard
587	Sherryburgh
588	West Thomas
589	West Marvinland
590	Christopherside
591	West Ryanland
592	Stephaniefurt
593	Paulmouth
594	Port Oscar
595	Huntland
596	Haleyside
597	East Matthew
598	Johnsonchester
599	Grossport
600	Danamouth
601	Melissaton
602	Carolineview
603	South Alex
604	Port Marystad
605	Riosfurt
606	Desireebury
607	Port Sarahfort
608	Boydmouth
609	Port Marthaborough
610	Gravesview
611	Matthewview
612	South Annette
613	Stephanieport
614	Port Kristinhaven
615	Lawrenceton
616	East Melanie
617	Danielmouth
618	South Edward
619	Mercedesland
620	Port Lauraport
621	Megantown
622	Lake Rebekah
623	Benitezmouth
624	Kristinborough
625	Russellfurt
626	Cartertown
627	Christymouth
628	East Paulhaven
629	Scottchester
630	South Stephaniestad
631	West Elizabeth
632	Wareview
633	Port Stephanieview
634	Lake Maryton
635	New Dawnberg
636	Mariastad
637	Josephton
638	Aaronchester
639	Hannahburgh
640	East Timhaven
641	Bethanyfurt
642	North Brett
643	Lake Rachel
644	Lake Robin
645	West William
646	West Jennifer
647	New Michele
648	Barnesmouth
649	Seanhaven
650	New Lindsaymouth
651	Burnettville
652	South Katrina
653	East Wendymouth
654	Katrinatown
655	Port Sophialand
656	Port Hannah
657	West Jordanbury
658	South Jack
659	East Tyler
660	Anitaborough
661	Howardbury
662	South Thomasshire
663	East Josephborough
664	Morrisfurt
665	Johnborough
666	Rodneytown
667	Karastad
668	Angelaside
669	New Katherineborough
670	Jeanneview
671	Hernandezside
672	Reginaport
673	Colinside
674	Fernandezmouth
675	Thomasberg
676	West Russellshire
677	New Judy
678	Port Terry
679	Port Matthewland
680	Kathleenchester
681	Leonburgh
682	New Shannon
683	North Douglasfort
684	Thompsonborough
685	North Carl
686	Jeffreyton
687	North Joditown
688	South Phillipfort
689	Alexandrashire
690	Michaelview
691	South Felicia
692	New Chelsea
693	Fowlermouth
694	Millerside
695	Choihaven
696	Kellymouth
697	East Justin
698	Anthonyborough
699	Christensentown
700	Markshire
701	South Richardmouth
702	Lake Jeremy
703	Wyattshire
704	Daniellefort
705	South Susanburgh
706	Dannytown
707	Collinsberg
708	Snowland
709	West Stephanie
710	Scottton
711	East Michaelmouth
712	East Kaylaton
713	Port Stuartstad
714	Roberthaven
715	New Brentburgh
716	Glennmouth
717	Rodriguezville
718	West Daniel
719	East Brian
720	Port Stephanie
721	Wendyhaven
722	Lake John
723	Wrightview
724	West Jackieland
725	Lake Martin
726	North Adamport
727	North Thomas
728	Brownland
729	West Tonyburgh
730	Lake Coltonfurt
731	South Ronnie
732	Leemouth
733	Lake Anthony
734	Adamshire
735	West Bryan
736	East Julie
737	East Robertville
738	Mullinsville
739	Melaniemouth
740	Deckershire
741	West Matthewside
742	Bryanborough
743	South Charles
744	West Michelleside
745	Patriciachester
746	New Staciemouth
747	New Teresa
748	North Amymouth
749	Edwardchester
750	Johnton
751	Clarencehaven
752	Dawnfort
753	Sherrihaven
754	Jimmyburgh
755	Daughertyville
756	Stephenshire
757	Edwardville
758	East Amanda
759	New Laura
760	Jordanmouth
761	Codychester
762	New Mitchell
763	North Melanieville
764	East Alejandroton
765	Port Barryton
766	New Carol
767	South Shellyview
768	Port Kimberlychester
769	Lake Megan
770	Lake Angela
771	Meredithbury
772	Thompsonmouth
773	Rossland
774	Lake Ericamouth
775	Robinton
776	East Christopherfurt
777	South Brandon
778	Port Evanfurt
779	Anthonyberg
780	Dannyville
781	Lake Aaronport
782	West Donald
783	Richardside
784	Judyland
785	Gallagherside
786	Lake Staceyville
787	Castanedaburgh
788	West Vincentbury
789	Watersburgh
790	New Courtney
791	Jeffreyport
792	Kimchester
793	Amandaburgh
794	South Stevenside
795	East Latasha
796	Moralesview
797	Brownborough
798	Randallton
799	Burkeberg
800	Campbellton
801	Sparksstad
802	Lake Aprilland
803	West Crystalside
804	Rosemouth
805	West Phillipfurt
806	Davidville
807	East Sharon
808	West Jamie
809	Vincenttown
810	Sandraborough
811	East John
812	Omarchester
813	North Annaview
814	Robertachester
815	Floydshire
816	Port Michelleshire
817	South Joseph
818	Ellisport
819	Smithtown
820	Barneschester
821	South Joshuaburgh
822	Zacharyfort
823	South Rachelstad
824	Sharonton
825	Stevenbury
826	Port Davidshire
827	Port Amanda
828	Nancyfort
829	Smithfurt
830	South Sharon
831	Bakerfurt
832	Pittsburgh
833	New Bretthaven
834	Lake Joseph
835	New Patrickland
836	Port Linda
837	Christineshire
838	Yangborough
839	Laurieberg
840	West Ashley
841	Justinburgh
842	North Donald
843	Port Joshuaburgh
844	Mariachester
845	Port Rebecca
846	East Dillon
847	Cabreraside
848	South Jonathan
849	South Melanie
850	West Connor
851	North Robertburgh
852	Angelabury
853	Michaelville
854	Lake Chadland
855	Carlsonland
856	Shieldsview
857	Lake Matthew
858	New Angelaborough
859	New Donald
860	Williamsland
861	New Steven
862	Port Kellystad
863	Port Jamesland
864	Frankborough
865	Hughesville
866	Mendezmouth
867	East Lukeborough
868	Bethland
869	Lake Benjaminburgh
870	Danielhaven
871	Madisonside
872	West Laurenstad
873	North Jennifer
874	South Mark
875	North Williamshire
876	West Graceberg
877	Henryside
878	Lake Paul
879	Philliptown
880	Payneton
881	North Katelynport
882	New Janetville
883	Port Jessicaburgh
884	South Jason
885	West Maria
886	East Michaelbury
887	Port Nathanton
888	East Tracybury
889	East Stephenberg
890	South Alexisbury
891	North Billystad
892	South Emily
893	Christopherburgh
894	Lake Richard
895	North Garyshire
896	Martinezshire
897	Melaniefort
898	Conniemouth
899	Lake Jessicaville
900	Allenton
901	North Amanda
902	East Sandra
903	North Robertbury
904	New Nicole
905	East Alejandro
906	New Heather
907	Jillview
908	Danielside
909	East Robin
910	Matthewshire
911	Lake Lindsay
912	Bradleyport
913	Port Ricky
914	East Lindaburgh
915	North Gina
916	Brandonchester
917	Arellanochester
918	East Tracyville
919	Georgeport
920	West Kayleemouth
921	Ericville
922	Christineland
923	Lawrencebury
924	Kevinfort
925	Brandonview
926	Vangstad
927	Port Jaime
928	Kirbyhaven
929	Moonhaven
930	East Carolynberg
931	Port Brianatown
932	South Kendraside
933	East Christina
934	South Bradley
935	Mcbrideberg
936	North Cindy
937	Chanfurt
938	Timothyland
939	Hannahton
940	North Terri
941	Arroyomouth
942	East Brandon
943	Catherineport
944	South Veronica
945	Susanfort
946	New Wesley
947	Fowlerchester
948	New Antonioborough
949	West Elizabethside
950	Port Christopherside
951	East Stevenburgh
952	Port Sethburgh
953	Jameshaven
954	West Angieside
955	Stephanieburgh
956	South Brian
957	Lake James
958	Cherylberg
959	Staceyshire
960	West Sydney
961	West Samantha
962	Staceyland
963	South Sheri
964	North Candice
965	Port Adamside
966	New Robertfort
967	North Alejandra
968	Lake Logan
969	West Mary
970	Port Sharonbury
971	New Aprilburgh
972	Jonestown
973	West Deborahport
974	Julianstad
975	South Rachel
976	North Brian
977	Mackbury
978	Browntown
979	Danielland
980	Sarahland
981	South Kara
982	East Teresafurt
983	Port Morganchester
984	Heathertown
985	South Lisa
986	Jacquelineland
987	Johnport
988	Ryanmouth
989	Lake Frankland
990	North Adam
991	North Kelly
992	East Anthonyburgh
993	North Amandamouth
994	West Olivia
995	Guerrerofurt
996	Fishertown
997	Jamiefort
998	Martinview
999	West Melissamouth
