0	Knox-Cox
1	Garcia, Johnson and Allen
2	Baker-Hamilton
3	Richard-Lamb
4	Murphy, Lee and Garcia
5	Rivera-Koch
6	Johnson, Kirby and Moore
7	Harris, Miller and Smith
8	Graves Inc
9	Garner, Ortega and Wilcox
10	Smith-Watts
11	Scott-Carter
12	Norris-Morgan
13	Oconnell, Moss and Wu
14	Santos, Lucero and Underwood
15	Perez-Luna
16	Morales, Gray and Cook
17	Harmon Group
18	Reeves-Meza
19	Gonzalez, Pham and Martinez
20	Wilkins, Davis and Rice
21	Brennan-Meyer
22	Sherman Inc
23	Stanley-Whitaker
24	Hayes, Jones and Rojas
25	Schwartz, Shields and Franklin
26	Hendrix, Vasquez and Carpenter
27	Davidson-Ellis
28	Floyd, Mitchell and Potts
29	Stewart, Ramirez and Turner
30	Perez, Vega and Reeves
31	Oneill-Wilson
32	Cooper, Moore and Vargas
33	English-Taylor
34	Hood, Duncan and Bowen
35	Lawrence, Stewart and Moody
36	Dean PLC
37	Wilson PLC
38	Davidson Ltd
39	Smith and Sons
40	Meadows Ltd
41	Johnson-Villegas
42	Chen, Mora and Ruiz
43	Jones-Dunlap
44	Meyer-Barnes
45	Robinson and Sons
46	Rice-Hill
47	Davis-Johnson
48	Lewis, Jones and Frey
49	Jackson, Reyes and Mendez
50	Roberts, Jenkins and King
51	Reyes and Sons
52	Pennington-Griffin
53	Hall Ltd
54	Harris Group
55	Hernandez, Boone and Lane
56	Beck, Gomez and Stevenson
57	Terrell and Sons
58	Henry, Sanders and Cooper
59	Roberts, Cooper and Lowe
60	Parker, Paul and Contreras
61	Walker-Tyler
62	Castaneda Inc
63	Thompson-Winters
64	Valdez Inc
65	Norris, Little and Johnson
66	Frye-Anderson
67	Hill-Ortiz
68	Smith-Cook
69	Taylor-Allen
70	Williams, Richards and Lam
71	Beard PLC
72	Huynh, Mitchell and Griffin
73	Gilbert, Guzman and Greene
74	Yang Group
75	Myers-Gordon
76	Golden-Garza
77	Matthews and Sons
78	Hicks, Smith and Taylor
79	Young-Williams
80	Rice PLC
81	Turner Group
82	Mcknight, Anderson and Randolph
83	James, Heath and Stone
84	Aguilar, Moore and Williams
85	Boyd-Underwood
86	Wilson-Nelson
87	Rodriguez Ltd
88	Campbell-Howard
89	Garcia Inc
90	Hoffman Ltd
91	Reynolds-Sloan
92	Weber-Wallace
93	Shepard, Allen and Harrison
94	Cooper, Harrell and Rivera
95	Dalton LLC
96	Robertson PLC
97	Powell-Smith
98	Bradford-Moss
99	Lucero-Day
100	Mckee-Pruitt
101	Costa, Marks and Stephens
102	Waters, Whitney and Holmes
103	Smith-Crawford
104	Hill-Atkins
105	Cole-Bryant
106	Mueller, Sanchez and Barry
107	Jackson-Taylor
108	Perez, Savage and Wilson
109	Rush, Jackson and Rocha
110	Gordon, Hill and Morgan
111	Simpson Group
112	Gay, Jackson and Walker
113	Little, Gibson and Cameron
114	Jackson, Rodriguez and Hill
115	Bryant-Daniel
116	Vasquez-Benitez
117	Saunders Group
118	Robles-Clayton
119	Curtis-Curry
120	Zamora-Lewis
121	Cooper-Smith
122	Ruiz, Castillo and Price
123	Payne-Thompson
124	Kramer, Fowler and Vaughn
125	Hughes-Fitzpatrick
126	Gill-Mays
127	Martinez-Owens
128	Fox-Murphy
129	Lucas-Dawson
130	Moreno, Vasquez and Rodgers
131	Brown LLC
132	Fernandez, Price and Walker
133	Carter Ltd
134	Torres LLC
135	Davis, Davis and Harris
136	Brown, Matthews and Haley
137	Lam-Acosta
138	Gomez-Hamilton
139	Yu-Singleton
140	Washington and Sons
141	Mckay Inc
142	Rodgers-Smith
143	Ross-Hall
144	Graves, Soto and Williams
145	Stevenson, Fisher and Baxter
146	Miller-Lambert
147	Lopez-Ortiz
148	Gilbert-Wolf
149	Wilson-Mendoza
150	Cowan-Jordan
151	Anderson LLC
152	Montes LLC
153	Campbell, Carlson and Hudson
154	Delacruz Inc
155	Mason, Thompson and Taylor
156	Williams Group
157	Scott, Thornton and Morgan
158	Ellis-Owen
159	Myers, Pope and Rogers
160	Mitchell-Lowe
161	Marshall-Dennis
162	Shah LLC
163	Allen-Peck
164	Chase, Glenn and Vargas
165	Armstrong LLC
166	Meyer, Brown and Carey
167	Reynolds Inc
168	Haney Inc
169	Bailey-Kelley
170	Ray-Medina
171	Marshall-Gardner
172	Lewis, Nelson and Johnson
173	Martin, Ramos and Salazar
174	Cruz, Mccoy and White
175	Smith-Robinson
176	Morris LLC
177	Hernandez-Nguyen
178	Smith-Stephens
179	Smith Inc
180	Day and Sons
181	Garner, Hill and Hodges
182	Roberts, Vaughn and Evans
183	Diaz, Adams and Colon
184	Bean, Briggs and Reyes
185	Cook-Obrien
186	Young-Norman
187	Ibarra, Henderson and Robbins
188	Bell Ltd
189	Vazquez, Todd and Stevens
190	Rodriguez-Meyers
191	Barnes-Aguirre
192	Rodriguez, Jones and Harris
193	Douglas, Khan and Lee
194	Collins, Jones and Watson
195	Rodriguez, Cherry and Mcneil
196	Cook, Mcfarland and Wolfe
197	Taylor LLC
198	Holt, Roberts and Perez
199	Lopez Ltd
200	Hoover-Hall
201	Shepherd-Weber
202	Aguilar, Williams and Patton
203	Watson-Thompson
204	Mueller and Sons
205	Garcia-Collins
206	Thompson-Taylor
207	Reed Inc
208	Wallace, Mitchell and Rogers
209	Smith, Walsh and Ayala
210	Burton, Taylor and Browning
211	Boyer, Gibbs and Howard
212	Johnson, Pineda and Hart
213	Hicks, Hernandez and Montgomery
214	Saunders, Arias and Salinas
215	Jones, Garcia and Fuentes
216	Peters-Newman
217	Roberts-Clark
218	Nelson and Sons
219	Morgan Inc
220	Collins-Jones
221	Bradley, Miller and Cantrell
222	Walter, Lee and Flynn
223	Williamson Ltd
224	Chan-Garcia
225	Flores, Olson and Delacruz
226	Barnes-Scott
227	Espinoza-Nelson
228	Bailey, Stark and Smith
229	Ingram, Archer and Snow
230	Dawson, Clay and Beard
231	Turner LLC
232	Flores PLC
233	Perkins, Taylor and Clark
234	Richardson Ltd
235	Vaughn, Mahoney and Parrish
236	Young Group
237	Johnson, Martin and Adams
238	White LLC
239	Jimenez, Rivera and Shaw
240	Lewis LLC
241	Stewart-Austin
242	Johnson Group
243	Stanley, Oconnor and Martinez
244	Jacobson-Morrow
245	Brown PLC
246	Medina-Russell
247	Keller PLC
248	Bryant-Baker
249	Castro-Barrett
250	Nguyen Ltd
251	Moore Group
252	Mccarthy Inc
253	Hanson, Simpson and Jimenez
254	Stevenson, Ellis and Shaw
255	Jimenez LLC
256	Cummings, Chavez and Sexton
257	Jackson PLC
258	Bush, Pratt and Bradshaw
259	Gonzalez, Pierce and Singh
260	Smith, Russell and Miller
261	Nelson LLC
262	Williams-Rodriguez
263	Morales, Romero and Olson
264	Turner-Rosario
265	Watson-Mcclure
266	Bryant and Sons
267	Miles-Johnson
268	Zimmerman-Turner
269	Ayers, Nicholson and Graham
270	Lucero-Brown
271	Gibson LLC
272	Davis LLC
273	Simmons-Adams
274	Scott and Sons
275	Vance Group
276	Young LLC
277	Norris-Carter
278	Johnson Ltd
279	Davis Ltd
280	Young, Williams and Shepherd
281	Moran-Clark
282	White-Bradshaw
283	Brooks PLC
284	Freeman-Jackson
285	Soto-Tucker
286	Becker, Barron and Castillo
287	Williams, Estrada and Boyer
288	Wilson, Morgan and Washington
289	Miller Ltd
290	Garza-Craig
291	Nguyen, Gray and Stephens
292	Fernandez-Glover
293	Williams, Hoffman and Martinez
294	Harris and Sons
295	Jordan-Hughes
296	Thompson PLC
297	Meyer and Sons
298	Hernandez-Herman
299	Phillips Inc
300	Gordon, Marshall and Weaver
301	Brooks-Shelton
302	Morrison, Wilcox and Burch
303	Smith Ltd
304	Pena, Harrison and White
305	Allen, Valdez and Sanders
306	Dougherty Ltd
307	Hernandez Group
308	Hurley-Clayton
309	Bender and Sons
310	Cox Ltd
311	Bass Group
312	Pugh-Henson
313	Adams Inc
314	Russell, Johnson and Martinez
315	Barrett Inc
316	Hughes, Bowen and Barton
317	Rodriguez-Nelson
318	Ortiz, Sanders and Ramirez
319	Norris PLC
320	Rodriguez, Ross and Brown
321	Rodriguez-Torres
322	Wade LLC
323	Osborn, Hamilton and Ford
324	Jimenez PLC
325	Casey-Schmidt
326	Aguilar, Carter and Watkins
327	Lopez, Hall and Perry
328	Foster-Anderson
329	Mendez-Reynolds
330	Butler, Hale and Gutierrez
331	Webster Ltd
332	Small, Maxwell and Jones
333	Mora-Lewis
334	Stephens Group
335	Zuniga-White
336	Weiss-Montoya
337	Nichols LLC
338	James Inc
339	Clark Inc
340	Kirk-Payne
341	Robinson Inc
342	Wright-Collins
343	Brennan, Hobbs and Lane
344	Anderson, Johnson and Smith
345	Wilson, Rhodes and Smith
346	Vaughn, Anderson and Deleon
347	Nguyen-Noble
348	Mendez, Foster and Ayala
349	French, Martinez and Turner
350	Nixon LLC
351	Davis, Fowler and Mitchell
352	Herrera PLC
353	Robbins, Martinez and Green
354	Koch, Peterson and Rodriguez
355	Guerrero-Ibarra
356	Holt, Moreno and Richardson
357	White-Smith
358	Black-Shelton
359	Collier Inc
360	Davis and Sons
361	Howard and Sons
362	Romero-Armstrong
363	Potts, Parks and Jenkins
364	Allen and Sons
365	Rivera-Sullivan
366	Palmer, Ashley and Gray
367	Jennings, Scott and Clay
368	Campbell, Klein and Jones
369	Mccullough-Pena
370	Moran-Mahoney
371	Underwood LLC
372	Knox, Johnston and Stokes
373	Butler-Roberts
374	Perry Ltd
375	Ball-Roberts
376	Elliott Ltd
377	Li, Davis and Hinton
378	Scott, Moore and Hancock
379	Ross, Small and Valentine
380	Archer, Johnson and Banks
381	Cruz, Harris and Casey
382	Leon-Garcia
383	Mccoy and Sons
384	Ramos, Douglas and Blake
385	Miller-Keller
386	Smith-Brown
387	Perez, Smith and Thompson
388	Ruiz, Bailey and Butler
389	Crane, Thompson and Cox
390	Gilbert-Miller
391	Smith-Brooks
392	Lester-Jackson
393	Taylor-Mccarthy
394	Andrews, Waters and Morgan
395	Munoz-Wright
396	Rivera-Huffman
397	Martinez Inc
398	Moon, Forbes and Little
399	Cohen, Weber and Potter
400	Clark, Middleton and Francis
401	Walker-Diaz
402	Richardson, Jackson and Callahan
403	Carey, Dunn and Flores
404	Garcia, Phillips and Coleman
405	Long and Sons
406	Murray, Jackson and Ortiz
407	Hale-Lewis
408	Kennedy, Andrews and Taylor
409	Mcguire-Lewis
410	Sanders-Mitchell
411	Wells PLC
412	Robbins Group
413	Ballard-Robinson
414	Hudson-Hodge
415	Hoffman Inc
416	Barrett, Sherman and Cisneros
417	Chambers-Silva
418	Ford and Sons
419	Vega PLC
420	Russell-Johnson
421	Martin, Livingston and Blanchard
422	Knight, Tate and Berg
423	Mcdaniel Group
424	Lee Ltd
425	Simmons, Munoz and House
426	Smith, Jones and Walsh
427	Dennis-Neal
428	Baxter, Hernandez and Ruiz
429	Blackburn, Farrell and Reyes
430	Cooper-Baird
431	Jones-Lopez
432	Schwartz, Mcpherson and Davis
433	Potter LLC
434	Shepherd-Mcneil
435	Chavez, Lee and Lynch
436	Wall-Young
437	Potter Ltd
438	Bennett-Parsons
439	Bradford and Sons
440	Ramirez PLC
441	Thompson, Taylor and Terry
442	Hill and Sons
443	Campbell, Erickson and Wilkinson
444	Anderson and Sons
445	Chapman, Foley and Huynh
446	Haas LLC
447	Graham-Smith
448	Stewart Group
449	Richards-Morgan
450	Morgan-Wyatt
451	Galloway-Thompson
452	Moore LLC
453	Martin-Rasmussen
454	Manning Group
455	Silva Group
456	Patel, Campbell and Mayer
457	Hayes-Smith
458	Jones LLC
459	Armstrong, Herrera and Campbell
460	Alvarez and Sons
461	Smith-Garrett
462	Mcdaniel Inc
463	Mason, Taylor and Roy
464	Massey Group
465	Cruz-Wagner
466	Davis-Leonard
467	Cole LLC
468	Reynolds-Phillips
469	Quinn-Anderson
470	Brown, Wilson and Morgan
471	Knight Ltd
472	Gibbs, Acevedo and Parker
473	Bennett-Gomez
474	Bridges, Ward and Howard
475	Hull-Cooper
476	Soto, Lynn and Peters
477	Whitehead-Melendez
478	Gross, Scott and Perkins
479	Thomas LLC
480	Daniel, Fischer and Wilkins
481	Jones, Roth and Dean
482	Ferguson-Edwards
483	Gibbs, Gibson and Chavez
484	Miller, Warren and May
485	Blackburn and Sons
486	Cabrera-Reyes
487	Pruitt-Johnson
488	Stevenson, George and Walters
489	Howell, King and Porter
490	Lewis Group
491	Guzman-Powell
492	Taylor-Hoffman
493	Johnson, Mason and Clark
494	Clark LLC
495	Wolfe PLC
496	Cooper, Cohen and Richardson
497	Wright and Sons
498	Gates-Hernandez
499	Gardner PLC
500	Tran, Olson and Charles
501	Jones Ltd
502	Kaufman Group
503	Padilla, Salazar and Clay
504	Harris-Berry
505	Brown-Wolfe
506	Davis-Bauer
507	Page, Gomez and Carr
508	Winters LLC
509	Morales-Hines
510	Payne-Green
511	Ibarra-Weaver
512	Cannon-Rivera
513	Case, Riley and Carey
514	Shelton LLC
515	Young, Dixon and Holland
516	Rocha Ltd
517	Hamilton, Morton and Williams
518	Barrett-Cook
519	George-Morris
520	Jackson and Sons
521	Sullivan, Nolan and Webster
522	Garcia, Nelson and Carlson
523	Armstrong, Rivera and Potter
524	Miller, Ramos and Sanchez
525	Cobb Ltd
526	Martin, Castro and Lang
527	Wilkerson Group
528	Torres PLC
529	Ellison and Sons
530	Hawkins PLC
531	Lynn, Parsons and Munoz
532	Hernandez, Krause and Mcdonald
533	Lowe-Reid
534	Arnold-Price
535	Silva, Santiago and Gilbert
536	Mcdonald-Davis
537	Barrera PLC
538	Tran, Wyatt and Willis
539	Sanchez Group
540	Collins-Anderson
541	Fletcher-Torres
542	Burke-Carroll
543	Garcia-White
544	Benitez, Owen and Brock
545	Wolf, Levine and Maxwell
546	Gentry, Lopez and Hutchinson
547	Burke Inc
548	Norton, Graham and Rodriguez
549	Tran-Warren
550	Watts, Allen and Cook
551	Shields-Lee
552	Ho-Castaneda
553	French, Miranda and Ryan
554	Kim, Young and Browning
555	Hammond-Nelson
556	White, Graham and Smith
557	Alvarado PLC
558	Robinson, Gibbs and Johnson
559	Johnson-Goodwin
560	Fleming Inc
561	Hamilton Inc
562	Baker and Sons
563	Downs, Johnson and Holmes
564	Wilson-Morris
565	Petty LLC
566	Stevens-Church
567	Anderson PLC
568	Walker, Owens and Simon
569	Stewart, Morgan and Sullivan
570	Harding-Adams
571	Diaz-Ruiz
572	Cook and Sons
573	Weber Inc
574	Jones, Parker and Reynolds
575	Carr Ltd
576	Daniels, Hughes and Stephens
577	Valencia LLC
578	Hunt, Rodriguez and Wade
579	Kerr, Wright and Robinson
580	Jacobson-Johnson
581	Santana, Gross and Simpson
582	Walsh, Farmer and Mckinney
583	Garcia, Wolfe and Burke
584	Richardson-Wilson
585	King-Murray
586	Sims, Fitzpatrick and Rios
587	Grant-Valdez
588	Wilson-Crosby
589	Serrano, Rich and Boyd
590	Young-Frey
591	Howard, Griffin and Mann
592	Valencia, Graves and Gonzales
593	Cooper-Henderson
594	Graham Group
595	Clements-Black
596	Pitts PLC
597	Cunningham, Edwards and Jones
598	Allen Ltd
599	Rodriguez-Mcgee
600	Spencer-Hernandez
601	Vincent, Thomas and Brown
602	Bauer, Mendoza and Carlson
603	Johnson, Myers and Mckenzie
604	Blake, Benitez and Mejia
605	French, Morris and Barrera
606	Rhodes-Carey
607	Johnson PLC
608	Gardner-Hernandez
609	Cruz Ltd
610	Wallace-Le
611	Henry Ltd
612	Kelly-Mitchell
613	Farmer-Ware
614	Martin-Ali
615	Mcdonald, Brown and Cobb
616	Jones, White and Soto
617	King-Harper
618	Bishop, Elliott and Adams
619	Parker PLC
620	Espinoza Inc
621	Dixon, Vazquez and Turner
622	Thompson LLC
623	Reeves, Riley and Reid
624	Davis-Williams
625	Sherman-Orr
626	Summers Ltd
627	Thomas, Davis and Russell
628	Hunt-Watson
629	Dawson LLC
630	Heath-Landry
631	Carroll-Knight
632	Trevino-Rodriguez
633	Roman-Hartman
634	Burnett, Clark and Gonzales
635	Tate-Miller
636	Bright PLC
637	Saunders, Smith and Jackson
638	Shah, Wilson and Phillips
639	Norris, Smith and Torres
640	Watson LLC
641	Lopez-Nelson
642	Simpson PLC
643	Rivera-Landry
644	Myers-White
645	Ruiz-Yu
646	Gonzalez and Sons
647	Atkins-Morris
648	Alvarado, Sanchez and Reed
649	Henderson-Johnson
650	Brady-Howell
651	Grant-Dunlap
652	Burke PLC
653	Harvey-Erickson
654	Solis-Hernandez
655	Riley, Stout and Mills
656	Davis, Hardin and Marks
657	Cobb-Liu
658	Jordan Ltd
659	Soto-Harmon
660	Hughes-Powell
661	Middleton-Harrison
662	Boyer LLC
663	Horton PLC
664	Wagner, Edwards and Collins
665	Mccoy LLC
666	Wilson Inc
667	Stephenson, Thompson and Bailey
668	Brown-Jones
669	Walker, Davis and Hall
670	Stevenson Inc
671	Mcdonald-Carter
672	Crawford LLC
673	Carr, Mills and Bernard
674	Ward-Mcdonald
675	Mendoza-Vega
676	Terry-Lynch
677	Fowler, Wise and Dodson
678	Serrano Ltd
679	Hull Ltd
680	Mercado, Mosley and Kelly
681	Watson, Perez and Mitchell
682	Johnson-Howard
683	Christensen, Smith and Lane
684	Finley Inc
685	Powell-Hubbard
686	Waters-Perez
687	Robertson-Braun
688	Davidson-Bass
689	Stone Ltd
690	Hudson Inc
691	Boyer and Sons
692	Olsen Ltd
693	Adams LLC
694	Sweeney, Scott and Miller
695	Lopez LLC
696	Anderson, White and Hammond
697	Gonzalez Ltd
698	Willis-Patel
699	Savage-Rodriguez
700	Williams-Mitchell
701	Thompson, Goodwin and Maynard
702	Martin and Sons
703	Rodriguez-Gray
704	Benton, Gardner and Forbes
705	Cox, Davis and Morgan
706	Becker Ltd
707	Whitaker-Allen
708	Wright, Graham and Rodriguez
709	Haynes Inc
710	Ingram-Rivera
711	Ross-Anderson
712	Nelson-Davis
713	Davis, Santiago and Sanders
714	Patterson-Keller
715	Medina LLC
716	Johnson, Hopkins and Smith
717	James, Perry and Brown
718	Thomas PLC
719	Oneill PLC
720	Lucas Ltd
721	Rich-Decker
722	Wells, Adams and Burns
723	Murphy LLC
724	Blackwell, Bryan and Rivera
725	Marshall Inc
726	Bennett Ltd
727	George, Vance and Cross
728	Howell Ltd
729	Freeman-Curtis
730	Brown, Johnson and Payne
731	Weber-Hernandez
732	Romero, Wright and Brown
733	Davis-Blackwell
734	Day-Colon
735	Dunlap, Stephenson and Cortez
736	Collins Ltd
737	Clark, Wheeler and Ellis
738	Davidson, Hernandez and Gonzalez
739	Moore-Nichols
740	Lucas-Norton
741	Jordan, Maxwell and Fuller
742	Ball LLC
743	Wood-Thompson
744	Abbott and Sons
745	Perez Inc
746	George-White
747	David-Patterson
748	Shannon PLC
749	Stevens, Ball and Kirk
750	Curry-Hansen
751	Mathews, Watson and Herring
752	Rowe Ltd
753	Taylor-Johnson
754	Byrd, Mcgee and Aguilar
755	Brown, Wood and Riley
756	Sanchez-Jackson
757	Becker and Sons
758	Williams-Martin
759	Martin, Rhodes and Willis
760	Wright Group
761	Lopez Inc
762	Smith, Palmer and Turner
763	Taylor PLC
764	Mclean-Burton
765	Martinez, Christian and Gallagher
766	Weber, Crane and Contreras
767	Farmer Ltd
768	Harrell Ltd
769	Martin LLC
770	Gutierrez-Terrell
771	Roberts, Kennedy and Walsh
772	May-Robinson
773	Sandoval-Ayala
774	Warren, Herrera and Collins
775	Griffin LLC
776	Price, Gonzalez and Conner
777	Morales, Fisher and Chaney
778	Davis, Randall and Burke
779	Snow and Sons
780	Shah PLC
781	Garcia-Rodgers
782	Hernandez-Johnson
783	Welch Ltd
784	Rose, Todd and Gonzalez
785	Foster-Contreras
786	Anderson, Thompson and Torres
787	Hurley LLC
788	Clark-Le
789	Johnson-Gardner
790	Reed, Brooks and Thomas
791	Watkins LLC
792	Anderson, Brown and Hart
793	Terry-Durham
794	Patton, Floyd and Kaufman
795	Rush Ltd
796	Collins, Hamilton and Adams
797	Ellis, Burns and Roth
798	Quinn-Lee
799	Hill-Phillips
800	Black-Ballard
801	West Ltd
802	Doyle-Giles
803	Rios LLC
804	Harris-Hutchinson
805	Branch and Sons
806	Patel, Higgins and Golden
807	Patrick, Smith and Sandoval
808	Freeman-Pineda
809	Baker, Chen and Todd
810	Nelson, Wood and Huang
811	Jones Group
812	Macias and Sons
813	Adams, Allen and Carpenter
814	Moore-Heath
815	Newman LLC
816	Drake, Walters and Oliver
817	Phelps, Yang and Murphy
818	Solis-Allen
819	Rogers-Hudson
820	Mitchell-Ramirez
821	Davis-Taylor
822	Robertson-Pope
823	Johns and Sons
824	Wagner PLC
825	Campbell, Blevins and Stein
826	Martin-Taylor
827	Cabrera, Kent and Reed
828	Scott-Peterson
829	Charles-Torres
830	Davis-Jones
831	Jenkins and Sons
832	Hawkins-Bennett
833	Howard-Thompson
834	Miller Group
835	Frank Inc
836	Roach Group
837	Burch Ltd
838	Murphy-Cain
839	Barnett-Griffith
840	Johnson, Matthews and Hawkins
841	Green-Barker
842	Guerra Inc
843	Hayes Group
844	Smith-Travis
845	Howell Inc
846	Gonzalez, Rodriguez and Patel
847	Martin-Hampton
848	Campos-Johnson
849	Flores and Sons
850	Riley, Hernandez and White
851	Johnson, Adams and Gardner
852	Delacruz Group
853	Pace, Smith and Patterson
854	Franklin, Kelly and Wilson
855	Carter, Reynolds and Murphy
856	Williams, Barnes and Mcdaniel
857	Little and Sons
858	Adams, Mullins and Hughes
859	Long-Johnson
860	Payne, Brown and Lopez
861	Campos Group
862	Nunez PLC
863	Sanchez Ltd
864	Roberts, Campbell and Hunt
865	Brown, Robinson and Bailey
866	Rodriguez-Heath
867	Miller-Miller
868	Burns LLC
869	Baker LLC
870	Myers and Sons
871	Kim-Leonard
872	Davis, Nelson and Simmons
873	Sullivan, Black and Lambert
874	Perez-Davis
875	Frye PLC
876	Galloway Group
877	Skinner, Bowman and Garrett
878	Perez, Aguirre and Cross
879	Farley and Sons
880	Brooks Inc
881	Cook-Hernandez
882	Martinez, Miller and Gutierrez
883	Cole-Bowman
884	Phillips, Harris and Smith
885	Mcdaniel-Schwartz
886	Andrews-Baldwin
887	Doyle, Henderson and Dixon
888	Valenzuela LLC
889	Gentry LLC
890	Parsons PLC
891	Hooper-Gonzales
892	Drake, Vazquez and Williams
893	Collins-Mckay
894	Anderson-White
895	Adams, Reed and Johnson
896	Lynch, Williams and Steele
897	Arellano, Joseph and Garcia
898	Henry and Sons
899	Jackson-Olson
900	Bennett PLC
901	Mccarthy-Moore
902	Lambert Group
903	Herrera and Sons
904	Luna-Torres
905	Ruiz, Andrade and Anderson
906	Williams-Graham
907	Vang, Watkins and Sullivan
908	Lopez, Liu and Kirby
909	Mcguire, Moon and Gilmore
910	Ramirez Group
911	Anderson Ltd
912	Johnson-Lewis
913	Mejia-Solomon
914	Ramirez-Jensen
915	Webb Inc
916	Mcbride, Lewis and Howard
917	Schultz, George and Castillo
918	Riley PLC
919	Kim Inc
920	Moon, Arroyo and Gardner
921	Jacobs-Henry
922	Dunn-Fritz
923	Bernard-Roman
924	Bates-Gordon
925	Fowler, Dennis and Jones
926	Johnson, Nguyen and Harris
927	Ortega-Sloan
928	Melendez Inc
929	Martinez, Nelson and Marshall
930	Campbell-Mason
931	Wiggins Inc
932	Hansen Ltd
933	Sampson-Evans
934	Hudson-Brown
935	Farmer-Gonzalez
936	Carr, Wright and Payne
937	Oconnell, Stewart and Brooks
938	Baker, Ortiz and Mccall
939	Valentine, Hernandez and Stewart
940	Mcmahon-Howard
941	Carlson Inc
942	Smith, Ho and Martinez
943	Perry, Stokes and Richardson
944	Boyd LLC
945	Stewart, Mitchell and Patterson
946	Clark, Prince and Pineda
947	Smith-Craig
948	Edwards-Small
949	Lucas Group
950	Campbell-Mccoy
951	Meyer-Santana
952	Mack, Gray and Stephenson
953	Smith PLC
954	Moore PLC
955	Martinez, Roberts and Mcdonald
956	Thomas, Scott and Stanton
957	Allen, Dunlap and Marks
958	Chambers, Holt and Smith
959	Hunter-Briggs
960	Haynes, Hernandez and Daniels
961	Fox LLC
962	Mitchell, Silva and Hamilton
963	Perez-Frank
964	Wilson LLC
965	Smith LLC
966	Roberts and Sons
967	Johnson and Sons
968	Smith Group
969	Webb, Hartman and Diaz
970	Foster-Mercado
971	Guerrero, Little and Schroeder
972	Johnson-Moreno
973	Conner PLC
974	Henderson Inc
975	Gates-Blake
976	Yates-Ellis
977	Jones-Miller
978	Brandt, Jones and Hancock
979	Weeks LLC
980	Wilkins Ltd
981	Scott, Larson and Nunez
982	Carroll LLC
983	Burgess-Butler
984	Watson-Fisher
985	Rodriguez-Perez
986	Mann, Lewis and Poole
987	Wise, Navarro and Morris
988	Pitts, Rasmussen and Bryant
989	Dominguez, Miller and Evans
990	Jackson-White
991	Mercer Group
992	Quinn, Johnson and Edwards
993	Lamb, Brown and Green
994	Weaver Inc
995	Gallegos, Morgan and Fox
996	Wade and Sons
997	Juarez and Sons
998	Reyes-Rivera
999	Bautista-Gonzales
