0	knoxmichael@gmail.com
1	rasmussenmary@baker.com
2	miranda53@garcia.com
3	jacqueline02@gmail.com
4	harrischristopher@palmer.biz
5	julieortega@nelson-gates.biz
6	steven18@hotmail.com
7	sandra74@hotmail.com
8	debralucero@gilbert-perez.net
9	cwilliams@yahoo.com
10	christopherhayes@yahoo.com
11	nicole37@martinez.com
12	monica82@hernandez.com
13	vvincent@gmail.com
14	travis93@pierce.com
15	jeanne04@gmail.com
16	reevesrobert@wilson.com
17	wdowns@gmail.com
18	ashleybowen@gmail.com
19	kylie49@yahoo.com
20	erikgriffin@yahoo.com
21	danielle40@gmail.com
22	pamela97@johnson-villegas.com
23	uburns@yahoo.com
24	abigail62@hotmail.com
25	gabriela88@cameron-johnson.com
26	jasonjones@benitez.biz
27	lindsay84@rodriguez.com
28	blake32@gmail.com
29	vanessahernandez@howard.com
30	georgewiggins@hotmail.com
31	tford@guerrero-nguyen.com
32	rlowe@hotmail.com
33	james28@gmail.com
34	haynesmelinda@yahoo.com
35	johnsonkevin@hotmail.com
36	eanderson@hill-ortiz.info
37	laura92@allen-wang.com
38	mlam@beard.com
39	carriegreene@gmail.com
40	petergordon@aguilar.com
41	douglasmoreno@yahoo.com
42	judithsalinas@williams.com
43	turnercheyenne@mccarthy.com
44	michele83@hotmail.com
45	brandon58@thompson-coleman.com
46	sarahgrant@atkinson-hughes.com
47	tiffanyfernandez@huerta-lane.biz
48	cweber@yahoo.com
49	vshaw@bell-russo.com
50	ojackson@hotmail.com
51	dsanchez@robinson.info
52	wlynch@hotmail.com
53	morgan84@whitney.com
54	smartin@wells-allen.info
55	stephen14@gmail.com
56	igomez@mcdaniel.com
57	bentleymelissa@hotmail.com
58	gritter@hill.net
59	bmartinez@gay.biz
60	laurenlittle@taylor-pace.com
61	schmidtgregory@yahoo.com
62	psmith@gmail.com
63	walshlaura@hotmail.com
64	karamunoz@lewis-elliott.com
65	ruiztimothy@delgado-lopez.com
66	sstout@gmail.com
67	catherinemartinez@yahoo.com
68	epatrick@hotmail.com
69	rodgersbradley@gmail.com
70	stephaniefernandez@yahoo.com
71	bryantricky@martinez-torres.biz
72	davisjamie@brown.info
73	rachelacosta@yahoo.com
74	christy89@yu.com
75	arichard@yahoo.com
76	dennisobrien@hotmail.com
77	houstonnathan@hall-moss.com
78	mgates@gmail.com
79	emilybrooks@hale.com
80	mendozarandy@jordan-davis.com
81	amandasmith@gmail.com
82	ehudson@gmail.com
83	munozdebra@yahoo.com
84	taylorgilbert@jones.com
85	gina47@yahoo.com
86	kristen64@gmail.com
87	dfoley@hotmail.com
88	vshah@ray.com
89	freyes@hotmail.com
90	bmurphy@davis.com
91	michaelkelley@smith-costa.com
92	gwilliams@gmail.com
93	zachary23@yahoo.com
94	lfreeman@moreno-gates.com
95	jessica96@hernandez-nguyen.com
96	camachobrian@hotmail.com
97	robertssamantha@thompson.info
98	olivia54@hotmail.com
99	vhughes@martin.com
100	cmayer@yahoo.com
101	scharles@gmail.com
102	thompsonjessica@yahoo.com
103	bennettanne@hotmail.com
104	lorettagreene@gmail.com
105	gina81@mcneil-knapp.com
106	timothydavis@holt-roberts.com
107	carolineroberts@yahoo.com
108	hooverjesse@yahoo.com
109	brandon92@hogan-ellis.biz
110	ysmith@cook-blake.com
111	lukereed@smith.info
112	gregory00@gmail.com
113	taylorrenee@boyer.com
114	mcclaincatherine@yahoo.com
115	donaldsmith@hotmail.com
116	simsaustin@brewer.com
117	keith33@yahoo.com
118	paulmitchell@hotmail.com
119	jose84@strickland.com
120	laura39@love.biz
121	lucasolson@ward.com
122	baileysally@gmail.com
123	usnow@dawson.com
124	aharrington@yahoo.com
125	patricksteele@yahoo.com
126	hannahmahoney@hotmail.com
127	john93@johnson.com
128	annagarcia@jimenez-rivera.net
129	miguelwood@stewart-austin.com
130	jessicastanley@moore.com
131	smithamanda@gmail.com
132	awalter@hotmail.com
133	qgonzalez@hotmail.com
134	uphillips@gmail.com
135	ernestbrewer@rogers.com
136	tyler47@gmail.com
137	ywood@white.biz
138	janetpratt@gonzalez.com
139	christophermoore@yahoo.com
140	harperbilly@gmail.com
141	qwhite@perez-alexander.com
142	edward17@mcdonald-mccoy.com
143	owhite@yahoo.com
144	sheilanicholson@yahoo.com
145	dlucero@sanchez.com
146	avaughan@johnson-snyder.com
147	jonathan24@hotmail.com
148	acostajesse@brandt.com
149	michaelsmith@proctor.net
150	reyeshunter@brown-brooks.info
151	qweeks@baxter-hall.org
152	hfry@gmail.com
153	michelle15@washington.info
154	wmcmahon@hardy.biz
155	ddominguez@anthony.com
156	qbradley@gmail.com
157	jrobles@moore.com
158	phillipschristopher@gordon.biz
159	heather29@gmail.com
160	kathy60@gmail.com
161	wsmith@newman.com
162	tnorris@snyder.org
163	claytonjose@hotmail.com
164	annabranch@yahoo.com
165	newmanshelly@baker.info
166	hjohnson@yahoo.com
167	jeffreypowers@bowen.com
168	ortizrandy@yahoo.com
169	russellsarah@hickman.com
170	brian61@yahoo.com
171	vromero@hamilton.info
172	alyssa95@yahoo.com
173	graceporter@gmail.com
174	omiller@hotmail.com
175	atorres@hotmail.com
176	wperez@frazier-small.biz
177	nward@juarez.org
178	gbrown@gmail.com
179	montoyakelly@hotmail.com
180	jacquelinebryant@gmail.com
181	kimberlyjohnson@kirk.net
182	robinsonbrian@carney.org
183	andersonandrew@gmail.com
184	rwilson@gmail.com
185	kelsey29@farrell-stevens.org
186	kiara31@yahoo.com
187	zimmermanisaac@hotmail.com
188	josephyvette@morris.com
189	vhoover@hotmail.com
190	donna92@rodriguez-shields.net
191	andrew23@garza.net
192	johnberry@gmail.com
193	iturner@howard.net
194	aparks@gmail.com
195	john44@ward-washington.org
196	eramos@hotmail.com
197	lydiacampbell@hotmail.com
198	deborah48@smith-bishop.com
199	moransarah@yahoo.com
200	vvazquez@avery.com
201	garciajamie@gmail.com
202	jake49@huynh-donovan.com
203	jonathan23@hotmail.com
204	tperry@haynes.com
205	yrobinson@hotmail.com
206	laura11@gmail.com
207	josephwade@owens.com
208	walter03@gmail.com
209	gregory72@adams-richardson.com
210	stephenpalmer@gmail.com
211	kellynicole@gmail.com
212	donnajohnson@gmail.com
213	xandrews@morgan.com
214	joseph11@yahoo.com
215	ruthforbes@ryan.info
216	jasonmiddleton@porter.com
217	christophercampbell@gmail.com
218	sgarcia@yahoo.com
219	phillipclark@white.com
220	hdonovan@ramos.com
221	randymitchell@gmail.com
222	ksmith@andrews-cunningham.net
223	loriklein@hodge.net
224	katherinecisneros@king.info
225	trevor73@hotmail.com
226	dperez@hotmail.com
227	xblanchard@green.org
228	rollinschristopher@gmail.com
229	thall@moran.com
230	danahughes@franklin.com
231	aturner@farrell.com
232	charleslopez@morris.com
233	michael23@hotmail.com
234	erinsawyer@hotmail.com
235	kathrynboyer@ramirez-jenkins.com
236	melanie41@gmail.com
237	julie32@hotmail.com
238	carlhill@murray.com
239	stacymartinez@chapman.com
240	grayryan@yahoo.com
241	joycebraun@rice.com
242	david80@gmail.com
243	antonio68@gmail.com
244	aguilargeorge@moss.com
245	adam31@yahoo.com
246	ashley84@gmail.com
247	lpeters@lee.org
248	whiterobert@gmail.com
249	pmassey@santos.biz
250	emilywhite@smith-fowler.biz
251	jacob92@gmail.com
252	garciamary@knight-benjamin.info
253	amanda26@gomez.com
254	ryan39@torres-james.net
255	klong@hotmail.com
256	brandithomas@gmail.com
257	kara34@yahoo.com
258	nroth@riley.org
259	krystalgibson@yahoo.com
260	christopherwarren@murphy.com
261	ksaunders@hotmail.com
262	jocelyn94@vega.info
263	parkerjason@hotmail.com
264	carrie61@hotmail.com
265	nancyoneill@gmail.com
266	jasonwhite@coleman.com
267	wyattmatthew@jensen.com
268	ericadams@spencer.com
269	melaniehernandez@gmail.com
270	pclark@hotmail.com
271	bvaldez@singh.com
272	sjimenez@graham.org
273	james11@gmail.com
274	zarmstrong@hotmail.com
275	amygreen@yahoo.com
276	robert41@hughes.com
277	nicoleyoung@hotmail.com
278	brownrobin@yahoo.com
279	owensmegan@gmail.com
280	ugutierrez@yahoo.com
281	gary40@yahoo.com
282	karen13@woods-pitts.org
283	mckinneydakota@yahoo.com
284	kristincordova@yahoo.com
285	annlang@dickerson.com
286	vazquezjohn@yahoo.com
287	martinezangela@gmail.com
288	munozheidi@gmail.com
289	tpeterson@hotmail.com
290	scox@yahoo.com
291	qsilva@yahoo.com
292	vvelasquez@gmail.com
293	angelawyatt@harrison.com
294	melissa84@hoffman-kennedy.org
295	shirleybaker@joseph.com
296	kimberly63@hotmail.com
297	vbrown@gmail.com
298	npeterson@bryant.com
299	jacobyoung@shields-lee.biz
300	xfrench@hotmail.com
301	bmccoy@murray.com
302	wbrock@gmail.com
303	javier50@hotmail.com
304	john12@hamilton-jones.com
305	carternatalie@gmail.com
306	hcoleman@morris-martinez.com
307	uburton@gmail.com
308	dennishurley@vasquez.info
309	zmorgan@hotmail.com
310	xfreeman@yahoo.com
311	davisjennifer@gmail.com
312	xmiller@green.biz
313	paul84@valencia.org
314	fieldscourtney@harris-jacobs.net
315	jessicasimpson@munoz.com
316	smithlindsey@yahoo.com
317	davidarmstrong@yahoo.com
318	howardchristopher@hotmail.com
319	dianaestrada@lee.net
320	jfrey@hancock-rivers.org
321	vday@yahoo.com
322	bscott@hotmail.com
323	monicacobb@cunningham-edwards.com
324	steveduarte@yahoo.com
325	mcgeerobert@atkins.com
326	jonesdavid@mendoza-carlson.com
327	blakevanessa@gmail.com
328	morrisrachel@yahoo.com
329	william97@johnson.com
330	caitlinwallace@hotmail.com
331	nshelton@walker.org
332	mcarter@yahoo.com
333	brian15@gmail.com
334	kingcarla@hotmail.com
335	henry45@smith.com
336	jeremy22@patton-stevenson.com
337	blake40@gmail.com
338	katherineorr@yahoo.com
339	dustindavis@shaw-dickerson.com
340	luis06@gmail.com
341	tanderson@hotmail.com
342	ldillon@gmail.com
343	vhartman@clark.com
344	fullerjeremy@gmail.com
345	saundersandre@gmail.com
346	haleykenneth@villegas.biz
347	harrisonamanda@gmail.com
348	james57@hotmail.com
349	brandon51@rogers-stone.info
350	evanslisa@yahoo.com
351	atkinsmarcus@hotmail.com
352	wsanchez@hotmail.com
353	ojohnson@hotmail.com
354	fdunlap@hotmail.com
355	cynthia56@hotmail.com
356	lmckee@stout.com
357	marksamber@gmail.com
358	jacobreed@jordan.com
359	christopher76@johnson-wilson.com
360	irogers@johnson.info
361	lancestewart@hotmail.com
362	zchambers@hill.info
363	wbailey@brown-jones.com
364	christopher34@joseph.com
365	bbowen@gmail.com
366	phillip19@hotmail.com
367	michaelmcdonald@powell-garcia.net
368	lynchmegan@hotmail.com
369	stephaniethompson@gmail.com
370	uchoi@kelly-hampton.com
371	terri05@patton-christensen.com
372	jfinley@hotmail.com
373	aperkins@yahoo.com
374	howellwyatt@nichols.net
375	deannarobbins@yahoo.com
376	dannysmith@gmail.com
377	laurawest@hotmail.com
378	jessica36@foster-lopez.com
379	kellykimberly@smith.com
380	johnmartin@willis-patel.biz
381	brent41@santiago.org
382	umartin@gutierrez.biz
383	victorbarr@hotmail.com
384	michael17@yahoo.com
385	hannah66@whitaker.com
386	rodriguezmarcus@hotmail.com
387	shawningram@carpenter-tapia.com
388	jford@yahoo.com
389	blakekimberly@bailey.com
390	fosterthomas@wright.org
391	dustin55@johnson.com
392	stacey64@armstrong-bates.com
393	phamcatherine@martin.info
394	ulucas@mejia.biz
395	josephburns@gmail.com
396	apeterson@gmail.com
397	cindy87@jones.com
398	zimmermanthomas@cline-weeks.org
399	michellehernandez@yahoo.com
400	phuerta@velasquez.net
401	hernandezjillian@hotmail.com
402	garciaruben@bowman.com
403	lauramitchell@hotmail.com
404	brittneyellis@davidson.info
405	stephenlucas@pope.com
406	cooperbarbara@jones-williams.net
407	alexanderperez@miller.com
408	christopheradams@adams.info
409	adam80@yahoo.com
410	owenskaitlyn@hotmail.com
411	xmathews@yahoo.com
412	rowesally@kelly-dorsey.com
413	williamsjay@hotmail.com
414	fjackson@roberts.com
415	evan69@joyce.org
416	ryanrichardson@smith.com
417	rachelarmstrong@mclean.com
418	wwilliams@valentine.com
419	dawn26@yahoo.com
420	mwang@yahoo.com
421	omay@gmail.com
422	hcollins@yahoo.com
423	evazquez@leblanc-keller.com
424	nlopez@gmail.com
425	mary12@hotmail.com
426	ssnow@hotmail.com
427	oliverdale@walters.com
428	alisontodd@gmail.com
429	carl22@torres-king.com
430	anthonyreed@gmail.com
431	deanna23@watkins-james.org
432	richardsbrian@terry.com
433	charles43@yahoo.com
434	vanessa57@gmail.com
435	andrewjohnson@yahoo.com
436	meganramsey@phillips.com
437	nandrews@austin.org
438	brooksjamie@gmail.com
439	branchlucas@mccormick.com
440	maxwell73@baker.info
441	terri71@yahoo.com
442	brettmacias@gonzalez-smith.com
443	cruzeric@yahoo.com
444	deanna66@walters-oliver.net
445	andres43@gmail.com
446	krogers@hotmail.com
447	devin17@davis.net
448	cruzamanda@adams.com
449	lori15@yahoo.com
450	dillonhahn@kent.info
451	michael48@hotmail.com
452	justin16@gmail.com
453	roberthill@walsh.com
454	brittany08@obrien.com
455	ericgarza@cole-murphy.com
456	julia09@hawkins.com
457	iwilliams@hayes.com
458	christysmith@gmail.com
459	jonesrachel@hotmail.com
460	michelle62@yahoo.com
461	kerry35@gross.com
462	russellmike@wilson-delacruz.com
463	bsmith@yahoo.com
464	andrew49@yahoo.com
465	imurphy@yahoo.com
466	brendanbarnes@flores.info
467	jason56@hotmail.com
468	proy@payne.com
469	alexandramiller@bennett.org
470	justinhunt@gmail.com
471	vwilliams@gmail.com
472	charlesallen@gmail.com
473	michelle51@miller.net
474	sperez@yahoo.com
475	hjames@gray.com
476	qkent@gmail.com
477	walkerthomas@kim.com
478	sarah86@guzman.com
479	sue12@hopkins.com
480	frank30@gmail.com
481	timothy38@cook-hernandez.com
482	amiller@cruz.com
483	harrisalejandro@yahoo.com
484	ksimpson@baldwin.info
485	owall@harrison.com
486	angelhawkins@gonzalez.com
487	zgonzales@hotmail.com
488	saunderswayne@hotmail.com
489	david24@yahoo.com
490	whitneyjodi@rojas.com
491	gonzalezbrittany@lee.info
492	nicholas28@mccarthy.com
493	lambertchristine@smith.biz
494	heather87@andrade.net
495	lclark@watkins-sullivan.com
496	walterlaura@gmail.com
497	craig35@keller.org
498	peterwallace@acosta-stanley.com
499	csalas@gmail.com
500	nanderson@hotmail.com
501	twright@hotmail.com
502	cbrown@martinez-mccann.net
503	adamsbrandon@hotmail.com
504	frodriguez@hotmail.com
505	trevor48@gmail.com
506	qjones@hotmail.com
507	mark36@ortega.com
508	wisemichael@gmail.com
509	zwashington@gmail.com
510	dpacheco@hotmail.com
511	robertvasquez@carter.biz
512	brian29@brown-snyder.com
513	sonyasmith@yahoo.com
514	amber74@mckenzie-hernandez.com
515	xmcdonald@gmail.com
516	davisstacey@martin.com
517	lindseyrichardson@gmail.com
518	stewartjustin@yahoo.com
519	jaredprince@yahoo.com
520	rsmith@hotmail.com
521	ryan10@yahoo.com
522	joshua08@jacobs.info
523	sharon05@gmail.com
524	dfowler@walls.com
525	kaitlynhebert@warner.info
526	tamijackson@curtis.com
527	ihayes@mckee.org
528	sreed@miller-curtis.com
529	briannaprice@hotmail.com
530	vmcconnell@robles.com
531	jefferylewis@gmail.com
532	bryantsarah@hotmail.com
533	awillis@yahoo.com
534	randall48@hotmail.com
535	kimfisher@gmail.com
536	latoya02@henderson.biz
537	kholloway@gmail.com
538	medinakimberly@smith.com
539	michelleedwards@ford.info
540	nathan34@gmail.com
541	scottsullivan@hotmail.com
542	fjordan@smith-lawson.com
543	lisaponce@lewis-poole.net
544	ashley44@bryant.com
545	evansandrea@mathis.com
546	terrykari@brown.info
547	dweaver@gmail.com
548	ryan34@hotmail.com
549	ericlane@scott.com
550	egonzales@hotmail.com
551	kbrown@yahoo.com
552	fosterstephanie@garcia.biz
553	kennedyronald@livingston.com
554	xmedina@garrett.com
555	danielstiffany@hotmail.com
556	justinoliver@yahoo.com
557	mortonlaura@coleman-johnson.org
558	sweeneyian@moore.com
559	bwaller@hotmail.com
560	colemanbobby@roberts-kelly.com
561	salaswilliam@rivera.org
562	jasminekennedy@gmail.com
563	thomas12@hotmail.com
564	reynoldsbrendan@schmidt-hunt.com
565	grahamdaniel@hall-moody.com
566	taylor75@hotmail.com
567	xmorales@jordan.net
568	middletoneugene@williams-baker.biz
569	summersemily@hotmail.com
570	ethanadams@lindsey.net
571	lisamorris@hotmail.com
572	kara80@mcgrath-jackson.com
573	morganleon@yahoo.com
574	michael42@yahoo.com
575	danagriffin@yahoo.com
576	rmedina@collins.com
577	lauren33@hotmail.com
578	thomas58@gmail.com
579	jerrygilmore@hotmail.com
580	elizabeth17@king-hensley.com
581	scott77@yahoo.com
582	michaelphelps@gmail.com
583	andersonsean@jones-rogers.com
584	patrick99@yahoo.com
585	dgreen@yahoo.com
586	ohowe@mcdaniel-mccullough.com
587	sharpwayne@gmail.com
588	zmolina@brewer-burton.com
589	myates@hotmail.com
590	calvin82@schroeder.com
591	jacobsglenn@diaz-wallace.org
592	martinezroger@gmail.com
593	kellylopez@hotmail.com
594	kyle79@anthony-rodriguez.com
595	carriecasey@miller.com
596	derek33@gmail.com
597	gloverkaren@cole.info
598	itodd@hogan.com
599	jessicaburke@gmail.com
600	ramirezsharon@leonard.org
601	marydavis@gmail.com
602	stephaniebrown@miller.com
603	zsoto@yahoo.com
604	amorales@hart.net
605	christina29@banks.org
606	bethany23@yahoo.com
607	ophillips@oliver-welch.com
608	scott70@stevens.biz
609	caseydennis@hotmail.com
610	clopez@thomas.info
611	carmen31@gomez.com
612	davidsonbecky@james.com
613	robertsjohnny@hotmail.com
614	tracey43@guerra.com
615	matthewduncan@hotmail.com
616	danielstewart@brewer-goodman.com
617	lrichards@johnson.net
618	gbowman@gibson.com
619	raymond25@gmail.com
620	ccarpenter@brewer-cooper.org
621	williamcrawford@rodriguez.com
622	kathryn70@hotmail.com
623	gail09@gmail.com
624	hstephenson@mueller-graves.com
625	heatherknight@gmail.com
626	georgeschneider@ramirez.com
627	jessica56@mitchell.net
628	anthonymurphy@lindsey.com
629	rebekah13@mosley.com
630	kirbydebra@gmail.com
631	stevenanderson@wu.com
632	brandonspencer@gmail.com
633	tonya34@smith-roberson.com
634	codyleach@yahoo.com
635	joseph42@gmail.com
636	williamsvictor@gmail.com
637	mmiller@taylor.com
638	jacksonbryan@yahoo.com
639	hallkaren@lopez.com
640	chelsea14@gmail.com
641	jmartinez@mcdowell.com
642	ellen18@cruz.org
643	jessica43@yahoo.com
644	zfreeman@yahoo.com
645	belinda48@yahoo.com
646	paigeguzman@gmail.com
647	georgerobert@brown.org
648	zblake@hotmail.com
649	juan32@yahoo.com
650	kimalyssa@yahoo.com
651	rli@adams.com
652	fprice@yahoo.com
653	jimenezshelby@ford-brandt.org
654	mary32@yahoo.com
655	beverly00@gmail.com
656	adamslauren@yahoo.com
657	susan93@yahoo.com
658	kcastro@hotmail.com
659	alexismckay@harris.com
660	carrierichards@davis.net
661	gbrooks@rose.com
662	ihale@yahoo.com
663	tkelly@nash.info
664	tarapayne@jackson.com
665	charlestrujillo@yahoo.com
666	joshuaweeks@williams-cole.biz
667	sarahwhite@jones.com
668	benderjohn@rivera.com
669	chavezjacob@hotmail.com
670	john60@hotmail.com
671	courtneyrandall@pierce-butler.com
672	stephanie05@hotmail.com
673	fcarey@gmail.com
674	xhart@stone-baxter.org
675	martinstrong@rivera.com
676	rebecca55@yahoo.com
677	bgray@gmail.com
678	joseph92@hensley.com
679	ryanrodriguez@hotmail.com
680	jonathan30@moore-pennington.net
681	douglas89@gmail.com
682	gutierrezkevin@hotmail.com
683	erin34@walker.info
684	wperez@lawson.com
685	martinezariana@yahoo.com
686	phillip98@yahoo.com
687	adamsterri@harris-benton.com
688	bobby54@yahoo.com
689	norrissierra@gmail.com
690	scottdavid@yahoo.com
691	shawnpatrick@yahoo.com
692	eschultz@gmail.com
693	hawkinsrichard@jones.org
694	timothy05@hahn-mills.com
695	amyandrews@hart.com
696	joshua66@gmail.com
697	guzmannatalie@carlson-jones.net
698	kimberlytran@yahoo.com
699	lindawells@estrada-ortiz.net
700	rturner@yahoo.com
701	kurthall@thompson.net
702	acurtis@hughes.com
703	nmarshall@yahoo.com
704	fishercrystal@hancock-may.net
705	hayeschristine@turner.com
706	shawn58@phillips-murray.com
707	erica28@gmail.com
708	laurajones@hotmail.com
709	david01@nguyen-miller.org
710	bethjohnson@miller.biz
711	kjimenez@gutierrez-lewis.com
712	anthony27@hood.biz
713	khankimberly@hotmail.com
714	anthony12@yahoo.com
715	qhumphrey@lopez-warren.com
716	coopermark@gmail.com
717	acontreras@hotmail.com
718	scott97@yahoo.com
719	crosbygerald@anderson.net
720	elizabeth62@gordon.biz
721	adam76@gmail.com
722	stephanie35@reilly.net
723	wabbott@gmail.com
724	christopher07@yahoo.com
725	ijacobs@marsh-sharp.info
726	jacqueline15@reed.com
727	tdavis@acevedo.com
728	normanpatrick@calderon-mcgrath.com
729	matthewrowe@yahoo.com
730	kgonzalez@little.net
731	iandaniel@goodman.com
732	jeremy70@patel.info
733	ypaul@roach.biz
734	derrickhopkins@yahoo.com
735	paula34@morgan.biz
736	bondvincent@yahoo.com
737	higginsdiana@cox-lutz.info
738	gatkins@owens-hendrix.com
739	moralesmichael@snyder-malone.biz
740	zimmermanjulie@watson.biz
741	taylorsanders@hotmail.com
742	wendy38@hotmail.com
743	larry53@yahoo.com
744	nmora@hayden.com
745	mcdonaldsamuel@acosta.com
746	zsweeney@buchanan.org
747	adam28@bates.info
748	boylejose@miller.com
749	fvargas@shepherd-smith.com
750	chaserichardson@young.com
751	xpeterson@davis-garcia.com
752	meghanbrown@powell.com
753	david84@yahoo.com
754	williamsmanuel@tate.com
755	xcastro@hotmail.com
756	wangjesse@hess.biz
757	cristian65@gmail.com
758	aguirrelaura@patrick.info
759	kgilbert@gmail.com
760	hrichardson@yahoo.com
761	jrasmussen@yahoo.com
762	kurt84@hotmail.com
763	kelly47@king-morales.biz
764	derrick49@jones-salazar.com
765	aprilmason@yahoo.com
766	careybrian@yahoo.com
767	gomezjohn@yahoo.com
768	gilbertelizabeth@chen.com
769	scantrell@yahoo.com
770	pdavis@white.com
771	shieldsjason@vance.com
772	olewis@baker.com
773	johnfischer@sexton-smith.com
774	alanblankenship@gmail.com
775	egarcia@page.org
776	michellehall@wilkerson.com
777	mitchellbrian@hotmail.com
778	vincentrivera@hotmail.com
779	jjackson@hughes-hernandez.biz
780	daniel57@graham-watkins.info
781	murraychristopher@black.org
782	pacejoseph@dudley-lamb.com
783	cynthiawalker@gutierrez.com
784	livingstonanthony@hotmail.com
785	schmidtdanny@bauer.net
786	charlesjose@mills.com
787	butlerchristopher@yahoo.com
788	matthew50@gmail.com
789	norma73@thomas.com
790	cortezsteven@johnston.com
791	pughpenny@hotmail.com
792	patrickcarter@hotmail.com
793	benjamincarter@delgado.com
794	danielhensley@hotmail.com
795	ujohnston@yahoo.com
796	egomez@curry.com
797	amy48@stanley.com
798	powellnathaniel@hale.com
799	oglover@brown.info
800	burtonamanda@duarte.net
801	ygoodman@sutton.org
802	ashleyblevins@hotmail.com
803	annebenitez@mcclure.org
804	hoodvickie@hotmail.com
805	ethanortega@gmail.com
806	marshallallison@gmail.com
807	joseph89@odonnell-richardson.com
808	daniel09@yahoo.com
809	cameronanthony@ibarra-klein.com
810	michael28@yahoo.com
811	teresa47@fuller.com
812	james61@hernandez.com
813	chad73@yahoo.com
814	dbrown@smith.com
815	victor29@hotmail.com
816	shelbyadkins@gmail.com
817	tylergriffin@gmail.com
818	davisbrandy@hotmail.com
819	pstevenson@yahoo.com
820	olsoncathy@gmail.com
821	mcollins@hotmail.com
822	burkeanthony@yahoo.com
823	ohenderson@yahoo.com
824	daniel13@yahoo.com
825	gtran@hickman.org
826	marylong@gmail.com
827	xcameron@drake-simmons.com
828	ajennings@boyd-wallace.com
829	toddswanson@taylor-johns.info
830	jthornton@gmail.com
831	maryroberts@molina.com
832	asolomon@hotmail.com
833	jacob31@gmail.com
834	jessicaanderson@gmail.com
835	rebecca42@gmail.com
836	brian83@buchanan.com
837	alicemendez@hines.biz
838	paulaleblanc@malone-bates.com
839	jenniferwhite@copeland.com
840	laurenturner@mercer.com
841	jonessteven@miller.com
842	raymondmaldonado@graham.net
843	julie17@reeves.com
844	reedlaura@hotmail.com
845	zsteele@yahoo.com
846	jschmidt@hotmail.com
847	pattersonmonica@lam-gordon.com
848	tcannon@hotmail.com
849	charlottemitchell@hotmail.com
850	christy43@parrish.com
851	robertwilliamson@gmail.com
852	leewayne@bernard.info
853	cmoore@yahoo.com
854	bweber@hotmail.com
855	benjamin87@hanson.com
856	johnsonalyssa@hotmail.com
857	kellerdanielle@rodriguez.com
858	dawsonrebecca@gonzales-davis.org
859	stacey65@gmail.com
860	arnoldmary@berry-harrison.com
861	sarawhite@murphy.info
862	jenkinsamanda@yahoo.com
863	mdavis@yahoo.com
864	stanleyadam@yahoo.com
865	michelerice@morales.com
866	janetpetty@hall.org
867	hjones@hotmail.com
868	vabbott@yahoo.com
869	josephcollins@ramirez-gonzalez.com
870	zjenkins@gmail.com
871	fphillips@gmail.com
872	jasoncannon@evans.info
873	tgibbs@yahoo.com
874	donnascott@yahoo.com
875	zhooper@gmail.com
876	warrenkelly@obrien.com
877	hensleyjoseph@long.net
878	lori23@gmail.com
879	megan10@hall.com
880	thompsonstephen@hotmail.com
881	wpacheco@gmail.com
882	vjackson@hotmail.com
883	nicolechurch@gmail.com
884	barbaranavarro@gmail.com
885	karen81@smith-benson.com
886	qbrock@hotmail.com
887	miranda80@collins-brown.com
888	ranthony@jones-scott.com
889	joseph48@hernandez.com
890	charles58@hotmail.com
891	amber62@gmail.com
892	dawn18@norris.com
893	stacey57@green.com
894	mendezshawn@riley.org
895	yyu@yahoo.com
896	lopezmichael@smith-santos.com
897	reynoldszachary@turner-gonzales.com
898	jacobjenkins@meyer.com
899	wrightrebecca@hotmail.com
900	david65@frey-coffey.org
901	williamsonkatherine@gmail.com
902	sabrina64@yahoo.com
903	ghunt@allen.org
904	ramirezamy@hotmail.com
905	ryan00@gmail.com
906	ddavis@yahoo.com
907	margaret39@hotmail.com
908	smitherica@frederick.com
909	aaron65@austin.com
910	sparksjeremy@taylor.net
911	ncook@hotmail.com
912	alyssa16@jackson-patterson.com
913	blevinssarah@archer-wiley.org
914	watsonjeffrey@hotmail.com
915	twang@gmail.com
916	thomasalexandra@gmail.com
917	seanreid@gmail.com
918	leroy37@yahoo.com
919	john51@yahoo.com
920	amandaperez@gmail.com
921	amanda35@gmail.com
922	amy06@hotmail.com
923	bakerdominic@gmail.com
924	ierickson@murray-perkins.net
925	gutierrezgrant@hotmail.com
926	andreajackson@hotmail.com
927	reyestina@armstrong.com
928	dbrewer@gmail.com
929	deleonjoshua@hotmail.com
930	crodriguez@yahoo.com
931	tara82@galloway.org
932	matthewshaw@gmail.com
933	leahsmith@ford.biz
934	smithjustin@miller-butler.com
935	cynthiadavis@gmail.com
936	tracy90@gmail.com
937	fjohnson@leach.com
938	thomasheather@gmail.com
939	jonesjanet@gmail.com
940	robinsonmichelle@werner.net
941	isaiahfarley@barr.com
942	brendanclark@juarez.com
943	lewisrenee@hotmail.com
944	kathleenmclean@gmail.com
945	rmartinez@gmail.com
946	nchandler@brown-gilbert.com
947	myersjustin@jordan.net
948	rileyjoshua@washington-lang.com
949	april47@smith.net
950	xritter@yahoo.com
951	lmorton@andrade.com
952	farmerdaniel@yahoo.com
953	woodsryan@hotmail.com
954	ellen70@hotmail.com
955	rodgersjanet@thompson.net
956	debraanderson@dennis.info
957	serranomatthew@villa.org
958	maria51@mccarthy.org
959	william47@williams-garcia.org
960	jvega@yahoo.com
961	psanchez@salinas.com
962	michael07@gmail.com
963	tammy77@black-simpson.net
964	cody77@gmail.com
965	carmengonzalez@randolph.com
966	rsanchez@morrow.biz
967	randydavis@gmail.com
968	abigail61@hotmail.com
969	elizabeth57@gmail.com
970	owenscolleen@gmail.com
971	walkerjames@hotmail.com
972	ywang@gmail.com
973	soconnor@yahoo.com
974	connor79@gmail.com
975	ramosleslie@macdonald-evans.com
976	justin25@roberts-johnson.com
977	erica93@hotmail.com
978	christopher67@gmail.com
979	cristinacampbell@fleming-blanchard.com
980	sandradunlap@klein.info
981	christine28@miller.net
982	lisamartin@hotmail.com
983	deborah29@yahoo.com
984	brittany10@yahoo.com
985	kpreston@mcbride.org
986	david20@klein.com
987	frankmichael@gmail.com
988	andrewevans@valdez.biz
989	susanwebb@mills.com
990	morganevan@evans-perez.org
991	kristina36@hotmail.com
992	priceandrew@ward.net
993	jenna94@hotmail.com
994	dustinhardin@hotmail.com
995	mahoneyelizabeth@hotmail.com
996	annareed@mccullough.com
997	williamskathleen@lewis.net
998	latkins@yahoo.com
999	brownjohn@carpenter-wiggins.org
