0	Emerald
1	Conley
2	Jazmyne
3	Charlize
4	Terry
5	Kayley
6	Colie
7	Auston
8	Tandy
9	Tawanna
10	Keely
11	Mellisa
12	Carlyn
13	Zelda
14	Davonta
15	Clarinda
16	Vollie
17	Thurston
18	Myron
19	Johannah
20	Thos
21	Dianna
22	Corrina
23	Lamonte
24	Manford
25	Vern
26	Kennedi
27	Odin
28	Ruthe
29	Tyrek
30	Taina
31	Kandace
32	Sam
33	Gil
34	Loyce
35	Tatum
36	Cori
37	Kenna
38	Rolando
39	Marcelino
40	Davian
41	Falon
42	Mahlon
43	Cason
44	Konnor
45	Caroline
46	Randal
47	Verona
48	Rowan
49	Jax
50	Christop
51	Belva
52	Angelica
53	Dawson
54	Lelia
55	Evan
56	Pearlene
57	Gretta
58	Aryan
59	Onie
60	Kaeden
61	Kellan
62	Javen
63	Christina
64	Marshall
65	Arden
66	Jamie
67	Kole
68	Odis
69	Darien
70	Brittany
71	Marnie
72	Ala
73	Antwain
74	Richie
75	Harriett
76	Ottilia
77	Clemon
78	Chase
79	Brigid
80	Linton
81	Dalton
82	Benito
83	Reginal
84	Valeria
85	Minna
86	Emeline
87	Amani
88	Junius
89	Kaycee
90	Blas
91	Cammie
92	Vidal
93	Robley
94	Cena
95	Elwanda
96	Kennard
97	Carmella
98	Dania
99	Rosalia
100	Yamilet
101	Enid
102	Alexandre
103	Trinity
104	Azaria
105	Sharyn
106	Tyrin
107	Houston
108	Amin
109	Bernetta
110	Vere
111	Jasmin
112	Denzel
113	Marland
114	Darian
115	Mina
116	Neal
117	Margret
118	Velda
119	Erastus
120	York
121	Case
122	Raina
123	Lum
124	Ara
125	Woodrow
126	Allena
127	Bayard
128	Carlotta
129	Emile
130	Alfred
131	Alice
132	Shandra
133	Susan
134	Cris
135	Vallie
136	Fiona
137	Michelina
138	Barnett
139	Alphonso
140	Lorri
141	Rhoda
142	Osborne
143	Firman
144	Sloane
145	Christen
146	Maritza
147	Zack
148	Mireya
149	Asher
150	Rosendo
151	Savana
152	Graydon
153	Lella
154	Jetta
155	Adelard
156	Duncan
157	Shonna
158	Fitzgerald
159	Nita
160	Lemmie
161	Sheron
162	Lilyanna
163	Lenord
164	Amir
165	Florance
166	Josh
167	Shay
168	Clarice
169	Parlee
170	Jaheem
171	Gertie
172	Harry
173	Mettie
174	Todd
175	Josefita
176	Ivor
177	Norberto
178	Mckenna
179	Luvinia
180	Alejandra
181	Esther
182	Shannen
183	Elgie
184	Enrique
185	Dinah
186	Capitola
187	Lesa
188	Pluma
189	Edw
190	Felipa
191	Yehuda
192	Petra
193	Maurice
194	Tiara
195	Pearlie
196	Brianne
197	Djuana
198	Desiree
199	Rosina
200	Hosteen
201	Brielle
202	Belen
203	Rahsaan
204	Vincenza
205	Brisa
206	Ozell
207	Renata
208	Trisha
209	Crista
210	Derek
211	Keshawn
212	Loran
213	Kiarra
214	Donell
215	Mathilda
216	Elvis
217	Chelsea
218	Fay
219	Jettie
220	Carleigh
221	Macel
222	Delmer
223	Araminta
224	Izetta
225	Gregoria
226	Kaleigh
227	Corliss
228	Kailey
229	Lilianna
230	Kaylen
231	Yajaira
232	Americo
233	Kenley
234	Zebulon
235	Rowland
236	Normand
237	Bird
238	Eleanore
239	Ashlynn
240	Virgle
241	Obed
242	Melany
243	Natalia
244	Florine
245	Hayden
246	Santana
247	Darrien
248	Piper
249	Betsey
250	Ferne
251	Markita
252	Gerald
253	Hoyt
254	Karrie
255	Ryley
256	Tamisha
257	Kerwin
258	Delora
259	Zela
260	Rossie
261	Nanette
262	Danica
263	Irving
264	Briley
265	Hilah
266	Marge
267	Adelbert
268	Alethea
269	Kenzie
270	Lenore
271	Sullivan
272	Vicie
273	Yadiel
274	Israel
275	Jaden
276	Tyreek
277	Sandi
278	Maddison
279	Reno
280	Joye
281	Anderson
282	Esperanza
283	Drake
284	Chasity
285	Wilhelmina
286	Kerrie
287	Roscoe
288	Merilyn
289	Alani
290	Hermine
291	Henrietta
292	Phylis
293	Davina
294	Beatrice
295	Violet
296	Kyan
297	Lolla
298	Violetta
299	Kasen
300	Whit
301	Terrance
302	Eloise
303	Lakeisha
304	Mateo
305	Arlin
306	Nautica
307	Earlene
308	Bob
309	Kaleb
310	Jaxon
311	Aurelia
312	Lashunda
313	Clay
314	Eric
315	Madalyn
316	Claudie
317	Carson
318	Michale
319	Myles
320	Waneta
321	Kiley
322	Brannon
323	Devontae
324	Amari
325	Beau
326	Mallory
327	Jaret
328	Randolf
329	Gladyce
330	Jeremy
331	Marc
332	Jiles
333	Genaro
334	Fronnie
335	Jeanetta
336	Lara
337	Verlene
338	Almeta
339	Cali
340	Janie
341	Kaylah
342	Ferd
343	Ashlyn
344	Lupe
345	Ashtyn
346	Siobhan
347	Janelle
348	Benton
349	Casimir
350	Lindbergh
351	Nayely
352	Dejah
353	Azul
354	Valentino
355	Ailene
356	Gregg
357	Errol
358	Marvel
359	Amare
360	Fannye
361	Blaine
362	Becky
363	Zain
364	Cal
365	Ximena
366	Romie
367	Jelani
368	Shavonne
369	Darla
370	Branden
371	Darlene
372	Cielo
373	Corene
374	Burnell
375	Manuelita
376	Noreen
377	Tangela
378	Mertie
379	Linna
380	Cressie
381	Braulio
382	Seaborn
383	Francis
384	Malik
385	Simeon
386	Dyan
387	Vince
388	Dorene
389	Nikia
390	Santos
391	Elby
392	Cam
393	Tracey
394	Alanzo
395	Ingram
396	Loree
397	Jaydin
398	Precious
399	Hoover
400	Ivory
401	Brenna
402	Porsha
403	Shavon
404	Adolphus
405	Matthew
406	Rubi
407	Schley
408	Jamey
409	Berry
410	Omie
411	Jeanie
412	Lester
413	Budd
414	Neppie
415	Damien
416	Fenton
417	Layla
418	Adda
419	Corda
420	Aline
421	Dave
422	Conrad
423	Jerrad
424	Nallely
425	Boyd
426	Janiah
427	Marian
428	Barry
429	Kolten
430	Ardeth
431	Haskell
432	Shawnda
433	Racheal
434	Madyson
435	Glen
436	Anton
437	Keenan
438	Isabela
439	Amy
440	Kingston
441	Abril
442	Mat
443	Jolie
444	Karin
445	Nolan
446	Alvis
447	Matthias
448	Jack
449	Laurel
450	Garnet
451	Phillis
452	Alden
453	Cassie
454	Lucina
455	Jaylene
456	Vara
457	Windell
458	Andrae
459	Davy
460	Lynn
461	Hillard
462	Eber
463	Shelbi
464	Chiquita
465	Suzette
466	Lovey
467	Breanna
468	Ally
469	Arlis
470	Paris
471	Braedon
472	Derald
473	Lenora
474	Arno
475	Jessie
476	Almina
477	Royce
478	Macey
479	Aliza
480	Geovanni
481	Major
482	Kinsley
483	Grayce
484	Brittney
485	Montgomery
486	Shirlene
487	Exa
488	Asha
489	Darrin
490	Wells
491	Albin
492	Kazuo
493	Rayshawn
494	Bronson
495	Afton
496	Lucindy
497	Melbourne
498	Regis
499	Calista
500	Merrill
501	Nichol
502	Tamiko
503	Sarah
504	Clem
505	Hulda
506	Amara
507	Tiarra
508	Clement
509	Kit
510	Rodrick
511	Alexander
512	Dirk
513	Charolette
514	Kamilah
515	Kimberely
516	Kazuko
517	Patrick
518	Levina
519	Brandy
520	Gabriella
521	Georgeanna
522	Granville
523	Hartley
524	Whitney
525	Bennie
526	Magdalen
527	Shirleyann
528	Thurman
529	Joelle
530	Leesa
531	Humberto
532	Brock
533	Isadore
534	Littleton
535	Angele
536	Cleone
537	Rheta
538	Melinda
539	Edyth
540	Stephon
541	Eleonore
542	Rosaline
543	Domenick
544	Cato
545	Ursula
546	Jocelyn
547	Madilynn
548	Alia
549	Shamika
550	Marlon
551	Burl
552	Harriet
553	Lonie
554	Chanel
555	Ervin
556	Hosie
557	Winfield
558	Romeo
559	Ayesha
560	Lizette
561	Merlyn
562	Bristol
563	Dameon
564	Blanca
565	Marvin
566	Nathen
567	Brandie
568	Nancy
569	Dyllan
570	Burney
571	Malvin
572	Kevon
573	Edris
574	Dolores
575	Dorine
576	Mellie
577	Rodolfo
578	Josephine
579	Rashad
580	Raekwon
581	Telly
582	Elenora
583	Reinaldo
584	Reid
585	Pierce
586	Consuelo
587	Luann
588	Jaycob
589	Isaak
590	Jalissa
591	Hjalmer
592	Philomena
593	Christy
594	Hedy
595	Winifred
596	Celina
597	Leslee
598	Kloe
599	Egbert
600	Hanna
601	Cleave
602	Halle
603	Danna
604	Lorine
605	Chalmers
606	Arlyn
607	Tempie
608	Barron
609	Reason
610	Holmes
611	Birtie
612	Talon
613	Danielle
614	Mervyn
615	Aloma
616	Belle
617	Ras
618	Mauro
619	Sigmund
620	Steward
621	Kristin
622	Alphonse
623	Gisele
624	Jared
625	Nelda
626	Cindy
627	Charlee
628	Kortney
629	Therman
630	Loy
631	Isaiah
632	Ephraim
633	Tre
634	Shirleen
635	Ina
636	Thresa
637	Miles
638	Yahaira
639	Jace
640	Theophile
641	Judd
642	Smith
643	Abel
644	Ward
645	Michel
646	Sharita
647	Cordelia
648	Adan
649	Clell
650	Myrtice
651	Theodora
652	Nova
653	Alexa
654	Cora
655	Hershel
656	Charleen
657	Dwan
658	Jose
659	Freddie
660	Victorine
661	Shirlie
662	Iona
663	Madonna
664	Zona
665	Ewing
666	Roxanne
667	Olga
668	Odessa
669	Dayton
670	Burrel
671	Sterling
672	Saul
673	Gearld
674	Kaydence
675	Pheobe
676	Ellar
677	Yulisa
678	Davin
679	Daryl
680	Landon
681	Jade
682	Adel
683	Rylie
684	Darrell
685	Mandie
686	Raleigh
687	Kenney
688	Shelton
689	Ottilie
690	Warner
691	Corina
692	Helena
693	Garnett
694	Marianita
695	Eula
696	Kristofer
697	Manerva
698	Giana
699	Jessye
700	Ladonna
701	Neva
702	Lavonne
703	Yuridia
704	Tory
705	Anika
706	Link
707	Celestia
708	Estefani
709	Dillie
710	Ebenezer
711	Gerhard
712	Mariam
713	Attilio
714	Auguste
715	Keena
716	Jaliyah
717	Tracy
718	Clyda
719	Daniel
720	Lavelle
721	Iesha
722	Armand
723	Deegan
724	Herman
725	Atha
726	Edra
727	Sophia
728	Danyell
729	Bobbye
730	Rose
731	Johnnie
732	Laurance
733	Cliff
734	Ludie
735	Richelle
736	Algie
737	Chrystal
738	Jaquan
739	Bria
740	Cami
741	Mario
742	Clabe
743	Ninnie
744	Sonya
745	Thompson
746	Marquita
747	Admiral
748	Khiry
749	Jalyn
750	Dorsey
751	Kraig
752	Stanislaus
753	Beecher
754	Roderick
755	Maleah
756	Cristi
757	Rosaria
758	Golden
759	Trinidad
760	Pasquale
761	Gideon
762	Jordyn
763	Junious
764	Ab
765	Jaleel
766	Erle
767	Carolina
768	Maud
769	Lilyan
770	Duff
771	Kyara
772	Estefany
773	Eldora
774	Kurt
775	Juanita
776	Derrick
777	Mal
778	Corry
779	Camilo
780	Dallin
781	Shelba
782	Krysten
783	Dollye
784	Leonidas
785	Dijon
786	Jarrett
787	Erasmus
788	Kipp
789	Aurthur
790	Kegan
791	Cheryll
792	Hermann
793	Thyra
794	Anya
795	Kaila
796	Willy
797	Eben
798	Joana
799	Denese
800	Talmadge
801	Glover
802	Earl
803	Nohely
804	Chesley
805	Beatrix
806	Clara
807	Octavius
808	Jordon
809	Angus
810	Belia
811	Amina
812	Jed
813	Kelsea
814	Brogan
815	Gonzalo
816	Javonte
817	Adelynn
818	Darrian
819	Alois
820	Donta
821	Hildegard
822	Tariq
823	Idamae
824	Monroe
825	Britni
826	Tana
827	Dante
828	Dorathea
829	Addie
830	Estevan
831	Olinda
832	Tavian
833	Alvah
834	Channing
835	Selene
836	Eudora
837	Columbus
838	Taraji
839	Lula
840	Jules
841	Reinhold
842	Mirna
843	Kala
844	Benjiman
845	Moses
846	Delila
847	Zayne
848	Cordero
849	Gilberto
850	Almyra
851	Shellie
852	Sybil
853	Wylie
854	Heriberto
855	Tyrus
856	Eino
857	Minoru
858	Chimere
859	Germaine
860	Jayme
861	Lincoln
862	Corinne
863	Rosena
864	Tosha
865	Vonda
866	Sarrah
867	Bliss
868	Mareli
869	Rayna
870	Adaline
871	Mayo
872	Benedict
873	Harlan
874	Keagan
875	Marta
876	Erich
877	Samara
878	Roxana
879	Rupert
880	Sanjuanita
881	Bell
882	Leda
883	Barbra
884	Alf
885	Brynlee
886	Jenna
887	Shaina
888	Lindy
889	Huey
890	Gennaro
891	Marcello
892	Elmina
893	Meda
894	Rayan
895	Karel
896	Katherine
897	Ruffin
898	Dani
899	Estes
900	Gabriel
901	Tyreese
902	Knox
903	Wilbur
904	Kylah
905	Josiah
906	Julian
907	Emilee
908	Charles
909	Esco
910	Griffith
911	Enriqueta
912	Phyllis
913	Katlyn
914	Chadd
915	Odalys
916	Hank
917	Paisley
918	Tasia
919	Kenji
920	Laddie
921	Delina
922	Quint
923	Queen
924	Miesha
925	Thurlow
926	Katharina
927	Danelle
928	Alexina
929	Elian
930	Cherryl
931	Cappie
932	Renea
933	Zillah
934	Dwane
935	Elbert
936	Rodney
937	Gigi
938	Bradyn
939	Fed
940	Roselyn
941	Beulah
942	Adella
943	Einar
944	Tess
945	Dereck
946	Hampton
947	Ammon
948	Gavin
949	Mitchell
950	Xena
951	Elia
952	Raul
953	Tonja
954	Augustin
955	Anitra
956	Oris
957	Jimmie
958	Daisey
959	Judah
960	Raquel
961	Rochelle
962	Elmer
963	Angelina
964	Mafalda
965	Sherrie
966	Darlyne
967	Burke
968	Almer
969	Bertina
970	Reynolds
971	Aaliyah
972	Concha
973	Dusty
974	Neely
975	Griffin
976	Hortencia
977	Arlyne
978	Gracie
979	Willian
980	Cyrus
981	Nickolas
982	Farah
983	Murl
984	Raymundo
985	Tyreke
986	Pricilla
987	Danny
988	Demetrios
989	Edwardo
990	Caleb
991	Carley
992	Dangelo
993	Oline
994	Alex
995	Mara
996	Martha
997	Mellissa
998	Seward
999	Amirah
