0	Illya
1	Ed
2	Malinda
3	Wende
4	Michale
5	Craig
6	Deante
7	Sarai
8	Joshuah
9	Bonny
10	Kenton
11	Alberta
12	Charlottie
13	Markel
14	Clair
15	Firman
16	Hobert
17	Brittny
18	Harmony
19	Yoel
20	Ruel
21	Kyrie
22	Bennie
23	Chante
24	Gerardo
25	Author
26	Lucie
27	Thaddeus
28	Joetta
29	Tiney
30	Ireland
31	Raegan
32	Winston
33	Tressa
34	Josef
35	Primus
36	Katlin
37	Esteban
38	Mettie
39	Vernita
40	Josefita
41	Ottilie
42	Serena
43	Magnolia
44	Chanie
45	Myrta
46	Caldonia
47	Fed
48	Ardella
49	Miya
50	Charlie
51	Cheryl
52	Gary
53	Mimi
54	Cephus
55	Marianne
56	Jarrett
57	Jessi
58	Meda
59	Obed
60	Jessika
61	Mathias
62	Benito
63	Keshawn
64	Damon
65	Sheridan
66	Braedon
67	Mena
68	Mamie
69	Nadine
70	Macel
71	Ottie
72	Casie
73	Teddy
74	Vannie
75	Leisa
76	Ilah
77	Sharlene
78	Elle
79	Lavinia
80	Macey
81	Davonta
82	Ester
83	Atlas
84	Leroy
85	Deangelo
86	Treyvon
87	Hester
88	Shanna
89	Ashley
90	Alexande
91	Manly
92	Schuyler
93	Newt
94	Gertha
95	Doshia
96	Ambers
97	Larae
98	Nadia
99	Randall
100	Elzy
101	Karyme
102	Shanequa
103	Halle
104	Jessee
105	Douglass
106	Jolie
107	Sheldon
108	True
109	Adam
110	Makai
111	Halley
112	Lynette
113	Gretta
114	Elton
115	Jeanna
116	Terance
117	Gwyneth
118	Newell
119	Cailyn
120	Lavonia
121	Medora
122	Kadence
123	Jada
124	Bertrand
125	Pratt
126	Stephania
127	Arleth
128	Marc
129	Johnpaul
130	Britni
131	Louanna
132	Samir
133	Clemon
134	Linzy
135	Lester
136	Emil
137	Mahlon
138	Laurence
139	Patrick
140	Nautica
141	Alia
142	Prentice
143	Kanesha
144	Savanah
145	Euna
146	Francesco
147	Scott
148	Faye
149	Karol
150	Graydon
151	Trista
152	Kadyn
153	Tiffany
154	Ettie
155	Rahsaan
156	Ricardo
157	Jettie
158	Hobson
159	Magen
160	Jillian
161	Katharine
162	Hoover
163	Claudius
164	Narcissus
165	Emmalee
166	Martez
167	Joselin
168	Melvin
169	Mauricio
170	Lucinda
171	Clifton
172	Maggie
173	Steve
174	Athena
175	Treena
176	Bradyn
177	Zilpha
178	Bennett
179	Tabitha
180	Emory
181	Caesar
182	Cleve
183	Neoma
184	Dorthey
185	Vicy
186	Carry
187	Biddie
188	Olympia
189	Lawrance
190	Mandie
191	Toriano
192	Cristal
193	Gabriela
194	Jule
195	Lilburn
196	Leitha
197	Danna
198	Virgel
199	Violette
200	Barney
201	Mirna
202	Lavenia
203	Zariah
204	Lanny
205	Kaylyn
206	Meta
207	Arly
208	Rinda
209	Haywood
210	Almyra
211	Gracelyn
212	Alex
213	Marian
214	Roswell
215	Nakita
216	Robbie
217	Nelly
218	Tevin
219	Jaida
220	Kason
221	Clive
222	Algot
223	Justina
224	Elinore
225	Kacie
226	Lorean
227	Annetta
228	Kathyrn
229	Osborn
230	Harris
231	Arely
232	Dola
233	Butch
234	Keena
235	Eula
236	Farah
237	Priscila
238	Red
239	Audry
240	Buell
241	Lucetta
242	Nelle
243	Levie
244	Lavelle
245	Jazlyn
246	Charlotte
247	Leann
248	Brook
249	Todd
250	Isom
251	Benton
252	Hoke
253	Griffith
254	Lashunda
255	Loren
256	Charlene
257	Abdul
258	Joni
259	Stewart
260	Fuller
261	Elizebeth
262	Rozanne
263	Deforest
264	Mearl
265	William
266	Blane
267	Eulah
268	Jett
269	Jasen
270	Adams
271	Daniele
272	Babette
273	Taylor
274	Tom
275	Archer
276	Mark
277	Keyshawn
278	Jaren
279	Dolly
280	Thad
281	Carly
282	Wilma
283	Buford
284	Lizeth
285	Darby
286	Verlene
287	Delphia
288	Retha
289	George
290	Odette
291	Jordon
292	Alethea
293	Gray
294	Janessa
295	Rayfield
296	Webster
297	Conway
298	Joselyn
299	Kierra
300	Zaida
301	Tisa
302	Lacy
303	Doyle
304	Cyrus
305	Kipp
306	Romie
307	Arnold
308	Stanley
309	Arsenio
310	Madilynn
311	Georgianna
312	Beckie
313	Nelie
314	Robt
315	Noelia
316	Graves
317	Deane
318	Ott
319	Celena
320	Louisa
321	Royce
322	Dennis
323	Kadeem
324	Merri
325	Chanda
326	Jair
327	Danita
328	Gaige
329	Carter
330	Johana
331	Amira
332	Odie
333	Kathrine
334	Elfrieda
335	Raul
336	Devyn
337	Leia
338	Liam
339	Dow
340	Chin
341	Terrance
342	Galilea
343	Brittany
344	Kelby
345	Normand
346	Aliyah
347	Tamisha
348	Kip
349	Deric
350	Alexander
351	Vonetta
352	Tomasa
353	Carissa
354	Keenan
355	Tracey
356	Zack
357	Loyal
358	Ananias
359	Kacey
360	Elfreda
361	Kem
362	Zebulon
363	Dylon
364	Christophe
365	Jethro
366	Mima
367	Lucretia
368	Marylouise
369	Efrem
370	Karla
371	Grecia
372	Rutha
373	Aloma
374	Vaughn
375	Add
376	Helma
377	Florentino
378	Theadore
379	Jeannette
380	Larissa
381	Miley
382	Iesha
383	Denzell
384	Valery
385	Leonora
386	Tess
387	Jeramiah
388	Williard
389	Laverne
390	Dellie
391	Daniela
392	Christy
393	Erie
394	Demian
395	Shepherd
396	Mildred
397	Daulton
398	Lahoma
399	Najee
400	Rafaela
401	Lyda
402	Bunk
403	Chestina
404	Jamin
405	Carla
406	Cheryle
407	Soledad
408	Symone
409	Torey
410	Virgle
411	Rafe
412	Octavius
413	Gideon
414	Dequan
415	Madalyn
416	Kenzie
417	Job
418	Enoch
419	Rube
420	Dossie
421	Jeanmarie
422	Tarah
423	Fidencio
424	Dora
425	Zena
426	Kiefer
427	Shanda
428	Zaire
429	Genaro
430	Leilani
431	Ladarius
432	Sheri
433	Tomeka
434	Mickey
435	Littie
436	Fumiko
437	Corbin
438	Dorathy
439	Marquez
440	Benjaman
441	Marlen
442	Emile
443	Marylin
444	Clabe
445	Doug
446	Perley
447	Lettie
448	Reyes
449	Lavera
450	Eldon
451	Nereida
452	Zillah
453	Dema
454	August
455	Jimmie
456	Sebrina
457	Sterling
458	Nicky
459	Daija
460	Brinley
461	Tomie
462	Margarito
463	Yasmine
464	Valeria
465	Lonnie
466	Magdalene
467	Dee
468	Albion
469	Romaine
470	Estrella
471	Neveah
472	Marsha
473	Tamya
474	Rene
475	Tito
476	Dosha
477	Lawerence
478	Hughey
479	Liane
480	Darlyne
481	Sonya
482	Khiry
483	Hosea
484	Kelsey
485	Ivor
486	Maddison
487	Alvena
488	Imelda
489	Jayce
490	Gunner
491	Jeffery
492	Sam
493	Molly
494	Albertine
495	Otis
496	Clearence
497	Codey
498	Reta
499	Rubi
500	Cami
501	Giancarlo
502	Darwyn
503	Rob
504	Tennie
505	Mardell
506	Samuel
507	Kellen
508	Karel
509	Marsh
510	Roxana
511	Priscilla
512	Laquita
513	Dayton
514	Graciela
515	Lucius
516	Niko
517	Janis
518	Sharday
519	Jayden
520	Hayes
521	Caden
522	Pasquale
523	Lisbeth
524	Ples
525	Kameron
526	Moody
527	Channing
528	Amos
529	Vidal
530	Welton
531	Adaline
532	Cherry
533	Madison
534	Atticus
535	Brynn
536	Latonia
537	Nat
538	Ancil
539	Nikole
540	Nyree
541	Dominga
542	Valarie
543	Iverson
544	Callum
545	Gustavus
546	Gilberto
547	Kaia
548	Kelan
549	Arletta
550	Martika
551	Jennings
552	Shyanne
553	Sharen
554	Celestine
555	Alfred
556	Ali
557	Verena
558	Jerrad
559	Gee
560	Alene
561	Margrett
562	Alma
563	Eola
564	Joanne
565	Justyn
566	Lish
567	Makaila
568	Ken
569	Thos
570	Hazel
571	Barrie
572	Eugenia
573	Flo
574	Benard
575	Sage
576	Claudie
577	Eusebio
578	Janette
579	Donia
580	Finnegan
581	Lovisa
582	Lenny
583	Denzil
584	Madelene
585	Arlie
586	Irine
587	Felipe
588	Maribeth
589	Vergil
590	Nita
591	Donita
592	Lewis
593	Leda
594	Vernon
595	Netta
596	Attilio
597	Beckham
598	Tamala
599	Rolf
600	Gidget
601	Earley
602	Herma
603	Harrie
604	Sharla
605	Brett
606	Wanita
607	Lucy
608	Admiral
609	Shirleen
610	Yamilex
611	Gillian
612	Maybell
613	America
614	Luster
615	Mignon
616	Jennifer
617	Georgetta
618	Estel
619	Dyllan
620	Daja
621	Lillie
622	Ephriam
623	Loni
624	Britt
625	Storm
626	Cleone
627	Blair
628	Crockett
629	Penny
630	Jep
631	Loyd
632	Adalynn
633	Arlington
634	Romona
635	Frazier
636	Kieth
637	Delois
638	Jaxen
639	Ivory
640	Pearly
641	Ednah
642	Shon
643	Garold
644	Amir
645	Ebert
646	Louetta
647	Virdie
648	Bradley
649	Pierce
650	Darion
651	Adrain
652	Nanci
653	Adelina
654	Tabetha
655	Bo
656	Braxton
657	Mae
658	Kaelynn
659	Ludwig
660	Ebbie
661	Brad
662	Darryl
663	Malcolm
664	Myranda
665	Aiyana
666	Sebastian
667	Monte
668	Janice
669	Ruth
670	Florie
671	Meryl
672	Stephaine
673	Scarlett
674	Orpha
675	Anika
676	Hershell
677	Flonnie
678	Jaidyn
679	Corine
680	Lucien
681	Mazie
682	Chuck
683	Delores
684	Marilla
685	Randolph
686	Fredy
687	Jolene
688	Hoyt
689	Milissa
690	Zelma
691	Loretta
692	Andrew
693	Timmothy
694	Djuana
695	Namon
696	Khalil
697	Cinda
698	Mellisa
699	Kiya
700	Neal
701	Melva
702	Media
703	Estie
704	Besse
705	German
706	Margy
707	Elida
708	Finis
709	Adela
710	Erline
711	Jalissa
712	Jeana
713	Carolee
714	Maudie
715	Osborne
716	Gladyce
717	Angus
718	Curley
719	Cielo
720	Lenna
721	Sabina
722	Melvyn
723	Precious
724	Christie
725	Godfrey
726	Alabama
727	Sibyl
728	Margene
729	Amiyah
730	Cordaro
731	Exa
732	Tamika
733	Polly
734	Tanika
735	Justin
736	Adria
737	Judy
738	Orma
739	Nathanael
740	Ahmad
741	Juelz
742	Melvina
743	Alonso
744	Norbert
745	Cindy
746	Wally
747	Vito
748	Pollie
749	Brannon
750	Allyson
751	Danniel
752	Permelia
753	Jorge
754	Elsworth
755	Vella
756	Johnathan
757	Aileen
758	Bolden
759	Shay
760	Elisabeth
761	Brian
762	Osvaldo
763	Jacalyn
764	Caprice
765	Serina
766	Bettyjane
767	Dot
768	Carlo
769	Alisha
770	Lutie
771	Junia
772	Mylee
773	Sanjuanita
774	Jairo
775	Taj
776	Brenna
777	Giovanna
778	Fairy
779	Alannah
780	Butler
781	Christion
782	Alvin
783	Pamella
784	Alexia
785	Dwight
786	Pearle
787	Shreya
788	Pearline
789	Einar
790	Carmen
791	Izetta
792	Emerald
793	Arlen
794	Sherman
795	Evonne
796	Layton
797	Rogelio
798	Abril
799	Clovis
800	Nile
801	Eris
802	Jamila
803	Kristina
804	Shawnee
805	Tierra
806	Donald
807	Cinnamon
808	Keeley
809	Vanessa
810	Mace
811	Colette
812	Candice
813	Ethan
814	Boss
815	Mikaila
816	Idell
817	Shane
818	Nayely
819	Millard
820	Tammy
821	Squire
822	Del
823	Sheryl
824	Odis
825	Chantel
826	Alijah
827	Wellington
828	Domenic
829	Kate
830	Bush
831	Cherrelle
832	Mervyn
833	Manning
834	Darold
835	Colbert
836	Bella
837	Yesenia
838	Minor
839	Madeleine
840	Fenton
841	Carisa
842	Hailey
843	Babyboy
844	Greene
845	Nylah
846	Aydin
847	Nolan
848	Yuridia
849	Christena
850	Delmer
851	Seymour
852	Anaya
853	Dolphus
854	Mame
855	Juliet
856	Russell
857	Michelina
858	Claiborne
859	Adelard
860	Cassius
861	Vernell
862	Noe
863	Sydney
864	Krystle
865	Felix
866	Kristal
867	Davian
868	Irl
869	Mal
870	Candy
871	Amberly
872	Katelin
873	Grayson
874	Emmons
875	Ronna
876	Dawn
877	Durell
878	Trish
879	Yolanda
880	Alease
881	Philomena
882	Felisha
883	Dontae
884	Kwame
885	Kimberly
886	Gabe
887	Khalilah
888	Germaine
889	Chace
890	Anson
891	Gerald
892	Francisquita
893	Jeremie
894	Jermaine
895	Alida
896	Lilyan
897	Elsie
898	Tatia
899	Janene
900	Maybelle
901	Brandyn
902	Alexis
903	Ham
904	Dyan
905	Breana
906	Willow
907	Roddy
908	Dixon
909	Wing
910	Lorne
911	Arvil
912	Dwaine
913	Bebe
914	Shelvie
915	Miranda
916	Reece
917	Mauro
918	Bernhard
919	Zoa
920	Stoney
921	Johnnie
922	Hennie
923	Nevin
924	Leisha
925	Sadie
926	Manervia
927	Leonce
928	Wilkie
929	Cruz
930	Zella
931	Wash
932	Elex
933	Keli
934	Heber
935	Theodis
936	Amiah
937	Krish
938	Tatianna
939	Loreen
940	Arielle
941	Darrion
942	Orelia
943	Lindy
944	Jaydan
945	Elayne
946	Lisle
947	Sylvan
948	Jarett
949	Zula
950	Sarrah
951	Chester
952	Frankie
953	Kolby
954	Fayette
955	Rhona
956	Cynthia
957	Adina
958	Velva
959	Alferd
960	Nila
961	Mozella
962	Yoshio
963	Jeramy
964	Jamir
965	Nikita
966	Vick
967	Jeri
968	Eleonore
969	Coletta
970	Joel
971	Trilby
972	Dann
973	Janiah
974	Payten
975	Griffin
976	Dangelo
977	Alena
978	Casimer
979	Micheal
980	Arie
981	Karis
982	Katerina
983	Barbie
984	Achsah
985	Dorothea
986	Jere
987	Tomas
988	Kyson
989	Kennedy
990	Austyn
991	Theron
992	Cathrine
993	Edwin
994	Darla
995	Nellie
996	Earle
997	Weldon
998	Lawrence
999	Beryl
1000	Eller
1001	Janet
1002	Woodie
1003	Tina
1004	Kristy
1005	Minoru
1006	Menachem
1007	Messiah
1008	Nathaly
1009	Jovita
1010	Amy
1011	Elwood
1012	Marlee
1013	Colon
1014	Dario
1015	Pinkie
1016	Chynna
1017	Marisol
1018	Lannie
1019	Henrietta
1020	Adolphus
1021	Deloris
1022	Keri
1023	Chad
1024	Auguste
1025	Kaye
1026	Daneen
1027	Abbigail
1028	Cecilia
1029	Elwyn
1030	Hattie
1031	Bascom
1032	Eulalia
1033	Franklin
1034	Sudie
1035	Alverta
1036	Randel
1037	Raleigh
1038	Carlota
1039	Destini
1040	Eliana
1041	Ora
1042	Levy
1043	Marissa
1044	Darell
1045	Gust
1046	Myles
1047	Shandra
1048	Matthias
1049	Wade
1050	Melodie
1051	Benny
1052	Glendon
1053	Marlie
1054	Stanislaus
1055	Hjalmar
1056	Kaiden
1057	Mitzi
1058	Tavaris
1059	Lola
1060	Dallas
1061	Williams
1062	Haruko
1063	Elenor
1064	Freida
1065	Orvis
1066	Wilbert
1067	Kendell
1068	Melanie
1069	Felecia
1070	Lissa
1071	Laci
1072	Alberto
1073	Raekwon
1074	Von
1075	Denzel
1076	Angeles
1077	Keandre
1078	Tamra
1079	Arron
1080	Cortez
1081	Merry
1082	Erland
1083	Dorla
1084	Aretha
1085	Addisyn
1086	Darcie
1087	Juston
1088	Jayvon
1089	Cliffie
1090	Cecile
1091	Bose
1092	Bethel
1093	Vessie
1094	Marilynn
1095	Junious
1096	Ilo
1097	Kerwin
1098	Elba
1099	Douglas
1100	Allyn
1101	Mable
1102	Portia
1103	Arvel
1104	Renae
1105	Floy
1106	Lily
1107	Zoie
1108	Nasir
1109	Myrle
1110	Gracia
1111	Maxwell
1112	Kobe
1113	Makala
1114	Cicero
1115	Harlie
1116	Brogan
1117	Clem
1118	Melissia
1119	Sherron
1120	Clemie
1121	Tammi
1122	Franz
1123	Jaiden
1124	Dovie
1125	Arleen
1126	Bernadine
1127	Pranav
1128	Dejuan
1129	Florrie
1130	Arland
1131	Blake
1132	Irwin
1133	Kitty
1134	Clark
1135	Inell
1136	Valinda
1137	Talen
1138	Otto
1139	Zenobia
1140	Sybil
1141	Cornelia
1142	Merlene
1143	Ike
1144	Wyatt
1145	Venessa
1146	Carin
1147	Lyn
1148	Anner
1149	Cinthia
1150	Destin
1151	Rigoberto
1152	Samiyah
1153	Nestor
1154	Nim
1155	Violet
1156	Seward
1157	Eligah
1158	Michell
1159	Larry
1160	Morton
1161	Taina
1162	Ruffin
1163	Cicely
1164	Lora
1165	Nolie
1166	Marinda
1167	Toshiko
1168	Kennith
1169	Bishop
1170	Clarance
1171	Mindy
1172	Tianna
1173	Omar
1174	Jaycob
1175	Rosetta
1176	Elder
1177	Janine
1178	Eppie
1179	Maliah
1180	Heather
1181	Evaline
1182	Everett
1183	Sister
1184	Jabbar
1185	Caren
1186	Fleta
1187	Sergio
1188	Carina
1189	Ryder
1190	Etna
1191	Jaliyah
1192	Clarnce
1193	Dickie
1194	Edgardo
1195	Jaron
1196	Tod
1197	Epifanio
1198	Jetta
1199	Ford
1200	Lazaro
1201	Angelo
1202	Ryley
1203	Alexina
1204	Angella
1205	Rocco
1206	Ballard
1207	Fredericka
1208	Carol
1209	Stormy
1210	Lacie
1211	Leonore
1212	Helyn
1213	Florene
1214	Venus
1215	Brionna
1216	Lorelei
1217	Cecily
1218	Lynwood
1219	Ethyle
1220	Alaya
1221	Michial
1222	Zackary
1223	Sharita
1224	Antony
1225	Jonathon
1226	Maiya
1227	Lenard
1228	Latrell
1229	Baker
1230	Bea
1231	Jerad
1232	Gavin
1233	Jase
1234	Aniya
1235	Mallory
1236	Spencer
1237	Maryam
1238	Jayda
1239	Anabel
1240	Arther
1241	Margeret
1242	Irvine
1243	Cathi
1244	Alycia
1245	Sheila
1246	Cael
1247	Michaela
1248	Sharee
1249	Deirdre
1250	Metha
1251	Maura
1252	Delbert
1253	Darius
1254	Polk
1255	Arta
1256	Garey
1257	Kandy
1258	Madlyn
1259	Harlen
1260	Marley
1261	Dayle
1262	Katharina
1263	Gladis
1264	Vicie
1265	Kelis
1266	Adriel
1267	Alejandra
1268	Henriette
1269	Leonardo
1270	Denver
1271	Bryana
1272	Hudson
1273	Sydnie
1274	Federico
1275	Francisco
1276	Twila
1277	Robbin
1278	Tella
1279	Laurance
1280	Roby
1281	Carlie
1282	Maralyn
1283	Sienna
1284	Zane
1285	Shardae
1286	Wong
1287	Bell
1288	Martha
1289	Claudine
1290	Trinity
1291	Hans
1292	Tanya
1293	Redden
1294	Posey
1295	Lowell
1296	Roland
1297	Ofelia
1298	Huey
1299	Ignatz
1300	Latosha
1301	Milburn
1302	Chalmer
1303	Steven
1304	Ebenezer
1305	Taja
1306	Jeptha
1307	Icy
1308	Henretta
1309	Adeline
1310	Lauren
1311	Edythe
1312	Claudia
1313	Thurman
1314	Alize
1315	Lilie
1316	Blanche
1317	Annika
1318	Mikhail
1319	Brittani
1320	Harden
1321	Juluis
1322	Brittaney
1323	Linette
1324	Marcelo
1325	Nikolas
1326	Belia
1327	Dejah
1328	Bertram
1329	Nathaniel
1330	Arlan
1331	Estell
1332	Winford
1333	Elizah
1334	Kayson
1335	Odalis
1336	Jacquelin
1337	Leatrice
1338	Maritza
1339	Elbridge
1340	Bentley
1341	Hardie
1342	Rayburn
1343	Beckett
1344	Trenten
1345	Mathilda
1346	Emanuel
1347	Verle
1348	Wirt
1349	Bob
1350	Maymie
1351	Ishmael
1352	Monty
1353	Marquis
1354	Tillman
1355	Westley
1356	Yandel
1357	Analia
1358	Ieshia
1359	Saige
1360	Cleola
1361	Evans
1362	Elie
1363	Elizbeth
1364	Louvenia
1365	Kennard
1366	Phylis
1367	Lular
1368	Larkin
1369	Lakesha
1370	Dollie
1371	Patrice
1372	Violetta
1373	Lyndsey
1374	Giada
1375	Viridiana
1376	Sussie
1377	Liza
1378	Phillip
1379	Sharyl
1380	Reed
1381	Florance
1382	Solomon
1383	Isabel
1384	Royal
1385	Ophelia
1386	Shani
1387	Edwardo
1388	Aron
1389	Ian
1390	Sylvania
1391	Ezequiel
1392	Devin
1393	Evertt
1394	Rhoda
1395	Pedro
1396	Linwood
1397	Aja
1398	Herlinda
1399	Ibrahim
1400	Sanford
1401	Doretta
1402	Lynne
1403	Norberto
1404	Esley
1405	Deidra
1406	Reginal
1407	Freddie
1408	Oley
1409	Loyce
1410	Colin
1411	Emett
1412	Jacob
1413	Heaven
1414	Quint
1415	Alline
1416	Janiya
1417	Deandra
1418	Verdie
1419	Alessandro
1420	Darrien
1421	Wilfred
1422	Anthoney
1423	Susana
1424	Scotty
1425	Jodi
1426	Kirby
1427	Gunda
1428	Essence
1429	Jaden
1430	Carolyne
1431	Debora
1432	Valentin
1433	Irva
1434	Adelle
1435	Leeann
1436	Norma
1437	Cedric
1438	Erastus
1439	Aaliyah
1440	Kanisha
1441	Elgie
1442	Daniella
1443	Ellery
1444	Virgia
1445	Lelah
1446	Kirk
1447	Marchello
1448	Council
1449	Kelsea
1450	Harry
1451	Tavion
1452	Roger
1453	Kathryne
1454	Bert
1455	Perry
1456	Travis
1457	Brennan
1458	Val
1459	Minta
1460	Contina
1461	Deshawn
1462	Jailene
1463	Deeann
1464	Bud
1465	Dagmar
1466	Greggory
1467	Nicholas
1468	Yvonne
1469	Jiles
1470	Vesta
1471	Almeta
1472	Shellie
1473	Daisye
1474	Shamika
1475	Jaslene
1476	Chloe
1477	Adilene
1478	Brigid
1479	Agustus
1480	Ena
1481	Joseluis
1482	Shelva
1483	Cheryll
1484	Isamar
1485	Dominic
1486	Roman
1487	Junior
1488	Norton
1489	Cliff
1490	Jelani
1491	Frona
1492	Alphons
1493	Garrett
1494	Shara
1495	Estevan
1496	Angela
1497	Simmie
1498	Tatyanna
1499	Mckayla
1500	Lanie
1501	Governor
1502	Grafton
1503	Asberry
1504	Elenore
1505	Tiffani
1506	Tinie
1507	Edyth
1508	Sharron
1509	Erlinda
1510	Alla
1511	Luciano
1512	Donell
1513	Selah
1514	Marlys
1515	Orvil
1516	Evert
1517	Lucille
1518	Anatole
1519	Pennie
1520	Keanna
1521	Sanaa
1522	Altie
1523	Stefani
1524	Jenni
1525	Ernestina
1526	Amit
1527	Natalie
1528	Valerie
1529	Jenniffer
1530	Ember
1531	Eura
1532	Milda
1533	Salma
1534	Branch
1535	Trae
1536	Cannon
1537	Algernon
1538	Elmer
1539	Sid
1540	Artelia
1541	Wood
1542	Macie
1543	Kenya
1544	Tamatha
1545	Nakisha
1546	Shaniya
1547	Collis
1548	Destry
1549	Daniel
1550	Katharyn
1551	Texas
1552	Alvy
1553	Zaniyah
1554	Krystal
1555	Evie
1556	Waneta
1557	Garvin
1558	Jarod
1559	Jordan
1560	Jalen
1561	Dwan
1562	Aloys
1563	Zander
1564	Deb
1565	Mell
1566	Tiny
1567	Ayana
1568	Dell
1569	Casey
1570	Alphonso
1571	Deana
1572	Dwyane
1573	Yessenia
1574	Charla
1575	Rush
1576	Don
1577	Jessenia
1578	Dayse
1579	Rachael
1580	Vashti
1581	Ursula
1582	Leonard
1583	Gordon
1584	Darrin
1585	Dixie
1586	Madie
1587	Berry
1588	Jeff
1589	Zachery
1590	Shena
1591	Erma
1592	Mareli
1593	Delwin
1594	Lorenz
1595	Obe
1596	Rasheed
1597	Jovanny
1598	Marie
1599	Towanda
1600	Morgan
1601	Bethany
1602	Kelli
1603	Ashly
1604	Lilyanna
1605	Ozella
1606	Kizzie
1607	Dawna
1608	Sara
1609	Niki
1610	Kaden
1611	Araminta
1612	Kylah
1613	Reid
1614	Tilden
1615	Benson
1616	Zetta
1617	Linnie
1618	Edmon
1619	Bedford
1620	Garret
1621	Citlali
1622	Arkie
1623	Olene
1624	Nathalia
1625	Killian
1626	Emelie
1627	Hillard
1628	Ras
1629	Jazmine
1630	Stephanie
1631	Demetri
1632	Merton
1633	Nobie
1634	Waldo
1635	Merritt
1636	Baxter
1637	Almon
1638	Shanta
1639	Gauge
1640	Catharine
1641	Trevor
1642	Brianna
1643	Lloyd
1644	Yael
1645	Marnie
1646	Shiela
1647	Shameka
1648	Ciera
1649	Mercy
1650	Beverley
1651	Sky
1652	Sheryll
1653	Nichol
1654	Gladstone
1655	Lupe
1656	Cayden
1657	Lexi
1658	Josette
1659	Bird
1660	Moriah
1661	Tyquan
1662	Virgil
1663	Carie
1664	Sharleen
1665	Patric
1666	Ross
1667	Alvis
1668	Karren
1669	Columbus
1670	Irene
1671	Blaine
1672	Christi
1673	Kaydence
1674	Jaeda
1675	Syble
1676	Dale
1677	Hassie
1678	Neil
1679	Manila
1680	Kinley
1681	Grace
1682	Ismael
1683	Bernadette
1684	Nyla
1685	Jasmyn
1686	Hartley
1687	Leandra
1688	Stefan
1689	Kaeden
1690	Elmyra
1691	Vinson
1692	Nicolette
1693	Sheron
1694	Winona
1695	Aidan
1696	Marlene
1697	Daisie
1698	Lemma
1699	Campbell
1700	Mitch
1701	Gisele
1702	Napoleon
1703	Dominique
1704	Adelyn
1705	Samatha
1706	Roxann
1707	Denton
1708	Tosha
1709	Reynolds
1710	Avis
1711	Colter
1712	Kay
1713	Tyshawn
1714	Demi
1715	Abagail
1716	Tyler
1717	Elsa
1718	Lex
1719	Lavina
1720	Anastacia
1721	Verlie
1722	Saniya
1723	Rudolph
1724	Kamryn
1725	Kymani
1726	Loris
1727	Mckenzie
1728	Shianne
1729	Luc
1730	Ota
1731	Joretta
1732	Jimena
1733	Quentin
1734	Rhett
1735	Rozella
1736	Rosendo
1737	Yuliana
1738	Celine
1739	Creola
1740	Reginald
1741	Lyric
1742	Verlyn
1743	Veva
1744	Channie
1745	Lenon
1746	Metro
1747	Parrish
1748	Burnie
1749	Kindra
1750	Eda
1751	Isaiah
1752	Kash
1753	Willia
1754	Tegan
1755	Silvester
1756	Cornelious
1757	Cherri
1758	Kelcie
1759	Lyle
1760	Lavon
1761	Jaime
1762	Ada
1763	Whit
1764	Eston
1765	Colten
1766	Kolton
1767	Leanna
1768	Shannon
1769	Efrain
1770	Gay
1771	Perla
1772	Charlsie
1773	Oda
1774	Arbie
1775	Paralee
1776	Jessye
1777	Chelsea
1778	Enola
1779	Tiera
1780	Ferman
1781	Davonte
1782	Cecelia
1783	Cordero
1784	Lyman
1785	Keyla
1786	Dorotha
1787	Geo
1788	Joseph
1789	Trevin
1790	Cooper
1791	Geri
1792	Rolando
1793	Boston
1794	Pleasant
1795	Chas
1796	Geneva
1797	Kassidy
1798	Kristin
1799	Jerod
1800	Oren
1801	Veda
1802	Veta
1803	Nia
1804	Ammie
1805	Aliana
1806	Ilene
1807	Marolyn
1808	Nelson
1809	Alton
1810	Melton
1811	Kegan
1812	Authur
1813	Maddox
1814	Denese
1815	Charlotta
1816	Benjamine
1817	Johnie
1818	Tony
1819	Moira
1820	Shelton
1821	Suzette
1822	Coty
1823	Darin
1824	Emeline
1825	Norine
1826	Toivo
1827	Gurney
1828	Joaquin
1829	Sula
1830	Hamilton
1831	Tawny
1832	Aric
1833	Mannie
1834	Corrine
1835	Rosita
1836	Benji
1837	Olaf
1838	Dione
1839	Louise
1840	Darcy
1841	Kali
1842	Adlai
1843	Ayleen
1844	Leonia
1845	Meg
1846	Archibald
1847	Noreta
1848	Risa
1849	Reubin
1850	Garrick
1851	Anneliese
1852	Aleah
1853	Charity
1854	Loma
1855	Ashlie
1856	Samantha
1857	Madden
1858	Modena
1859	Sylvanus
1860	Furman
1861	Kristofer
1862	Julian
1863	Lucious
1864	Clevie
1865	Braeden
1866	Essex
1867	Floretta
1868	Zora
1869	Clarke
1870	Hazelle
1871	Infant
1872	Michaele
1873	Ernestine
1874	Clayton
1875	Esau
1876	Kendra
1877	Richmond
1878	Yadiel
1879	Jennette
1880	Ingrid
1881	Effie
1882	Shemar
1883	Maren
1884	Debra
1885	Rhiannon
1886	India
1887	Chelsy
1888	Verl
1889	Theda
1890	Isla
1891	Izabella
1892	Diamond
1893	Ariel
1894	Maxim
1895	Ceola
1896	Arvilla
1897	Merlyn
1898	Terrie
1899	Clemmie
1900	Isabela
1901	Naoma
1902	Sylva
1903	Derek
1904	Wenzel
1905	Burns
1906	Brooklyn
1907	Arman
1908	Ezekiel
1909	Joy
1910	Jemal
1911	Linden
1912	Fatima
1913	Dania
1914	Krista
1915	Maryellen
1916	Iona
1917	Suzanna
1918	Cassie
1919	Jakayla
1920	Sabrina
1921	Scarlet
1922	Tobe
1923	Malaya
1924	Verner
1925	Lexie
1926	Bernetta
1927	Izola
1928	Gilbert
1929	Annmarie
1930	Ethen
1931	Edward
1932	Casen
1933	Vander
1934	Fleeta
1935	Elam
1936	Laila
1937	Andra
1938	Genevieve
1939	Cammie
1940	Herman
1941	Davis
1942	Danyell
1943	Hosteen
1944	Rolla
1945	Urijah
1946	Natalee
1947	Luka
1948	Willa
1949	Kathy
1950	Amon
1951	Gwen
1952	Kristian
1953	Christen
1954	Jame
1955	Nanna
1956	Sonny
1957	Pete
1958	Claude
1959	Docia
1960	Leighton
1961	Tamela
1962	Jerel
1963	Demetra
1964	Aubrey
1965	Charle
1966	Juliann
1967	Ellyn
1968	Renata
1969	Fabian
1970	Tyrik
1971	Birtha
1972	Eben
1973	Abdiel
1974	Amare
1975	Ova
1976	Georgina
1977	Grover
1978	Ruthanne
1979	Hilliard
1980	Allie
1981	Durrell
1982	Josefa
1983	Sedrick
1984	Imogene
1985	Jevon
1986	Maleah
1987	Helga
1988	Renaldo
1989	Joann
1990	Latricia
1991	Dicie
1992	Otho
1993	Marnita
1994	Manda
1995	Dakoda
1996	Colie
1997	Sandra
1998	Rosco
1999	Noble
2000	Cade
2001	Levi
2002	Rosella
2003	Vassie
2004	Wess
2005	Korbin
2006	Lincoln
2007	Jerilynn
2008	Nikko
2009	Rettie
2010	Alyson
2011	Stan
2012	Madeline
2013	Agusta
2014	Shanika
2015	Micayla
2016	Vickie
2017	Porfirio
2018	Horacio
2019	Celina
2020	Carlos
2021	Nicola
2022	Lilian
2023	Lawanda
2024	Ottilia
2025	Ariane
2026	Elvis
2027	Jenilee
2028	Jaelynn
2029	Celestia
2030	Raymon
2031	Gilman
2032	Earlean
2033	Myra
2034	Missie
2035	Desean
2036	Evita
2037	Elias
2038	Cristopher
2039	Etter
2040	Birtie
2041	Trudy
2042	Isiah
2043	Francies
2044	Stanton
2045	Hardin
2046	Delaney
2047	Heath
2048	Xavier
2049	Mittie
2050	Cloe
2051	Jacques
2052	Frieda
2053	Adda
2054	Doss
2055	Julianne
2056	Theodosia
2057	Kalene
2058	Demetric
2059	Omari
2060	Glennis
2061	Hilma
2062	Dottie
2063	Thursa
2064	Waymon
2065	Reynold
2066	Naomi
2067	Elois
2068	Waverly
2069	Alda
2070	Libby
2071	Duke
2072	Mathilde
2073	Montgomery
2074	Mikeal
2075	Santa
2076	Murl
2077	Maryann
2078	Raymundo
2079	Agness
2080	Adelia
2081	Roxanne
2082	Luvinia
2083	Diana
2084	Jerry
2085	Jon
2086	Lane
2087	Yajaira
2088	Glover
2089	Chauncy
2090	Nena
2091	Charline
2092	Alisson
2093	Rick
2094	Minda
2095	Matthew
2096	Cindi
2097	Reanna
2098	Lura
2099	Berkley
2100	Caro
2101	Aryan
2102	Sim
2103	Tayler
2104	Maxie
2105	Kandice
2106	Migdalia
2107	Shelly
2108	Julious
2109	Elizabet
2110	Summer
2111	Gillie
2112	Jewell
2113	Emaline
2114	Lorelai
2115	Taniyah
2116	Philomene
2117	Tomika
2118	Louie
2119	Rickie
2120	Denisse
2121	Bina
2122	May
2123	Diandra
2124	Ginger
2125	Talon
2126	Dafne
2127	Ramon
2128	Delos
2129	Jill
2130	Hortense
2131	Melisa
2132	Ela
2133	Argie
2134	Tessie
2135	Alexa
2136	Willaim
2137	Ivan
2138	Margurite
2139	Lisha
2140	Jasmin
2141	Melany
2142	Edw
2143	Otelia
2144	Yulissa
2145	Ladonna
2146	Caitlynn
2147	Alessandra
2148	Bena
2149	Hermina
2150	Minerva
2151	Franc
2152	Lukas
2153	Siobhan
2154	Rusty
2155	Allison
2156	Isham
2157	Kaylie
2158	Gregoria
2159	Teresa
2160	Leonor
2161	Orla
2162	Rashaan
2163	Helena
2164	Gabriel
2165	Titus
2166	Jean
2167	Francina
2168	Sophronia
2169	Shavonne
2170	Tressie
2171	Jayleen
2172	Eathel
2173	Sabastian
2174	Ansley
2175	Ferris
2176	Lemon
2177	Eva
2178	Rhys
2179	Pershing
2180	Rowena
2181	Eryn
2182	Zoe
2183	Thalia
2184	Sharman
2185	Janiyah
2186	Hal
2187	Saul
2188	Lassie
2189	Demond
2190	Evelena
2191	Adele
2192	Ara
2193	Jack
2194	Camille
2195	Milan
2196	Josephus
2197	Caswell
2198	Rubye
2199	Vira
2200	Jerimiah
2201	Kellie
2202	Keira
2203	Crissie
2204	Madyson
2205	Rylee
2206	Sannie
2207	Fannie
2208	Metta
2209	Keifer
2210	Jovany
2211	Bayard
2212	Tricia
2213	Diya
2214	Taraji
2215	Kimberley
2216	Dannie
2217	Heidy
2218	Keon
2219	Coretta
2220	Cherryl
2221	Cameron
2222	Yaritza
2223	Kandi
2224	Verna
2225	Elon
2226	Otha
2227	Gregorio
2228	Donnell
2229	Nohely
2230	Abbie
2231	Audrianna
2232	Melonie
2233	Timmy
2234	Annabel
2235	Victory
2236	Hassan
2237	Jamison
2238	Yair
2239	Karson
2240	Ammon
2241	Jonell
2242	Iridian
2243	Darren
2244	Nathen
2245	Loda
2246	Pamelia
2247	Claire
2248	Rosaline
2249	Darrell
2250	Willodean
2251	Chandler
2252	Alfonzo
2253	Janie
2254	Christene
2255	Wilburn
2256	Ragna
2257	Letitia
2258	Elzie
2259	Concha
2260	Jacqueline
2261	Theresia
2262	Enrico
2263	Chiquita
2264	Jaylin
2265	Zandra
2266	Karlie
2267	Carley
2268	Pleas
2269	Pandora
2270	Eber
2271	Mervin
2272	Oddie
2273	Gilford
2274	Fronie
2275	Rome
2276	Tawanna
2277	Holli
2278	Cathleen
2279	Franco
2280	Vollie
2281	Jaimee
2282	Nigel
2283	Barnett
2284	Santino
2285	Kyler
2286	Ryne
2287	Somer
2288	Lorin
2289	Margarite
2290	Jinnie
2291	Ferdinand
2292	Ardeth
2293	Alverda
2294	Bette
2295	Joelle
2296	Anfernee
2297	Brown
2298	Amarion
2299	Reinaldo
2300	Elda
2301	Graham
2302	Mahalia
2303	Annette
2304	Tyree
2305	Lori
2306	Debrah
2307	Valentine
2308	Angelique
2309	Nilda
2310	Colleen
2311	Cherilyn
2312	Brittni
2313	Codie
2314	Rance
2315	Tristin
2316	Kolten
2317	Ancel
2318	Albertus
2319	Dulce
2320	Doreen
2321	Genevra
2322	Lucina
2323	Alver
2324	Dozier
2325	Debera
2326	Elta
2327	Dasia
2328	Karyl
2329	Therman
2330	Marquita
2331	Alanna
2332	Ab
2333	Estela
2334	Winfield
2335	Tyriq
2336	Britny
2337	Hildegard
2338	Melissa
2339	Edna
2340	Fawn
2341	Osbaldo
2342	Ramiro
2343	Glenna
2344	Dallin
2345	Emerson
2346	Beyonce
2347	Riley
2348	Shaneka
2349	Illa
2350	Emmer
2351	Ronnie
2352	Rosemary
2353	Jadiel
2354	Mozell
2355	Broderick
2356	Earnest
2357	Yehuda
2358	Wilber
2359	Mina
2360	Harriett
2361	Ruthie
2362	Moesha
2363	Morris
2364	Delma
2365	Katlynn
2366	Florida
2367	Amparo
2368	Erle
2369	Braelyn
2370	Dolph
2371	Lovina
2372	Gerhard
2373	Tristan
2374	Sharonda
2375	Gaylord
2376	Alcide
2377	Randi
2378	Edmonia
2379	Sade
2380	Woodrow
2381	Clotilda
2382	Offie
2383	Sydni
2384	Zavier
2385	Dessa
2386	Dinah
2387	Catalina
2388	Eunice
2389	Steward
2390	Llewellyn
2391	Becky
2392	Fulton
2393	Rosa
2394	Shantell
2395	Mariano
2396	Jeannine
2397	Camren
2398	Alvah
2399	Veola
2400	Katarina
2401	Nannette
2402	Jocelyne
2403	Brittney
2404	Little
2405	Frederick
2406	Mona
2407	Eloisa
2408	Mechelle
2409	Owen
2410	Kamden
2411	Maribel
2412	Jayne
2413	Thurlow
2414	Kory
2415	Rosy
2416	Clemma
2417	Reggie
2418	Arietta
2419	Yvette
2420	Farrell
2421	Briley
2422	Kingston
2423	Daria
2424	Roe
2425	Macarthur
2426	Danyelle
2427	Stephenie
2428	Dakota
2429	Aliza
2430	Kallie
2431	Loula
2432	Emiliano
2433	Evelyne
2434	Lorena
2435	Maximillian
2436	Pate
2437	Dalton
2438	Cena
2439	Aldona
2440	Myron
2441	Connie
2442	Malcom
2443	Kathryn
2444	Lea
2445	Kennth
2446	Genoveva
2447	Althea
2448	Erasmus
2449	Deidre
2450	Freddy
2451	Chelsie
2452	Lugenia
2453	Darian
2454	Luigi
2455	Cas
2456	Anastacio
2457	Landon
2458	Juli
2459	Mychal
2460	Amelie
2461	Conley
2462	Karlene
2463	Shanita
2464	Marcelina
2465	Mont
2466	Ashby
2467	Linsey
2468	Daunte
2469	Paxton
2470	Chaney
2471	Alysia
2472	Wilhelmine
2473	Ivah
2474	Esta
2475	Pink
2476	Fredric
2477	Baby
2478	Luis
2479	Judge
2480	Orilla
2481	Meghan
2482	Marybelle
2483	Jenelle
2484	Kristie
2485	Merl
2486	Cletus
2487	Marge
2488	Jordy
2489	Refugio
2490	Chrystal
2491	Icey
2492	Addie
2493	Alfonse
2494	Commodore
2495	Stevie
2496	Signe
2497	Clotilde
2498	Junie
2499	Simone
2500	Maye
2501	Kimber
2502	Kai
2503	Erling
2504	Ryker
2505	Carlyn
2506	Buddie
2507	Kathaleen
2508	Ellis
2509	Belle
2510	Amber
2511	Avie
2512	Bernita
2513	Gisselle
2514	Jazlene
2515	Lon
2516	Lollie
2517	Rayna
2518	Boone
2519	Armstead
2520	Tremaine
2521	Catherine
2522	Kandace
2523	Palma
2524	Mathew
2525	Evalena
2526	Gustavo
2527	Tilman
2528	Pat
2529	Ardith
2530	Isabelle
2531	Cristofer
2532	Candyce
2533	Henderson
2534	Colonel
2535	Demarcus
2536	Kristan
2537	Darvin
2538	Wayland
2539	Guillermo
2540	Drake
2541	Anjali
2542	Mandi
2543	Sing
2544	Michel
2545	Arnoldo
2546	Kane
2547	Demetrios
2548	Susan
2549	Deryl
2550	Lynda
2551	Tanner
2552	Kaleena
2553	Inez
2554	Madilyn
2555	Ethelbert
2556	Lone
2557	Tera
2558	Christina
2559	Shelbi
2560	Payton
2561	Avon
2562	Emmy
2563	Amil
2564	Star
2565	Ayanna
2566	Noel
2567	Braiden
2568	Marilyn
2569	Evette
2570	Syed
2571	Kasen
2572	Zechariah
2573	Hadley
2574	Ayla
2575	Carnell
2576	Nannie
2577	Nolia
2578	Arabella
2579	Shelba
2580	Hellen
2581	Azul
2582	Thea
2583	Shirleyann
2584	Stacy
2585	Betsey
2586	Donna
2587	Christeen
2588	Dewayne
2589	Antonetta
2590	Hertha
2591	Dereon
2592	Oleta
2593	Chalmers
2594	Myla
2595	Garland
2596	Acie
2597	Geraldo
2598	Starling
2599	Lu
2600	Dagny
2601	Carra
2602	Erna
2603	Fiona
2604	Peggie
2605	Dominque
2606	Dollye
2607	Rosalie
2608	French
2609	Annabelle
2610	Lawton
2611	Suzan
2612	Arch
2613	Suzy
2614	Leanne
2615	Aida
2616	Ason
2617	Krysten
2618	Rock
2619	Georgie
2620	Malissa
2621	Cari
2622	Collier
2623	Porsha
2624	Crista
2625	Mammie
2626	Jeremiah
2627	Amya
2628	Jonathan
2629	Maddux
2630	Lamarcus
2631	Arnulfo
2632	Bronson
2633	Lexus
2634	Constantine
2635	Adamaris
2636	Katie
2637	Leola
2638	Dorthea
2639	Renita
2640	Shatara
2641	Hosie
2642	Basil
2643	Lorene
2644	Izaiah
2645	Savannah
2646	Kraig
2647	Gregg
2648	Flora
2649	Cale
2650	Marry
2651	Cornel
2652	Mortimer
2653	Ola
2654	Mollie
2655	Azaria
2656	Bailey
2657	Qiana
2658	Jacky
2659	Cortney
2660	Hermon
2661	Yadira
2662	Aurora
2663	Jaleesa
2664	Omie
2665	Amara
2666	Arvid
2667	Sybilla
2668	Jamal
2669	Julio
2670	Judi
2671	Less
2672	Ludie
2673	Gibson
2674	Trisha
2675	Alysha
2676	Kristine
2677	Dustin
2678	Meaghan
2679	Adrian
2680	Quincy
2681	Celia
2682	Kazuko
2683	Helene
2684	Early
2685	Kizzy
2686	Latarsha
2687	Dove
2688	Selene
2689	Paulo
2690	Naima
2691	Monica
2692	Regan
2693	Norwood
2694	Kamron
2695	Peggy
2696	Maury
2697	Cathie
2698	Ardis
2699	Waylon
2700	Nayeli
2701	Forrest
2702	Neola
2703	Gracie
2704	Kassie
2705	Teagan
2706	Norita
2707	Lorrie
2708	Kimberely
2709	Marianna
2710	Isaak
2711	Mohamed
2712	Verdell
2713	Dominick
2714	Delphine
2715	Minnie
2716	Burdette
2717	Kailyn
2718	Santiago
2719	Denise
2720	Tanesha
2721	Shirlene
2722	Margarette
2723	Icie
2724	Tavares
2725	Eustace
2726	Shawnna
2727	Kenyon
2728	Vance
2729	Leah
2730	Jeannie
2731	Griselda
2732	Melbourne
2733	Ether
2734	Jarvis
2735	Mart
2736	Giovani
2737	Ernest
2738	Keagan
2739	Jaeden
2740	Lyndia
2741	Calhoun
2742	Tatyana
2743	Oswald
2744	Jacoby
2745	Mckenna
2746	Shelia
2747	Bianca
2748	Chana
2749	Marla
2750	Callie
2751	Farrah
2752	Helmer
2753	Cary
2754	Leopold
2755	Leatha
2756	Raynard
2757	Ceylon
2758	Orley
2759	Jami
2760	Delvin
2761	Arnetta
2762	Aura
2763	Beatrice
2764	Aspen
2765	Jerrell
2766	Almer
2767	Cassidy
2768	Kailey
2769	Kerry
2770	Karie
2771	Charlton
2772	Aydan
2773	Venie
2774	Bev
2775	Chyna
2776	Budd
2777	Jeremy
2778	Derrell
2779	Ervin
2780	Kaitlynn
2781	Marybeth
2782	Alvia
2783	Una
2784	Jules
2785	Darci
2786	Americo
2787	Calvin
2788	Nathanial
2789	Rowland
2790	Kellee
2791	Murphy
2792	Kylee
2793	Hortencia
2794	Michele
2795	Charly
2796	Carmine
2797	Meadow
2798	Hart
2799	Winfred
2800	Cornie
2801	Arthur
2802	Elvie
2803	Harvey
2804	Leamon
2805	Cleta
2806	Okey
2807	Urban
2808	Canyon
2809	Lynn
2810	Berdie
2811	Adell
2812	Reyna
2813	Deasia
2814	Donat
2815	Nels
2816	Lara
2817	Jordyn
2818	Lelia
2819	Sullivan
2820	Ashely
2821	Arturo
2822	Chanelle
2823	Elianna
2824	Machelle
2825	Marcie
2826	Kellan
2827	Yurem
2828	Bilal
2829	Celie
2830	Case
2831	Isa
2832	Torie
2833	Zed
2834	Daxton
2835	Jazlynn
2836	Olen
2837	Samson
2838	Leandro
2839	Margery
2840	Ruthann
2841	Jannette
2842	Sofia
2843	Hank
2844	Wanda
2845	Kathern
2846	Mafalda
2847	Savana
2848	Thorwald
2849	Alexus
2850	Sophia
2851	Louisiana
2852	Heyward
2853	Abigayle
2854	Giana
2855	Krissy
2856	Irma
2857	Ephram
2858	Dwane
2859	Willard
2860	Kennedi
2861	Amey
2862	Kara
2863	Alpha
2864	Xzavier
2865	Auston
2866	Ina
2867	Deion
2868	Laken
2869	Burke
2870	Sincere
2871	Carlee
2872	Kenney
2873	Kamya
2874	Yasmin
2875	Gemma
2876	Nicholaus
2877	Andrea
2878	Armin
2879	Ally
2880	Mack
2881	Orvel
2882	Sarah
2883	Alecia
2884	Maximus
2885	Marcellus
2886	Clemente
2887	Delmus
2888	Almira
2889	Vester
2890	Horton
2891	Dillon
2892	Aurilla
2893	Trever
2894	Tamekia
2895	Demarco
2896	Thyra
2897	Johnson
2898	Sheilah
2899	Sina
2900	Genesis
2901	Jahiem
2902	Tambra
2903	Davante
2904	Nan
2905	Orion
2906	Leif
2907	Lilia
2908	Tallie
2909	Vashon
2910	Jessy
2911	Regina
2912	Hebert
2913	Alfie
2914	Cheri
2915	Ole
2916	Herminia
2917	Olin
2918	Shaquana
2919	Allene
2920	Forest
2921	Hamp
2922	Korey
2923	Dicy
2924	Roena
2925	Malia
2926	Roderic
2927	Londyn
2928	Laverna
2929	Rory
2930	Christoper
2931	Willam
2932	Emely
2933	Regenia
2934	Madisyn
2935	Harland
2936	Ivana
2937	Regis
2938	Emogene
2939	Kiel
2940	Lucio
2941	Monique
2942	Wayne
2943	Zaid
2944	Miguel
2945	Tawana
2946	Leoma
2947	Soren
2948	Con
2949	Shawna
2950	Arrie
2951	Maximilian
2952	Benjamin
2953	Miesha
2954	Desi
2955	Ethel
2956	Oakley
2957	Levern
2958	Hector
2959	Lurana
2960	Donie
2961	Erik
2962	Mitchel
2963	Toccara
2964	Trumaine
2965	Farris
2966	Roslyn
2967	Moises
2968	Rebekah
2969	Sonja
2970	Adriane
2971	Eugene
2972	Rutherford
2973	Rupert
2974	Janey
2975	Lissie
2976	Reilly
2977	Tenika
2978	Collette
2979	Sal
2980	Constance
2981	Malvin
2982	Banks
2983	Shelley
2984	Marcell
2985	Fabiola
2986	Haskell
2987	Iola
2988	Antoinette
2989	Elza
2990	Reatha
2991	Charisse
2992	Latoyia
2993	Monserrat
2994	Brycen
2995	Lisa
2996	Enos
2997	Erby
2998	Nicolle
2999	Brion
3000	Manerva
3001	Charlize
3002	Antone
3003	Tishie
3004	Prentiss
3005	Lona
3006	Selina
3007	Jered
3008	Abdullah
3009	Chimere
3010	Ida
3011	Marco
3012	Evalyn
3013	Zeta
3014	Adonis
3015	Keaton
3016	Sherryl
3017	Marcel
3018	Masao
3019	Patty
3020	Shep
3021	Bradford
3022	Nira
3023	Burrell
3024	Vincent
3025	Ivy
3026	Lydia
3027	Carl
3028	Johan
3029	Salomon
3030	Shante
3031	Sunshine
3032	Renee
3033	Charls
3034	Wiliam
3035	Math
3036	Bluford
3037	Israel
3038	Deja
3039	Tangela
3040	Elbert
3041	Renard
3042	Roma
3043	Rennie
3044	Smith
3045	Aloysius
3046	Cannie
3047	Keanu
3048	Luciana
3049	Rustin
3050	Fernando
3051	Marrion
3052	Lashanda
3053	Marin
3054	Ebb
3055	Chesley
3056	Sarita
3057	Marland
3058	Lillian
3059	Olan
3060	Green
3061	Flossie
3062	Idamae
3063	Clarisa
3064	Arjun
3065	Frank
3066	Amirah
3067	Harrell
3068	Foch
3069	Hjalmer
3070	Petra
3071	Humberto
3072	Angel
3073	Kazuo
3074	Marta
3075	Lucky
3076	Dion
3077	Karim
3078	Brandt
3079	Mayra
3080	Paulina
3081	Rilla
3082	Bynum
3083	Kasie
3084	Linnea
3085	Mykel
3086	Johanna
3087	Julien
3088	Anjanette
3089	Hakeem
3090	Sidney
3091	Sue
3092	Deann
3093	Alexandrea
3094	Jason
3095	Emma
3096	Jajuan
3097	Kaylene
3098	Valorie
3099	Shamar
3100	Jasmine
3101	Alf
3102	Vicki
3103	Deborrah
3104	Sonji
3105	Lauretta
3106	Clarice
3107	Sibbie
3108	Ewell
3109	Branden
3110	Dian
3111	Corrina
3112	Misti
3113	Lacey
3114	Brandi
3115	Unnamed
3116	Reinhold
3117	Fanny
3118	Maude
3119	Dariana
3120	Gunnar
3121	Almeda
3122	Anna
3123	Edsel
3124	Shaina
3125	Treasure
3126	Alois
3127	Edmond
3128	Celestino
3129	Larue
3130	Harmon
3131	Jalon
3132	Jerrilyn
3133	Candida
3134	Dortha
3135	Reva
3136	Hubert
3137	Valencia
3138	Mya
3139	Karly
3140	Deborah
3141	Giuseppe
3142	Donta
3143	Camilo
3144	Carri
3145	Lou
3146	Jadon
3147	Emmett
3148	Niles
3149	Carrol
3150	Worth
3151	Sol
3152	Emmanuel
3153	Brittanie
3154	Nico
3155	Beulah
3156	Olive
3157	Shanelle
3158	Missy
3159	Derl
3160	Dorman
3161	Jaylen
3162	Mary
3163	Dave
3164	Damond
3165	Hurbert
3166	Crysta
3167	Jammie
3168	Djuna
3169	Nora
3170	Holland
3171	Erwin
3172	Destany
3173	Konner
3174	Roxie
3175	Phyliss
3176	Tyrone
3177	Gabrielle
3178	Nallely
3179	Terese
3180	Joette
3181	Shyla
3182	Dashawn
3183	Mabell
3184	Orrie
3185	Lyla
3186	Debi
3187	Jefferey
3188	Rian
3189	Dorcas
3190	Kisha
3191	Santo
3192	Jackson
3193	Derrick
3194	Jude
3195	Jasiah
3196	Margaretta
3197	Kris
3198	Cleora
3199	Harriette
3200	Quintin
3201	Frederic
3202	Rona
3203	Anastasia
3204	Imo
3205	Stacia
3206	Lucero
3207	Adrien
3208	Mora
3209	Kavon
3210	Dink
3211	Brodie
3212	Birdella
3213	Jamar
3214	Coleton
3215	Dewey
3216	Murry
3217	Lynsey
3218	Joline
3219	Corene
3220	Latrice
3221	Eartha
3222	Agustin
3223	Micah
3224	Tilda
3225	Edmund
3226	Geoff
3227	Janae
3228	Mattie
3229	Tamera
3230	Leontine
3231	Janel
3232	Claus
3233	Opha
3234	Fitzgerald
3235	Tinnie
3236	Beaulah
3237	Jesenia
3238	Isidro
3239	Dereck
3240	Merrilee
3241	Krystin
3242	Vara
3243	Hasel
3244	Jed
3245	Laurene
3246	Felicia
3247	Aditya
3248	Orrin
3249	Woody
3250	Jefferson
3251	Lida
3252	Devon
3253	Mercer
3254	Sena
3255	Aiyanna
3256	Buck
3257	Anthony
3258	Goebel
3259	Candi
3260	Etta
3261	Lindsay
3262	Debby
3263	Alanzo
3264	Danae
3265	Milford
3266	Kathie
3267	Vlasta
3268	Kermit
3269	Dayanara
3270	Alfonso
3271	Deyanira
3272	Myah
3273	Lolla
3274	Elian
3275	Jocelynn
3276	Grady
3277	Iza
3278	Charmaine
3279	Kimberlee
3280	Jory
3281	Dana
3282	Maeve
3283	Katina
3284	Andre
3285	Christop
3286	Evelin
3287	Rohan
3288	Glynda
3289	Oneida
3290	Susann
3291	Deandre
3292	Aryanna
3293	Pearla
3294	Eithel
3295	Arlena
3296	Suzie
3297	Brianda
3298	Hunter
3299	Shelbie
3300	Fleda
3301	Lennie
3302	Wendi
3303	Lorayne
3304	Malachi
3305	Lemuel
3306	Cash
3307	Toma
3308	Muhammad
3309	Paola
3310	Jeryl
3311	Shaquan
3312	Latonya
3313	Marty
3314	Geraldine
3315	Minervia
3316	Brenda
3317	Lizbeth
3318	Kelsi
3319	Angelita
3320	Marisela
3321	Corinna
3322	Esco
3323	Granville
3324	Claudette
3325	Natalya
3326	Rufus
3327	Markita
3328	Adolfo
3329	Javion
3330	Jo
3331	Jaqueline
3332	Press
3333	Essie
3334	Festus
3335	Davion
3336	Skye
3337	Olivia
3338	Mellissa
3339	Emilio
3340	Retta
3341	Brigitte
3342	Libbie
3343	Justine
3344	Devonta
3345	Monnie
3346	Wheeler
3347	Zadie
3348	Berenice
3349	Bama
3350	Seamus
3351	Hailie
3352	Hedy
3353	Burt
3354	Marlena
3355	Vernal
3356	Ethelene
3357	Alford
3358	Kaley
3359	Beda
3360	Debbi
3361	Flem
3362	Estill
3363	Tarik
3364	Verlin
3365	Lee
3366	Elease
3367	Rose
3368	Burleigh
3369	Cristina
3370	Devan
3371	Damarcus
3372	Kayli
3373	Delle
3374	Clyde
3375	Orville
3376	Hildegarde
3377	Tayshaun
3378	Kari
3379	Carmelita
3380	Austin
3381	Inga
3382	Daquan
3383	Magdalen
3384	Stasia
3385	Velia
3386	Kendal
3387	Onie
3388	Aidyn
3389	Antwain
3390	Gaylene
3391	Erika
3392	Belton
3393	Leslee
3394	Owens
3395	Opal
3396	Tyrel
3397	Darrius
3398	Cristobal
3399	Ama
3400	Shawanda
3401	Antonio
3402	Stonewall
3403	Trystan
3404	Xiomara
3405	Myer
3406	Phil
3407	Aaden
3408	Eleanor
3409	Rolland
3410	Amaris
3411	Estes
3412	Katheryn
3413	Mayme
3414	Brantley
3415	Kirsten
3416	Lotta
3417	Lanita
3418	Kamila
3419	Madonna
3420	Daron
3421	Letta
3422	Trula
3423	Marcelle
3424	Erlene
3425	Anne
3426	Ned
3427	Wiley
3428	Lilyana
3429	Ivonne
3430	Samara
3431	Sammie
3432	Maurine
3433	Cris
3434	Nick
3435	Tonya
3436	Wendy
3437	Felicie
3438	Betty
3439	Jameson
3440	Waino
3441	Candido
3442	Felipa
3443	Greyson
3444	Harold
3445	Zoey
3446	Gustie
3447	Jenna
3448	Lorinda
3449	Dirk
3450	Katia
3451	Kit
3452	Ivette
3453	Blaze
3454	Shaniece
3455	Buffy
3456	Jamaal
3457	Landen
3458	Allan
3459	Elige
3460	Jax
3461	Mintie
3462	Foster
3463	Ricci
3464	Kerrie
3465	Khalid
3466	Josefina
3467	Oland
3468	Ema
3469	Victorine
3470	Muriel
3471	Javier
3472	Darrick
3473	Burrel
3474	Vicky
3475	Damarion
3476	Jaydin
3477	Rena
3478	Antwon
3479	Makhi
3480	Jaheem
3481	Maira
3482	Leila
3483	Male
3484	Bryant
3485	Mikala
3486	Gorge
3487	Tayla
3488	Stanford
3489	Toshio
3490	Leigh
3491	Amaya
3492	Kaylin
3493	Cleon
3494	Cuba
3495	Ewald
3496	Lakeshia
3497	Cedrick
3498	Dulcie
3499	Kiara
3500	Sydnee
3501	Joyce
3502	Letha
3503	Edison
3504	Gladys
3505	Odalys
3506	Acey
3507	Wylie
3508	Delmar
3509	Ernst
3510	Agnes
3511	Halie
3512	Kinsey
3513	Makayla
3514	Kordell
3515	Wilton
3516	Sheree
3517	Hill
3518	Ritchie
3519	Unique
3520	Joshua
3521	Jaxon
3522	Myrtis
3523	Luisa
3524	Hana
3525	Ilda
3526	Tatiana
3527	Dona
3528	Elma
3529	Orson
3530	Abigail
3531	Kenyatta
3532	Darrian
3533	Trevon
3534	Suzanne
3535	Tisha
3536	Rayan
3537	Hayleigh
3538	Nell
3539	Russel
3540	Porsche
3541	Brigette
3542	Linn
3543	Rodolfo
3544	Jocelyn
3545	Skyler
3546	Stephon
3547	Reina
3548	Judie
3549	Dorine
3550	Holly
3551	Elzada
3552	Vida
3553	Ellison
3554	Conard
3555	Claudio
3556	Kasandra
3557	Laura
3558	Pamela
3559	Eliga
3560	Breanne
3561	Buna
3562	Mara
3563	Roderick
3564	Williemae
3565	Allyssa
3566	Burney
3567	Audy
3568	Jann
3569	Delia
3570	Faron
3571	Delton
3572	Martell
3573	Angie
3574	Kelton
3575	Penelope
3576	Armand
3577	Gertie
3578	Delina
3579	Durward
3580	Amin
3581	Alcee
3582	Selena
3583	Krystina
3584	Turner
3585	Vernice
3586	Gaetano
3587	Tennessee
3588	Brandan
3589	Tamica
3590	Mabel
3591	Jaydon
3592	Alva
3593	Winton
3594	Huy
3595	Ruie
3596	Rianna
3597	Dorothy
3598	Aryana
3599	Tabatha
3600	Teddie
3601	Salvador
3602	Bartholomew
3603	Meyer
3604	Shannen
3605	Jasmyne
3606	Sandi
3607	Blaise
3608	Marius
3609	Baron
3610	Kaylen
3611	Pauletta
3612	Angelina
3613	Gia
3614	Barnard
3615	Selmer
3616	Eliseo
3617	Martina
3618	Bobby
3619	Arnett
3620	Bryton
3621	Rondal
3622	Brandin
3623	Sylvester
3624	Al
3625	Dionne
3626	Gaylen
3627	Kathey
3628	Alec
3629	Domingo
3630	Neppie
3631	Aubra
3632	Cathy
3633	Tristian
3634	Alba
3635	Glynn
3636	Salena
3637	Sherlyn
3638	Levina
3639	Jonah
3640	Christopher
3641	Audrey
3642	Venita
3643	Annice
3644	Kala
3645	Juliette
3646	Selma
3647	Hyman
3648	Virginia
3649	Le
3650	Jayson
3651	Raina
3652	Nina
3653	Audra
3654	Beau
3655	Brady
3656	Davie
3657	Ira
3658	Shaniqua
3659	Sunday
3660	Pansy
3661	Kayla
3662	Renea
3663	Mackenzie
3664	Abigale
3665	Mariel
3666	Lizette
3667	Earline
3668	Darline
3669	Maebelle
3670	Lovell
3671	Adalberto
3672	Alexandre
3673	Mordechai
3674	Beatriz
3675	Rihanna
3676	Doctor
3677	Javonte
3678	Rey
3679	Wilmer
3680	Rickey
3681	Harve
3682	Sherita
3683	Charolette
3684	Robyn
3685	Bettie
3686	Coby
3687	Lainey
3688	Dudley
3689	Philip
3690	Knute
3691	Lena
3692	Dorr
3693	Cyndi
3694	Donny
3695	Norval
3696	Tyson
3697	Rosalyn
3698	Dellia
3699	Josiephine
3700	Dameon
3701	Camila
3702	Rosie
3703	Ewart
3704	General
3705	Susanna
3706	Gorden
3707	Marcos
3708	Magan
3709	Loree
3710	Barry
3711	Adan
3712	Yoshiko
3713	Shonda
3714	Julisa
3715	Cesar
3716	Tanisha
3717	Karin
3718	Ardell
3719	Treva
3720	Nichole
3721	Karen
3722	Isabell
3723	Jakobe
3724	Lelar
3725	Lenwood
3726	Nova
3727	Vicente
3728	Lenord
3729	Edris
3730	Cassandra
3731	Glenda
3732	Lyndsay
3733	Mekhi
3734	Anahi
3735	Dejon
3736	Wava
3737	Romeo
3738	Rayford
3739	Pearley
3740	Clinton
3741	Helaine
3742	Marcus
3743	West
3744	Delsie
3745	Neha
3746	Jazmyn
3747	Cyril
3748	Alta
3749	Bernie
3750	Jerald
3751	Robb
3752	Carleen
3753	Lucas
3754	Burton
3755	Rosann
3756	Newton
3757	Kayden
3758	Malakai
3759	Taurean
3760	Maricela
3761	Corean
3762	Emry
3763	Gage
3764	Manilla
3765	Hunt
3766	Ahmed
3767	Wynona
3768	Shirlie
3769	Woodson
3770	Darleen
3771	Ulysses
3772	Porter
3773	Milton
3774	Michael
3775	Jalynn
3776	Chessie
3777	Leonidas
3778	Nelia
3779	Gustav
3780	Myrtice
3781	Errol
3782	Ermina
3783	Esequiel
3784	Art
3785	Deliah
3786	Van
3787	Edrie
3788	Monroe
3789	Hyrum
3790	Rachelle
3791	Isis
3792	Golda
3793	Vonda
3794	Hung
3795	Sylvia
3796	Eleanore
3797	Harlow
3798	Shakira
3799	Octavie
3800	Elyssa
3801	Ronny
3802	Ica
3803	Sallie
3804	Clemens
3805	Drew
3806	Garner
3807	Ovila
3808	Raelyn
3809	Lonny
3810	Hali
3811	Paula
3812	Wardell
3813	Lakisha
3814	Drucilla
3815	Nataly
3816	Osa
3817	Aurelia
3818	Coral
3819	Elmina
3820	Danial
3821	Alissa
3822	Mallorie
3823	Brendon
3824	Oneta
3825	Vere
3826	Andy
3827	Nicolas
3828	Cory
3829	Ayaan
3830	Juwan
3831	Eldora
3832	Hildred
3833	Arlo
3834	Henri
3835	Almedia
3836	Cayla
3837	Eduardo
3838	Dorian
3839	Charlee
3840	Burk
3841	Pluma
3842	Flint
3843	Natasha
3844	Hakim
3845	Talmadge
3846	Tonda
3847	Harl
3848	Herbert
3849	Marjory
3850	Ines
3851	Sanders
3852	Isobel
3853	Belen
3854	Laylah
3855	Suellen
3856	Chantelle
3857	Alphonsus
3858	Keith
3859	Buren
3860	Monika
3861	Ashanti
3862	Oline
3863	Kaylynn
3864	Deven
3865	Jerrold
3866	Galen
3867	Cain
3868	Vinnie
3869	Jaimie
3870	Ernie
3871	Willy
3872	Garfield
3873	Verda
3874	Zola
3875	Mercedes
3876	Vinton
3877	Roselyn
3878	Katlyn
3879	Pierre
3880	Deron
3881	Edwina
3882	Jacklyn
3883	Amalie
3884	Ivey
3885	Beula
3886	Pamala
3887	Rayne
3888	Earnestine
3889	Ishaan
3890	Marina
3891	Amma
3892	Felicity
3893	Jay
3894	Ebony
3895	Burl
3896	Gustaf
3897	Rico
3898	Andrae
3899	Park
3900	Cordell
3901	Jeanne
3902	Kathi
3903	Tal
3904	Melba
3905	Andreas
3906	Antonina
3907	Arba
3908	Caddie
3909	Ura
3910	Alyce
3911	Lavar
3912	Daryle
3913	Cherelle
3914	Emmet
3915	Jarret
3916	Lute
3917	Jarrod
3918	Latanya
3919	Gayle
3920	Stetson
3921	Pattie
3922	Ocie
3923	Francis
3924	Kurtis
3925	Taurus
3926	Horatio
3927	Nicole
3928	Christiana
3929	Orval
3930	Elise
3931	Moe
3932	Freda
3933	Kayley
3934	Braulio
3935	Lue
3936	Stephen
3937	Corwin
3938	Geoffrey
3939	Winnie
3940	Cass
3941	Ethie
3942	Elmira
3943	Huston
3944	Sanai
3945	Alesha
3946	Azariah
3947	Carmela
3948	Barbra
3949	Celesta
3950	Jacquelyn
3951	Sigrid
3952	Maebell
3953	Wendell
3954	Karley
3955	Kiyoshi
3956	Brennen
3957	Cierra
3958	Stone
3959	Lise
3960	Ricky
3961	Kimball
3962	Noelle
3963	Lesley
3964	Trena
3965	Berlin
3966	Brittnie
3967	Orlena
3968	Aurore
3969	Glenwood
3970	Chris
3971	Litzy
3972	Tara
3973	Lafayette
3974	Eldridge
3975	Zeb
3976	Benedict
3977	Brianne
3978	Moshe
3979	Sherrill
3980	Julius
3981	Demarion
3982	Patsy
3983	Kirstie
3984	Ryleigh
3985	Billye
3986	Piper
3987	Laurine
3988	Georgeanna
3989	Kyan
3990	Olof
3991	Yahaira
3992	Princess
3993	Colvin
3994	Carma
3995	Zigmund
3996	Hugo
3997	Laurette
3998	Link
3999	Marceline
4000	Luetta
4001	Loney
4002	Fisher
4003	Willis
4004	Jessie
4005	Alfredo
4006	Nyasia
4007	Pheobe
4008	Hilbert
4009	Oneal
4010	Cristin
4011	Ransom
4012	Tyreke
4013	Rayshawn
4014	Johnathon
4015	Margo
4016	Teena
4017	Webb
4018	Vincenza
4019	Tea
4020	Lesa
4021	Collin
4022	Denita
4023	Margretta
4024	Oliva
4025	Powell
4026	Destiney
4027	Kaaren
4028	Cadence
4029	Kira
4030	Matias
4031	Sharif
4032	Dayne
4033	Cassondra
4034	Claribel
4035	Koen
4036	Eldred
4037	Demario
4038	Kyle
4039	Epsie
4040	Walter
4041	Anabella
4042	Felice
4043	Jenifer
4044	Lavonda
4045	Vickey
4046	Tyrus
4047	Iliana
4048	Alice
4049	Avery
4050	Orene
4051	Dino
4052	Deonta
4053	Cilla
4054	York
4055	Dock
4056	Jessica
4057	Madaline
4058	Joslyn
4059	Cara
4060	Dellar
4061	Merlin
4062	Phillis
4063	Peyton
4064	Deanne
4065	Versie
4066	Mel
4067	Tobin
4068	Kasey
4069	Bridgette
4070	Adelaide
4071	Parker
4072	Zaiden
4073	Ted
4074	Carrie
4075	Bee
4076	Emmie
4077	Lamont
4078	Baldwin
4079	Lavern
4080	Shae
4081	Shirley
4082	Skylar
4083	Aliya
4084	Tanja
4085	Leaner
4086	Xena
4087	Darryn
4088	Camden
4089	Britton
4090	Troy
4091	Gaven
4092	Rishi
4093	Sinda
4094	Laron
4095	Dexter
4096	Idella
4097	Carmel
4098	Zona
4099	Jonnie
4100	Keely
4101	Maximiliano
4102	Courtland
4103	Anice
4104	Duard
4105	Viviana
4106	Kylene
4107	Kacy
4108	Mindi
4109	Kortney
4110	Matilda
4111	Layla
4112	Cal
4113	Ingram
4114	Katelynn
4115	Fernand
4116	Leva
4117	Lourdes
4118	Paisley
4119	Mellie
4120	Melodee
4121	Byrd
4122	Eloy
4123	Hermine
4124	Kristi
4125	Corrie
4126	Letty
4127	Immanuel
4128	Daphne
4129	Garry
4130	Robby
4131	Ben
4132	Novella
4133	Isaias
4134	Grayce
4135	Berta
4136	Alisa
4137	Chet
4138	Richelle
4139	Augustina
4140	Lew
4141	Mariyah
4142	Hubbard
4143	Sonia
4144	Zion
4145	Mistie
4146	Cason
4147	Kevon
4148	Jagger
4149	Alexandro
4150	Paulette
4151	Semaj
4152	Gianna
4153	Erich
4154	Kamari
4155	Irvin
4156	Alani
4157	Amelia
4158	Marlon
4159	Zelia
4160	Tim
4161	Emmitt
4162	Bode
4163	Drema
4164	Sarahi
4165	Layne
4166	Bula
4167	Rheta
4168	Tammie
4169	Joe
4170	Latisha
4171	Aldo
4172	Kareem
4173	Keshia
4174	Francesca
4175	Marlyn
4176	Caleb
4177	Dax
4178	Lenora
4179	Alonzo
4180	Calleigh
4181	Lilianna
4182	Era
4183	Richard
4184	Sherilyn
4185	Orvin
4186	Donovan
4187	Alonza
4188	Joycelyn
4189	Donal
4190	Altha
4191	Asher
4192	Roseanna
4193	Torrance
4194	Leona
4195	Rubin
4196	Anitra
4197	Edgar
4198	Clide
4199	Indiana
4200	Agatha
4201	Deegan
4202	Rillie
4203	Kimberli
4204	Aleta
4205	Tory
4206	Ely
4207	Vivienne
4208	Gerry
4209	Alvira
4210	Allena
4211	Asia
4212	Leone
4213	Jarrad
4214	Orlin
4215	Earl
4216	Emery
4217	Terrill
4218	Savilla
4219	Shea
4220	Atha
4221	Lilly
4222	Brandee
4223	Tilla
4224	Corie
4225	Mikal
4226	Anibal
4227	Hettie
4228	Yareli
4229	Latasha
4230	Aime
4231	Corey
4232	Patricia
4233	Jacqulyn
4234	Ella
4235	Rollie
4236	Kent
4237	Patti
4238	Savion
4239	Doc
4240	Almond
4241	Lidie
4242	Lovie
4243	Rebeca
4244	Sommer
4245	Liana
4246	Demetrius
4247	Josie
4248	Melody
4249	Caylee
4250	Maud
4251	Daisey
4252	Geary
4253	Remy
4254	Ari
4255	Sigmund
4256	Nella
4257	Terri
4258	Jeremey
4259	Jerrica
4260	Luann
4261	Virgie
4262	Carmelo
4263	Homer
4264	Hasan
4265	Margret
4266	Burnett
4267	Juan
4268	Mandy
4269	Buster
4270	Wilford
4271	Corry
4272	Sophie
4273	Jane
4274	Nevada
4275	Alger
4276	Leonel
4277	Doloris
4278	Ray
4279	Angele
4280	Juanita
4281	Knox
4282	Paloma
4283	Derik
4284	Hurley
4285	Mariam
4286	Alwine
4287	Debroah
4288	Ricki
4289	Tasha
4290	Abby
4291	Eino
4292	Cap
4293	Gustave
4294	Tamia
4295	Jewel
4296	Foy
4297	Vern
4298	Monna
4299	Uriah
4300	Caron
4301	Eveline
4302	Coleen
4303	Jeanette
4304	Gaylon
4305	Eileen
4306	Octavio
4307	Odell
4308	Trudi
4309	Daisy
4310	Syreeta
4311	Melinda
4312	Henery
4313	Braylen
4314	Adel
4315	Rocio
4316	Jodie
4317	Raymond
4318	Domenico
4319	Leander
4320	Angelia
4321	Ron
4322	Ceasar
4323	Alcie
4324	Remington
4325	Ossie
4326	Ovid
4327	Rachel
4328	Nicki
4329	Georgene
4330	Jaunita
4331	Obie
4332	Mustafa
4333	Signa
4334	Stephan
4335	Randy
4336	Lockie
4337	Ethyl
4338	Rogers
4339	Ayesha
4340	Gottlieb
4341	Buelah
4342	Fran
4343	Chadd
4344	Terra
4345	Stephany
4346	Ezra
4347	Abie
4348	Rhonda
4349	Izabelle
4350	Keshaun
4351	Sheena
4352	Marlin
4353	Silvia
4354	Victoria
4355	Wyman
4356	Raven
4357	Jerrod
4358	Anabelle
4359	Nicklaus
4360	Danyel
4361	Cora
4362	Chip
4363	Windy
4364	Marquise
4365	Tiarra
4366	Dara
4367	Bobbi
4368	Tylor
4369	April
4370	Milo
4371	Derwin
4372	Orris
4373	Kori
4374	Masako
4375	Marcy
4376	Lennon
4377	January
4378	Jacki
4379	Zayden
4380	Faustino
4381	Gene
4382	Darlene
4383	Lurena
4384	Chastity
4385	Mia
4386	Blain
4387	Sampson
4388	Dwain
4389	Trace
4390	Patrica
4391	River
4392	Coralie
4393	Adin
4394	Rylie
4395	Ewing
4396	Ami
4397	Sariah
4398	Jeromy
4399	Easton
4400	Averie
4401	Juana
4402	Cosmo
4403	Ellen
4404	Tyreese
4405	Joella
4406	Nyah
4407	Orlando
4408	Adelynn
4409	Rahul
4410	Raoul
4411	Benjman
4412	Zelda
4413	Ace
4414	Alondra
4415	Ginny
4416	Madge
4417	Darrel
4418	Macy
4419	Nickolas
4420	Zara
4421	Oney
4422	Ashlee
4423	Barbara
4424	Wallace
4425	Malvina
4426	Kiera
4427	Lenore
4428	Ignacio
4429	Lance
4430	Garrison
4431	Marguerite
4432	Amiya
4433	Daryl
4434	Draven
4435	Hilda
4436	Della
4437	Isai
4438	Severt
4439	Orie
4440	Gino
4441	Denice
4442	Omarion
4443	Elonzo
4444	Shaquille
4445	Lakendra
4446	Jaylon
4447	Bria
4448	Elna
4449	Racquel
4450	Garett
4451	Bettye
4452	Coolidge
4453	Alexys
4454	Levar
4455	Giselle
4456	Gonzalo
4457	Burley
4458	Dedrick
4459	Heriberto
4460	Margaretha
4461	Oris
4462	Lorri
4463	Heidi
4464	Betsy
4465	Jedediah
4466	Trina
4467	Bree
4468	Stefanie
4469	Vada
4470	Annie
4471	Beth
4472	Jayde
4473	Jorja
4474	Tremayne
4475	Jaleel
4476	Frida
4477	Konnor
4478	Torrey
4479	Breonna
4480	Blanchard
4481	Delila
4482	Rodger
4483	Milly
4484	Philo
4485	Mireya
4486	Kaiya
4487	Alphonse
4488	Corda
4489	Odile
4490	Miller
4491	Miracle
4492	Elihu
4493	Koby
4494	Nathan
4495	Hansel
4496	Bernardine
4497	Thekla
4498	Haylie
4499	Adah
4500	Bruce
4501	Jaslyn
4502	Colt
4503	Len
4504	Martin
4505	Jacque
4506	Hilah
4507	Olga
4508	Simona
4509	Rosena
4510	Carolynn
4511	Neva
4512	Charles
4513	Gavyn
4514	Gearld
4515	Elliana
4516	Kahlil
4517	Harley
4518	Aurelio
4519	Dotty
4520	Myrtle
4521	Brice
4522	Teri
4523	Areli
4524	Gaston
4525	Iyana
4526	Page
4527	Mikayla
4528	Vic
4529	Vikki
4530	Lela
4531	Terence
4532	Bridger
4533	Hugh
4534	Markus
4535	Martine
4536	Bonnie
4537	Tracy
4538	Salina
4539	Joanie
4540	Dawson
4541	Stuart
4542	Demonte
4543	Orra
4544	Ashli
4545	Dayana
4546	Jermey
4547	Terrell
4548	Prosper
4549	Asha
4550	Tania
4551	Tula
4552	Neely
4553	Karolyn
4554	Gayla
4555	Hillery
4556	Jamil
4557	Audley
4558	Jakob
4559	Josephine
4560	Starla
4561	Phoebe
4562	Kalel
4563	Geno
4564	Isidore
4565	Robley
4566	Augustus
4567	Cyntha
4568	Asa
4569	Victor
4570	Kiley
4571	Holmes
4572	Hortensia
4573	Luverne
4574	Rakeem
4575	Mertie
4576	Amado
4577	Aline
4578	Toya
4579	Spring
4580	Lissette
4581	Marlo
4582	Johney
4583	Joseline
4584	Kristyn
4585	Bernard
4586	Harding
4587	Tahj
4588	Brenden
4589	Mariah
4590	Sandie
4591	Everette
4592	Kyara
4593	Joye
4594	Capitola
4595	Carlene
4596	Artie
4597	Davin
4598	Koda
4599	Claud
4600	Reagan
4601	Presley
4602	Jens
4603	Evia
4604	Boyce
4605	Versa
4606	Donavon
4607	Manford
4608	Shedrick
4609	Tyrique
4610	Hoy
4611	Gennie
4612	Bethzy
4613	Ericka
4614	Haley
4615	Beverly
4616	Vince
4617	Izayah
4618	Amari
4619	Mcarthur
4620	Virge
4621	Prince
4622	Vincenzo
4623	Desirae
4624	Gloria
4625	Orin
4626	Quinten
4627	Robin
4628	Aurthur
4629	Arvin
4630	Ewin
4631	Dedra
4632	Willene
4633	Fidel
4634	Alyvia
4635	Darnell
4636	Ana
4637	Lindbergh
4638	Rashaad
4639	Thelma
4640	Lota
4641	Ryann
4642	Hulda
4643	Leopoldo
4644	Laureen
4645	Gil
4646	Mickie
4647	Jerusha
4648	Zenas
4649	Timmie
4650	Randolf
4651	Annemarie
4652	Deena
4653	Benita
4654	Ramsey
4655	Clell
4656	Lempi
4657	Oliver
4658	Marylou
4659	Jordi
4660	Algie
4661	Clare
4662	Cristi
4663	Finley
4664	Nikki
4665	Kourtney
4666	Ty
4667	Brielle
4668	Kamora
4669	Jasper
4670	Cole
4671	Isaac
4672	Giovanny
4673	Shoji
4674	Litha
4675	Duwayne
4676	Yahir
4677	Liller
4678	Houston
4679	Tobias
4680	Danette
4681	Fredrick
4682	Jeb
4683	Birdie
4684	Landan
4685	Guadalupe
4686	Ellamae
4687	Laney
4688	Shanell
4689	Salome
4690	Haylee
4691	Jeanetta
4692	Tonia
4693	Venice
4694	Jaheim
4695	Milas
4696	Vernetta
4697	Harlene
4698	Archie
4699	John
4700	Itzel
4701	Albina
4702	Janeen
4703	Lella
4704	Rowan
4705	Bret
4706	Tracie
4707	Roseanne
4708	Evangelina
4709	Jeffie
4710	Bart
4711	Allisson
4712	Demetria
4713	Makenzie
4714	Regena
4715	Albin
4716	Reason
4717	Ivanna
4718	Candis
4719	Shaunna
4720	Paityn
4721	Silas
4722	Sanjuana
4723	Pablo
4724	Jamiya
4725	Jarad
4726	Rollin
4727	Miriam
4728	Karrie
4729	Cecil
4730	Hallie
4731	Malorie
4732	Toby
4733	Ellsworth
4734	Gilda
4735	Kaleb
4736	Brittnay
4737	Antonette
4738	Burnell
4739	Ariana
4740	Connor
4741	Linus
4742	Geralyn
4743	Shawn
4744	Irena
4745	Janelle
4746	Christa
4747	Vernie
4748	Olinda
4749	Clyda
4750	Handy
4751	Elvera
4752	Yazmin
4753	Dori
4754	Christine
4755	Ellie
4756	Madelyn
4757	Lim
4758	Hetty
4759	Stacie
4760	Mario
4761	Margie
4762	Brylee
4763	Denny
4764	Clara
4765	Erykah
4766	Vita
4767	Delfina
4768	Fronnie
4769	Yosef
4770	Augustin
4771	Abner
4772	Arra
4773	Soloman
4774	Alaina
4775	Nealy
4776	Roscoe
4777	Zavion
4778	Bulah
4779	Blanch
4780	Camryn
4781	Racheal
4782	Azzie
4783	Maci
4784	Rudolfo
4785	Kerri
4786	Blas
4787	Dorene
4788	Octave
4789	Alby
4790	Dianna
4791	Birt
4792	Estefania
4793	Christin
4794	Benjamen
4795	Marget
4796	Rosanne
4797	Trayvon
4798	Concetta
4799	Conor
4800	Meagan
4801	Sherree
4802	Jaycie
4803	Rita
4804	Kyra
4805	Ralph
4806	Oscar
4807	Zettie
4808	Hays
4809	Juliana
4810	Devaughn
4811	Jovani
4812	Lonna
4813	Phebe
4814	Kathlene
4815	Danika
4816	Ferne
4817	Kaelyn
4818	Diane
4819	Elena
4820	Elnora
4821	Amalia
4822	Mavis
4823	Lindsey
4824	Terrence
4825	Verlon
4826	Fay
4827	Kami
4828	Rikki
4829	Dwayne
4830	Jamarion
4831	Vela
4832	Grant
4833	Ruthe
4834	Levon
4835	Fremont
4836	Cullen
4837	Alan
4838	Hayward
4839	Paul
4840	Caroline
4841	Daren
4842	Merrie
4843	Curtiss
4844	Mikel
4845	Chaka
4846	Elick
4847	Alvera
4848	Classie
4849	Tiana
4850	Lorie
4851	Cornell
4852	Seldon
4853	Deedee
4854	Shalonda
4855	Karri
4856	Mikalah
4857	Jake
4858	Hale
4859	Alexzander
4860	Judah
4861	Beadie
4862	Alexandra
4863	Osie
4864	Waldemar
4865	Dorthy
4866	Faith
4867	Aaron
4868	Rudolf
4869	Bertha
4870	Ila
4871	Diallo
4872	Delora
4873	Norene
4874	Karina
4875	Seth
4876	Cornelius
4877	Merna
4878	Journey
4879	Karma
4880	Noemi
4881	Viola
4882	Cher
4883	Marylee
4884	Adolf
4885	Hayden
4886	Dannielle
4887	Ashtyn
4888	Josue
4889	Theodora
4890	Jovan
4891	Dorris
4892	Arminta
4893	Albertina
4894	Latesha
4895	Caiden
4896	Jaylyn
4897	Brent
4898	Dan
4899	Florian
4900	Arizona
4901	Georgia
4902	Eudora
4903	Lars
4904	Gaye
4905	Launa
4906	Hollie
4907	Dylan
4908	Geovanni
4909	Adalyn
4910	Romello
4911	Vanesa
4912	Jacquline
4913	Shaylee
4914	Antwan
4915	Pallie
4916	Ronan
4917	Yaretzi
4918	Nealie
4919	Ronaldo
4920	Garnet
4921	Luanne
4922	Marleigh
4923	Destiny
4924	Tena
4925	Ell
4926	Kesha
4927	Erla
4928	Billy
4929	Rosamond
4930	Caleigh
4931	Axel
4932	Trudie
4933	Rossie
4934	Flavia
4935	Cristy
4936	Ressie
4937	Luke
4938	Elyse
4939	Manuel
4940	Greta
4941	Lauryn
4942	Gerold
4943	Tempie
4944	Aiden
4945	Iris
4946	Plummer
4947	Lexis
4948	Sheyla
4949	Johny
4950	Deon
4951	Tana
4952	Akeelah
4953	Earlie
4954	Taryn
4955	Danny
4956	Winter
4957	Edith
4958	Walton
4959	Pearl
4960	Malaki
4961	Zita
4962	Jackeline
4963	Madalynn
4964	Caryl
4965	Lethia
4966	Hermann
4967	Frances
4968	Khloe
4969	Lesli
4970	Kirstin
4971	Devante
4972	Kia
4973	Almus
4974	Roni
4975	Orange
4976	Jeanie
4977	Guss
4978	Augustine
4979	Britany
4980	Jerica
4981	Emilie
4982	Lesly
4983	Brooks
4984	Dane
4985	Inger
4986	Rosemarie
4987	Blossom
4988	Camilla
4989	Belva
4990	Citlalli
4991	Cleda
4992	Katherin
4993	Walker
4994	Theodocia
4995	Bryce
4996	Antionette
4997	Rollo
4998	Chrissie
4999	Velda
5000	Elisa
5001	Maegan
5002	Lafe
5003	Joi
5004	Jerrie
5005	Reuben
5006	Samual
5007	Shannan
5008	Berton
5009	Clarence
5010	Thora
5011	Glenn
5012	Haiden
5013	Kimberlie
5014	Lawyer
5015	Yasmeen
5016	Fernanda
5017	Gennaro
5018	Ellwood
5019	Brenton
5020	Junius
5021	Alys
5022	Vergie
5023	Margarett
5024	Hymen
5025	Mattye
5026	Javon
5027	Kenneth
5028	Vivien
5029	Leyla
5030	Wilfredo
5031	Delpha
5032	Anderson
5033	Acy
5034	Mason
5035	Iyanna
5036	Katy
5037	Clarissa
5038	Russ
5039	Eric
5040	Weston
5041	Wesley
5042	Vera
5043	Noretta
5044	Mike
5045	Fredie
5046	Olena
5047	Sharde
5048	Alana
5049	Aimee
5050	Viva
5051	Lucia
5052	Ronda
5053	Pricilla
5054	Florine
5055	Chelsi
5056	Kevan
5057	Ozie
5058	Eliezer
5059	Barnie
5060	Dezzie
5061	Shauna
5062	Eleonora
5063	Hilary
5064	Wilhelm
5065	Nolen
5066	Toney
5067	Lurline
5068	Kaliyah
5069	Lawson
5070	Nathalie
5071	Autumn
5072	Ilma
5073	Raheem
5074	Karl
5075	Ronald
5076	Filomena
5077	Isam
5078	Marcello
5079	Reese
5080	Saundra
5081	Reynaldo
5082	Jalyn
5083	Jedidiah
5084	Rafael
5085	Tommie
5086	Gaither
5087	Abe
5088	Pauline
5089	Kale
5090	Palmer
5091	Lulla
5092	Marylyn
5093	Marni
5094	Jerimy
5095	Jenny
5096	Orland
5097	Seaborn
5098	Bambi
5099	Antione
5100	Maryjane
5101	Ryan
5102	Chantal
5103	Tameka
5104	Gale
5105	Ebba
5106	Kristopher
5107	Rosey
5108	Fallon
5109	Edra
5110	Chloie
5111	Cappie
5112	Parlee
5113	Damion
5114	Oswaldo
5115	Catina
5116	Deonte
5117	Ronin
5118	Rashawn
5119	Olie
5120	Loran
5121	Terry
5122	Odelia
5123	Mossie
5124	Price
5125	Ignatius
5126	Elaine
5127	Zhane
5128	Fletcher
5129	Jolette
5130	Barton
5131	Pearlene
5132	Kael
5133	Robert
5134	Marci
5135	Kelsie
5136	Hilmer
5137	Duane
5138	Shayne
5139	Makenna
5140	Roy
5141	Ashleigh
5142	Maximo
5143	Bryan
5144	Kamren
5145	Freeda
5146	Grayling
5147	Norah
5148	Carleigh
5149	Vinie
5150	Duncan
5151	Akira
5152	Jaret
5153	Sammy
5154	Lana
5155	Florence
5156	Karter
5157	Sumner
5158	Ciara
5159	Damaris
5160	Leticia
5161	David
5162	Sherwin
5163	Erving
5164	Essa
5165	Corbett
5166	Manley
5167	Dianne
5168	Ainsley
5169	Latoya
5170	Ashlea
5171	Leeroy
5172	Oralia
5173	Theresa
5174	China
5175	Gael
5176	Tillie
5177	Giovanni
5178	Imani
5179	Lera
5180	Montana
5181	Adison
5182	Marvel
5183	Viney
5184	Ouida
5185	Orren
5186	Gerhardt
5187	Dimitri
5188	Oran
5189	Cordie
5190	Memphis
5191	Cohen
5192	Arthor
5193	Lillis
5194	Orlo
5195	Chandra
5196	Joleen
5197	Mari
5198	Micky
5199	Purl
5200	Estella
5201	Joey
5202	Nash
5203	Unknown
5204	Jereme
5205	Elva
5206	Doll
5207	Rosanna
5208	Keegan
5209	Jabari
5210	Donn
5211	Vernia
5212	Sie
5213	Lott
5214	Anissa
5215	Calista
5216	Gwyn
5217	Cherrie
5218	Greg
5219	Daryn
5220	Elana
5221	Vivian
5222	Suzann
5223	Johnna
5224	Santana
5225	Nelda
5226	Jesus
5227	Betha
5228	Carleton
5229	Tawanda
5230	Emmaline
5231	Sigurd
5232	Rubie
5233	Saint
5234	Kody
5235	Wells
5236	Judith
5237	Marlana
5238	Ardelle
5239	Gerrit
5240	Silver
5241	Samie
5242	Mariana
5243	Rashad
5244	Mariela
5245	Giles
5246	Tonja
5247	Franklyn
5248	Fritz
5249	Treyton
5250	Loriann
5251	Drusilla
5252	Kenna
5253	Ambrose
5254	Odessa
5255	Alicia
5256	Aedan
5257	Jeraldine
5258	Sondra
5259	Abb
5260	Madelynn
5261	Goldia
5262	Talan
5263	Cordelia
5264	Aisha
5265	Weaver
5266	Evon
5267	Jannie
5268	Ximena
5269	Abel
5270	Arlis
5271	Keion
5272	Jobe
5273	Yulisa
5274	Manuelita
5275	Norris
5276	Kenan
5277	Margarita
5278	Lucindy
5279	Gussie
5280	Isadore
5281	Nikolai
5282	Neta
5283	Georganna
5284	Wilson
5285	Elden
5286	Domenica
5287	Clella
5288	Jaye
5289	Dionicio
5290	Courtney
5291	Christian
5292	Kim
5293	Stephani
5294	Luvenia
5295	Shyann
5296	Amie
5297	Stacey
5298	Nettie
5299	Merrily
5300	Adrianna
5301	Ann
5302	Yancy
5303	Idabelle
5304	Tye
5305	Desmond
5306	Edla
5307	Shad
5308	Lina
5309	Arvo
5310	Shalon
5311	Shawnda
5312	Clora
5313	Roberto
5314	Hideo
5315	Barron
5316	Enrique
5317	Thresa
5318	Diann
5319	Vina
5320	Elvia
5321	Jazmin
5322	Guilford
5323	Delphin
5324	Sandy
5325	Nikhil
5326	Senora
5327	Davina
5328	Abram
5329	Mai
5330	Susanne
5331	Donte
5332	Walt
5333	Kiana
5334	Clementina
5335	Jensen
5336	Chadrick
5337	Mylie
5338	Debbra
5339	Felicitas
5340	Jermain
5341	Leland
5342	Maurice
5343	Bonita
5344	Odus
5345	Merwin
5346	Lizzie
5347	Emilee
5348	Toy
5349	Myrna
5350	Emily
5351	Clarabelle
5352	Veronica
5353	Collins
5354	Xander
5355	Vertie
5356	Aleena
5357	Cambria
5358	Berneice
5359	Byron
5360	Aleck
5361	Rolanda
5362	Lashonda
5363	Lossie
5364	Vilma
5365	Crete
5366	Talmage
5367	Lindell
5368	Ardelia
5369	Verona
5370	Alvie
5371	Thornton
5372	Merle
5373	Laquan
5374	Hansford
5375	Othel
5376	Lilliana
5377	Alesia
5378	Jaylah
5379	Shelby
5380	Destinee
5381	Delilah
5382	Ima
5383	Thomasina
5384	Jamari
5385	Valentino
5386	Volney
5387	Kelley
5388	Doretha
5389	Damari
5390	Nya
5391	Damien
5392	Tariq
5393	Donnie
5394	Edie
5395	Rosaria
5396	Theophile
5397	Ramona
5398	Elliott
5399	Coley
5400	Jaylene
5401	Rosalinda
5402	Brisa
5403	Brandie
5404	Gianni
5405	Jamarcus
5406	Elwin
5407	Kaci
5408	Ariella
5409	Hadassah
5410	Billie
5411	Arnav
5412	Etha
5413	Lanette
5414	Dena
5415	Evan
5416	Zada
5417	Simon
5418	Orah
5419	Alvina
5420	Telly
5421	Kevin
5422	Jarred
5423	Raquel
5424	Dillion
5425	Cordella
5426	Kiersten
5427	Hillary
5428	Kayleen
5429	Livia
5430	Harper
5431	Ean
5432	Hershel
5433	Evelynn
5434	Will
5435	Rosalind
5436	Maxine
5437	Annis
5438	Arah
5439	Eloise
5440	Carlotta
5441	Donaciano
5442	Camisha
5443	Alwilda
5444	Rebecca
5445	Carole
5446	Ennis
5447	Torry
5448	Hazle
5449	Leafy
5450	Norman
5451	Gerda
5452	Kenisha
5453	Myrtie
5454	Tashina
5455	Alwina
5456	Attie
5457	Shaquita
5458	Nonie
5459	Cherish
5460	Andria
5461	Rod
5462	Aylin
5463	Amasa
5464	Zain
5465	Marely
5466	Harlon
5467	Santina
5468	Chance
5469	Lidia
5470	Ulises
5471	Doris
5472	Stevan
5473	Gigi
5474	Cherie
5475	Chrissy
5476	Kalie
5477	Vennie
5478	Edd
5479	Nevaeh
5480	Kalvin
5481	Jackie
5482	Shanon
5483	Justice
5484	Ogden
5485	Cody
5486	Siddie
5487	Sally
5488	Wm
5489	Mira
5490	Mansfield
5491	Mathews
5492	Jayme
5493	Caryn
5494	Zackery
5495	Alexandria
5496	Roel
5497	Chasity
5498	Madisen
5499	Cam
5500	Guthrie
5501	Julie
5502	Jamya
5503	Sabra
5504	Salvatore
5505	Seneca
5506	Verne
5507	Willie
5508	Ernesto
5509	Hernan
5510	Shanice
5511	Brendan
5512	Marti
5513	Wes
5514	Reno
5515	Rochelle
5516	Taliyah
5517	Ione
5518	Valentina
5519	Brea
5520	Meghann
5521	Leta
5522	Jonas
5523	Eve
5524	Zina
5525	Clementine
5526	Twyla
5527	Dalvin
5528	Loria
5529	Ferrell
5530	Haleigh
5531	Young
5532	Devonte
5533	Pinkney
5534	Jeramie
5535	Arlene
5536	Breann
5537	Fleet
5538	Annamarie
5539	Elia
5540	Burr
5541	Kecia
5542	Eddie
5543	Deshaun
5544	Charleen
5545	Marilou
5546	Francine
5547	Britney
5548	Elodie
5549	Ermine
5550	Percy
5551	Nada
5552	Harman
5553	Eliza
5554	Kaylee
5555	Zachariah
5556	Jaylee
5557	Yusuf
5558	Vernelle
5559	Gardner
5560	Queen
5561	Rodney
5562	Renada
5563	Encarnacion
5564	Miles
5565	Annabella
5566	Esker
5567	Shari
5568	Shira
5569	Humphrey
5570	Yolonda
5571	Ollie
5572	Kianna
5573	Delta
5574	Shasta
5575	Linda
5576	Glinda
5577	Nello
5578	Alwin
5579	Babe
5580	Abraham
5581	Sharon
5582	Cherise
5583	Edson
5584	Riya
5585	Exie
5586	Randell
5587	Electa
5588	Joesph
5589	Hampton
5590	Elijah
5591	Harm
5592	Whitney
5593	Shyheim
5594	Austen
5595	Merrill
5596	Littleton
5597	Emit
5598	Zollie
5599	Tripp
5600	Jayla
5601	Elisha
5602	Susie
5603	Linna
5604	Lottie
5605	Rhianna
5606	Vallie
5607	Jerilyn
5608	Phoenix
5609	Spurgeon
5610	Che
5611	Paris
5612	Socorro
5613	Malissie
5614	Loy
5615	Nona
5616	Shana
5617	Cressie
5618	Prudie
5619	Gena
5620	Elissa
5621	Lionel
5622	Judson
5623	Brooklynn
5624	Carolina
5625	Jaxton
5626	Cathern
5627	Justen
5628	Adriene
5629	Jayvion
5630	Lia
5631	Kenia
5632	Sarina
5633	Lary
5634	Elmo
5635	Arminda
5636	Dilan
5637	Clement
5638	Tamie
5639	Cleva
5640	Theola
5641	Kimora
5642	Bridget
5643	Maxx
5644	Jess
5645	Gwenda
5646	Mariann
5647	Karlee
5648	Shelvia
5649	Andres
5650	Elfie
5651	Linton
5652	Blanca
5653	Hezzie
5654	Darien
5655	Luana
5656	Wayde
5657	Rylan
5658	Ronal
5659	Charissa
5660	Keven
5661	Eugenie
5662	Zilpah
5663	Natalia
5664	Nana
5665	Ferd
5666	Nikia
5667	Javen
5668	Tavon
5669	Matt
5670	Felton
5671	Keara
5672	Lavonne
5673	Mohammad
5674	Beatrix
5675	Lulah
5676	Arley
5677	Delcie
5678	Andon
5679	Trent
5680	Harlan
5681	Rosia
5682	Pernell
5683	Elgin
5684	Aubrie
5685	Shan
5686	Tamiko
5687	Tyrese
5688	Maynard
5689	Caydence
5690	Dimple
5691	Meggan
5692	Louella
5693	Marvin
5694	Skyla
5695	Ayden
5696	Dorathea
5697	Darl
5698	Kloe
5699	Helen
5700	Roosevelt
5701	James
5702	Caitlin
5703	Enzo
5704	Joan
5705	Lasonya
5706	Delano
5707	Hiram
5708	Maria
5709	Kadijah
5710	Hughie
5711	Thompson
5712	Verla
5713	Micaela
5714	Columbia
5715	Charley
5716	Rahn
5717	Afton
5718	Keila
5719	Kittie
5720	Briana
5721	Merilyn
5722	Alivia
5723	Chancy
5724	Simeon
5725	Lorrayne
5726	Brandy
5727	Henry
5728	Ona
5729	Hobart
5730	Tracee
5731	Lyndon
5732	Everet
5733	Makena
5734	Isidor
5735	Jabez
5736	Keenen
5737	Kenley
5738	Jones
5739	Bryson
5740	Rudy
5741	Kaleigh
5742	Arlin
5743	Armando
5744	June
5745	Laurie
5746	Ardath
5747	Carlyle
5748	Bjorn
5749	Judd
5750	Christel
5751	Halbert
5752	Dakotah
5753	Brody
5754	Carsen
5755	Phyllis
5756	Miner
5757	Buena
5758	Jeffrey
5759	Lalla
5760	Louann
5761	Bill
5762	Kiyoko
5763	Onnie
5764	Davy
5765	Gina
5766	Asbury
5767	Eboni
5768	Woodroe
5769	Samira
5770	Margarete
5771	Gretchen
5772	Pinkey
5773	Dennie
5774	Bruno
5775	Arne
5776	Frederica
5777	Karon
5778	Pearlie
5779	Annalise
5780	Delmas
5781	Kendall
5782	Hartwell
5783	Gilmore
5784	Staci
5785	Dillard
5786	Emmit
5787	Olivine
5788	Lucile
5789	Saverio
5790	Echo
5791	Maida
5792	Marleen
5793	Catrina
5794	Darron
5795	Donato
5796	Shirl
5797	Dawne
5798	Lucian
5799	Jimmy
5800	Hughes
5801	Caitlyn
5802	Aletha
5803	Alto
5804	Johannah
5805	Bailee
5806	Autry
5807	Jorden
5808	Leo
5809	Tre
5810	Fonda
5811	Assunta
5812	Friend
5813	Brock
5814	Ah
5815	Dolores
5816	Braylon
5817	Johathan
5818	Elliot
5819	Nola
5820	Kamilah
5821	Latifah
5822	Araceli
5823	Kathleen
5824	Horace
5825	Ezell
5826	Theodore
5827	Ula
5828	Holden
5829	Haden
5830	Talia
5831	Randal
5832	Mac
5833	Maureen
5834	Arlyn
5835	Dustyn
5836	Amani
5837	Eli
5838	Rich
5839	Eddy
5840	Evelina
5841	Khadijah
5842	Jaylynn
5843	Audrina
5844	Gearldine
5845	Shania
5846	Leonie
5847	Winnifred
5848	Matteo
5849	Delinda
5850	Pairlee
5851	Tai
5852	Conner
5853	Harrold
5854	Crawford
5855	Torrie
5856	Dani
5857	Josiah
5858	Bess
5859	Myrl
5860	Jaquez
5861	Avah
5862	Shayla
5863	Bethann
5864	Tatsuo
5865	Braden
5866	Tyesha
5867	Lani
5868	Shayna
5869	Leora
5870	Kyla
5871	Carli
5872	Marshal
5873	Rashida
5874	Margot
5875	Danica
5876	Ruffus
5877	Marcela
5878	Lesta
5879	Goldie
5880	Jerold
5881	Anjelica
5882	Roseann
5883	King
5884	Tab
5885	Clifford
5886	Elenora
5887	Rodrick
5888	Dalia
5889	Bliss
5890	Penni
5891	Coleman
5892	Imanol
5893	Hanna
5894	Thomas
5895	Lorna
5896	Spenser
5897	Lylah
5898	Shafter
5899	Darryle
5900	Bertie
5901	Marianita
5902	Slade
5903	Les
5904	Dayna
5905	Elouise
5906	Derald
5907	Lilla
5908	Severo
5909	Clydie
5910	Mills
5911	Jesse
5912	Guido
5913	Cali
5914	Gabriella
5915	Gwendolyn
5916	Takisha
5917	Harvy
5918	Rosalee
5919	Nils
5920	Debbie
5921	Jalisa
5922	Keyon
5923	Elroy
5924	Golden
5925	Kalyn
5926	Villa
5927	Scottie
5928	Son
5929	Carolann
5930	Alayna
5931	Tyreek
5932	Lillard
5933	Lillia
5934	Britta
5935	Rhea
5936	Lum
5937	Rice
5938	Lizabeth
5939	Liston
5940	Creed
5941	Ward
5942	Roxanna
5943	Noah
5944	Vena
5945	Adyson
5946	Tori
5947	Hamza
5948	Brennon
5949	Tavian
5950	Jahir
5951	Coraima
5952	Bertina
5953	Noemie
5954	Floyd
5955	Ceil
5956	Nancie
5957	Arline
5958	Ellar
5959	Patience
5960	Armond
5961	Harrison
5962	Deneen
5963	Rocky
5964	Jaxson
5965	Esperanza
5966	Fate
5967	Laddie
5968	Tiffanie
5969	Kian
5970	Luna
5971	Isadora
5972	Taft
5973	Melina
5974	Girtha
5975	Wilhelmina
5976	Barb
5977	Torrence
5978	Anton
5979	Clemence
5980	Adella
5981	Latoria
5982	Markell
5983	Julissa
5984	Concepcion
5985	Addison
5986	Jarrell
5987	Berniece
5988	Deontae
5989	Ala
5990	Amina
5991	Cydney
5992	Teela
5993	Clint
5994	Clarine
5995	Drury
5996	Hezekiah
5997	Laurel
5998	Trenton
5999	Aubree
6000	Armida
6001	Marcella
6002	Amerigo
6003	Kadin
6004	Bradly
6005	Mabelle
6006	Savon
6007	Kanye
6008	Chaim
6009	Zana
6010	Julianna
6011	Wilbur
6012	Hailee
6013	Shona
6014	Freeman
6015	Danielle
6016	Alphonsine
6017	Winifred
6018	Affie
6019	Thor
6020	Jacey
6021	Marques
6022	Keesha
6023	Odin
6024	Baylee
6025	Jerome
6026	Emelia
6027	Boris
6028	Collie
6029	Lavada
6030	Anya
6031	Ridge
6032	Kirt
6033	Mateo
6034	Tiesha
6035	Gerri
6036	Ezzard
6037	Ashlynn
6038	Jovanni
6039	Teressa
6040	Leala
6041	Hilton
6042	Sherrie
6043	Sawyer
6044	Clytie
6045	Codi
6046	Lila
6047	Dayami
6048	Jeffry
6049	Redmond
6050	Kalen
6051	Barrett
6052	Rand
6053	Lem
6054	Shanae
6055	Hessie
6056	Dante
6057	Tristen
6058	Saniyah
6059	Audriana
6060	Maceo
6061	Julia
6062	Lynnette
6063	Eden
6064	Windell
6065	Albert
6066	Fern
6067	Logan
6068	Allean
6069	Triston
6070	Bobbye
6071	Wendel
6072	Kareen
6073	Adriana
6074	Tia
6075	Gilmer
6076	Giuliana
6077	Loring
6078	Jameel
6079	Booker
6080	Dean
6081	Eleanora
6082	Jana
6083	Michelle
6084	Kati
6085	Madora
6086	Janyce
6087	Alzina
6088	Jesica
6089	Eulalie
6090	Easter
6091	Dominik
6092	Fleming
6093	Georgine
6094	Meredith
6095	Thurston
6096	Carey
6097	Miriah
6098	Santos
6099	Max
6100	Armani
6101	Thedore
6102	Jaquelin
6103	Prudence
6104	Alina
6105	Janna
6106	Oma
6107	Alpheus
6108	Marietta
6109	Jamey
6110	Gregory
6111	Angelica
6112	Minna
6113	Lorraine
6114	Durwood
6115	Christal
6116	Washington
6117	Nehemiah
6118	Kathlyn
6119	Kole
6120	Jemima
6121	Magdalena
6122	Domonique
6123	Lakeisha
6124	Mohammed
6125	Amanda
6126	Effa
6127	Yamilet
6128	Finn
6129	Angeline
6130	Audie
6131	Glendora
6132	Rae
6133	Kurt
6134	Kyleigh
6135	Melony
6136	Corinne
6137	Gertrude
6138	Adron
6139	Jerrel
6140	Garth
6141	Bryanna
6142	Quiana
6143	Hardy
6144	Sherry
6145	Pryor
6146	Lisandro
6147	Cathey
6148	Ninnie
6149	Marisa
6150	Jamel
6151	Cleo
6152	Francisca
6153	Jonna
6154	Brant
6155	Dessie
6156	Noma
6157	Miguelangel
6158	Laisha
6159	Tawnya
6160	Blanchie
6161	Glennie
6162	Ailene
6163	Ottis
6164	Lambert
6165	Luda
6166	Gannon
6167	Theo
6168	Lulu
6169	Raelynn
6170	Sydell
6171	Luz
6172	Georgiann
6173	Astrid
6174	Camron
6175	Carmella
6176	Kristoffer
6177	Bristol
6178	Latrina
6179	Dillan
6180	Celeste
6181	Bobbie
6182	Lorine
6183	Georgette
6184	Rosalia
6185	Adrianne
6186	Lorenza
6187	Declan
6188	Traci
6189	Sloane
6190	Falon
6191	Loretto
6192	Yoselin
6193	Josh
6194	Fidelia
6195	Kaila
6196	Mahala
6197	Misael
6198	Joana
6199	Grove
6200	Elaina
6201	Consuela
6202	Deetta
6203	Brain
6204	Cordia
6205	Deondre
6206	Warren
6207	Damian
6208	Anwar
6209	Brandon
6210	Nichelle
6211	Marilee
6212	Roxy
6213	Curt
6214	Manson
6215	Missouri
6216	Richie
6217	Tuan
6218	Skip
6219	Ozell
6220	Champ
6221	Matie
6222	Clay
6223	Liddie
6224	Jeane
6225	Leslie
6226	Lashawn
6227	Tyrell
6228	Brynlee
6229	Brayan
6230	Alyssia
6231	Almina
6232	Eugenio
6233	Ingeborg
6234	Auther
6235	Preston
6236	Long
6237	Margaret
6238	Leana
6239	Maverick
6240	Lamar
6241	Doshie
6242	Queenie
6243	Rosevelt
6244	Calla
6245	Silvio
6246	Mirtie
6247	Kelvin
6248	Howard
6249	Justus
6250	Gerard
6251	Benjiman
6252	Mitchell
6253	Fronia
6254	Halsey
6255	Rosina
6256	Rex
6257	Casper
6258	Domenick
6259	Glen
6260	Maranda
6261	Tari
6262	Gaynell
6263	Aarav
6264	Braydon
6265	Ansel
6266	Nakia
6267	Winthrop
6268	Shantel
6269	Consuelo
6270	Sylas
6271	Zela
6272	Miah
6273	Irven
6274	Tollie
6275	Georgeann
6276	Daisha
6277	Ilona
6278	Jamie
6279	Dewitt
6280	Anie
6281	Dosia
6282	Ephraim
6283	Lonzo
6284	Montie
6285	Tami
6286	Albertha
6287	Lulie
6288	Kaitlin
6289	Dandre
6290	Terell
6291	Enriqueta
6292	Katrina
6293	Mahalie
6294	Lorenzo
6295	Lita
6296	Elvin
6297	Omer
6298	Tad
6299	Dorsey
6300	Kristen
6301	Annamae
6302	Lailah
6303	Addyson
6304	Victoriano
6305	Kya
6306	Theta
6307	Fannye
6308	Montel
6309	Honora
6310	Hazen
6311	Delisa
6312	Lydell
6313	Marjorie
6314	Joellen
6315	Joell
6316	Duff
6317	Octavia
6318	Rella
6319	Jaylan
6320	Nanie
6321	Gusta
6322	Maliyah
6323	Timothy
6324	Cheyenne
6325	Lillianna
6326	Vonnie
6327	Bessie
6328	Jaycee
6329	Melville
6330	Tyron
6331	Shavon
6332	Florencio
6333	Christ
6334	Elberta
6335	Natosha
6336	Alvaro
6337	Deward
6338	Ciarra
6339	Levin
6340	Beverlee
6341	Jonatan
6342	Jace
6343	Cristine
6344	Kayleigh
6345	Zachary
6346	Lonie
6347	Pam
6348	Roll
6349	Antonia
6350	Darry
6351	Chancey
6352	Roxane
6353	Grisel
6354	Oral
6355	Brinda
6356	Denine
6357	Jaquan
6358	Luther
6359	Cloyd
6360	Elmire
6361	Jim
6362	Ivie
6363	Alvan
6364	Jena
6365	Parley
6366	Jacquez
6367	Lois
6368	Nunzio
6369	Bettina
6370	Jared
6371	Isabella
6372	Landin
6373	Darwin
6374	Erin
6375	Burgess
6376	Mikaela
6377	Dionte
6378	Esther
6379	Anais
6380	Sada
6381	Jossie
6382	Kylie
6383	Belinda
6384	Chelsey
6385	North
6386	Texie
6387	Alston
6388	Candace
6389	Kaitlyn
6390	Alleen
6391	Watt
6392	Rosario
6393	Davey
6394	Davon
6395	Tasia
6396	Velvet
6397	Wright
6398	Allen
6399	Nery
6400	Earlene
6401	Georgiana
6402	Mallie
6403	Iva
6404	Janell
6405	Tommy
6406	Zeno
6407	Trinidad
6408	Lolita
6409	Branson
6410	Lessie
6411	Milagros
6412	Kailee
6413	Jazmyne
6414	Carson
6415	Tarsha
6416	Adelbert
6417	Karissa
6418	Gail
6419	Velma
6420	Jan
6421	Lovett
6422	Cristen
6423	Estefany
6424	Kendrick
6425	Zelpha
6426	Gaines
6427	Lisette
6428	Elvina
6429	Lark
6430	Sunny
6431	Olevia
6432	Paige
6433	Wayman
6434	Tex
6435	Margueritte
6436	Major
6437	Egbert
6438	Michal
6439	Dillie
6440	Tyra
6441	Dempsey
6442	Taniya
6443	Bernardo
6444	Brien
6445	Lemmie
6446	Arlyne
6447	Dustan
6448	Brayden
6449	Montrell
6450	Brande
6451	Sherri
6452	Ozzie
6453	Hence
6454	Maryanne
6455	Dusty
6456	Gus
6457	Ashton
6458	Johnny
6459	Brooke
6460	Kylan
6461	Guy
6462	Glynis
6463	Danelle
6464	Hope
6465	Moses
6466	Quinn
6467	Pascal
6468	Genie
6469	Kattie
6470	Lamonte
6471	Zaria
6472	Kinte
6473	Lilah
6474	Akeem
6475	Diego
6476	Denisha
6477	Cleveland
6478	Sable
6479	Jennie
6480	Stella
6481	Mose
6482	Leon
6483	Coen
6484	Adrienne
6485	Joanna
6486	Dorinda
6487	Carlton
6488	Gifford
6489	Bettylou
6490	Deanna
6491	Boysie
6492	Mckinley
6493	Desiree
6494	Arden
6495	Ardyce
6496	Nanette
6497	Rodrigo
6498	Arno
6499	Octa
6500	Therese
6501	Abelardo
6502	Alysa
6503	Lige
6504	Zakary
6505	Donavan
6506	Elinor
6507	Pepper
6508	Millicent
6509	Raquan
6510	Estefani
6511	Casimiro
6512	Nancy
6513	Bernice
6514	Jeanine
6515	Kaycee
6516	Anders
6517	Dedric
6518	Perri
6519	Chaya
6520	Kaylan
6521	Trey
6522	Texanna
6523	Bryn
6524	Landyn
6525	Raiden
6526	Chase
6527	Colby
6528	Mendy
6529	Rosabelle
6530	Savanna
6531	Garnett
6532	Lovey
6533	Jordin
6534	Tyrin
6535	Shonna
6536	Deacon
6537	Werner
6538	Karyn
6539	Aracely
6540	Conrad
6541	Tatum
6542	Maryjo
6543	Jailyn
6544	Tolbert
6545	Arianna
6546	Herschel
6547	Alyssa
6548	London
6549	Alfreda
6550	Mat
6551	Bowman
6552	Murdock
6553	Janay
6554	Elmore
6555	Needham
6556	Marita
6557	Evander
6558	Khari
6559	Shade
6560	Tamara
6561	Sherie
6562	Jose
6563	Haven
6564	Alyse
6565	Jaelyn
6566	Buel
6567	Roberta
6568	Siena
6569	Westin
6570	Karan
6571	Devontae
6572	Watson
6573	Noreen
6574	Eliot
6575	Mozelle
6576	Aniyah
6577	Kaya
6578	Cheyanne
6579	Colton
6580	Lesia
6581	Byrdie
6582	Hilario
6583	Ethelyn
6584	Millie
6585	Corliss
6586	Chanel
6587	Boyd
6588	Louis
6589	Luella
6590	Tate
6591	Willian
6592	Hanson
6593	Tucker
6594	Hiroshi
6595	Simpson
6596	Maya
6597	Lady
6598	Darryll
6599	Raphael
6600	Breanna
6601	Fred
6602	Kenji
6603	Tobi
6604	Matilde
6605	Jadyn
6606	Marshall
6607	Harriet
6608	Tandy
6609	Cleave
6610	Sean
6611	Shaun
6612	Murray
6613	Yaakov
6614	Rexford
6615	Wilda
6616	Marcia
6617	Aili
6618	Clarinda
6619	Anita
6620	Ava
6621	Shawnte
6622	Kyree
6623	Uriel
6624	Laraine
6625	Parthenia
6626	Ever
6627	Kaela
6628	Coy
6629	Kieran
6630	Evelyn
6631	Abbott
6632	Daijah
6633	Herb
6634	Elwanda
6635	Averi
6636	Adolph
6637	Ashlyn
6638	Corina
6639	Phylicia
6640	Dondre
6641	Carolyn
6642	Howell
6643	Erick
6644	Isreal
6645	Jaymes
6646	Kinsley
6647	Reino
6648	Chauncey
6649	Cori
6650	Luberta
6651	Marcelino
6652	Lavona
6653	Elvira
6654	Esmeralda
6655	Loraine
6656	Tessa
6657	Jerri
6658	Percival
6659	Chaz
6660	Karli
6661	Elizabeth
6662	Kiarra
6663	Antoine
6664	Newman
6665	Zayne
6666	Kelly
6667	Susannah
6668	Ruby
6669	Artis
6670	Annabell
6671	Jody
6672	Keisha
6673	Luca
6674	Kaylah
6675	Augusta
6676	Serenity
6677	Kade
6678	Worley
6679	Hayley
6680	Katelyn
6681	Brittnee
6682	Crystal
6683	Beecher
6684	Dahlia
6685	Harvie
6686	Cato
6687	Dabney
6688	Marion
6689	Judyth
6690	Violeta
6691	Buddy
6692	Cathryn
6693	Mayo
6694	Baylie
6695	Erica
6696	Liliana
6697	Wilfrid
6698	Enid
6699	Hall
6700	Tyrek
6701	Schley
6702	Shelli
6703	Angelic
6704	Hervey
6705	Sierra
6706	Yee
6707	Malik
6708	Jaclyn
6709	Sherwood
6710	Tresa
6711	Alden
6712	Bartley
6713	Alexandr
6714	Travon
6715	Alek
6716	Izora
6717	Misty
6718	Nedra
6719	Aggie
6720	Joeseph
6721	Reba
6722	Jade
6723	Whitley
6724	Chadwick
6725	Kenny
6726	Lauri
6727	Sharyn
6728	Burnice
6729	Curtis
6730	Truman
6731	Ryland
6732	Peter
6733	Tiara
6734	Crissy
6735	Derick
6736	Estelle
6737	Hildur
6738	Sasha
6739	Ruben
6740	Yetta
6741	Warner
6742	Abbey
6743	Efren
6744	Liberty
6745	Gasper
6746	Shirlee
6747	Marva
6748	Quinton
6749	Bridgett
6750	Alejandro
6751	Derrek
6752	Fitzhugh
6753	Kassandra
6754	Leesa
6755	Arla
6756	Manie
6757	Fae
6758	Lala
6759	Fount
6760	Lula
6761	Cristian
6762	Zeke
6763	Hannah
6764	Toni
6765	Adline
6766	Alison
6767	Love
6768	Aria
6769	Starr
6770	Liz
6771	Iver
6772	Arnie
6773	Dimitrios
6774	Irving
6775	Casandra
6776	Euphemia
6777	Randle
6778	Dina
6779	Shenna
6780	Dijon
6781	Scot
6782	Aleen
6783	Leota
6784	Tobie
6785	Azalee
6786	Mila
6787	Huldah
6788	Evangeline
6789	Carlisle
6790	Captain
6791	Flor
6792	Else
6793	Trevion
6794	Issac
6795	Aden
6796	Katherine
6797	Taya
6798	Anona
6799	Krysta
6800	Kunta
6801	Stafford
6802	Hedwig
6803	Erasmo
6804	Fielding
6805	Ciji
6806	Emilia
6807	Sadye
6808	Denis
6809	Carroll
6810	Rueben
6811	Karsyn
6812	Maia
6813	Hollis
6814	Olar
6815	Elby
6816	Shiloh
6817	Tennille
6818	Solon
6819	Bryon
6820	Megan
6821	Casimir
6822	Tenisha
6823	Manuela
